timestamp_utc,sensor,internal_temp,pressure,external_temp,humidity,solar_irradiance,wind_speed,time_local
2025-03-23 12:00:00+00:00,01.West.120,23.275,1003.9608,17.6245,52.38333333333333,566.6666666666666,0.23097067,2025-03-23 13:00:00+01:00
2025-03-23 13:00:00+00:00,01.West.120,22.95,1004.0534,17.818666,50.083333333333336,307.76666666666665,0.089408,2025-03-23 14:00:00+01:00
2025-03-23 14:00:00+00:00,01.West.120,22.8,1004.26166,17.683332,50.2,207.26666666666668,0.0,2025-03-23 15:00:00+01:00
2025-03-23 15:00:00+00:00,01.West.120,22.633333333333336,1004.6798,17.728,51.38333333333333,174.1,0.03725333,2025-03-23 16:00:00+01:00
2025-03-23 16:00:00+00:00,01.West.120,22.516666666666666,1005.53656,15.142,61.35,40.85,0.029802667,2025-03-23 17:00:00+01:00
2025-03-23 17:00:00+00:00,01.West.120,22.416666666666668,1006.27203,14.380666,63.56666666666667,5.466666666666667,0.022352,2025-03-23 18:00:00+01:00
2025-03-23 18:00:00+00:00,01.West.120,22.333333333333332,1007.0983,13.851666,65.93333333333334,0.0,0.0,2025-03-23 19:00:00+01:00
2025-03-23 19:00:00+00:00,01.West.120,22.21666666666667,1008.0177,12.9748335,70.7,0.0,0.0,2025-03-23 20:00:00+01:00
2025-03-23 20:00:00+00:00,01.West.120,22.2,1008.8485,12.4205,73.11666666666666,0.0,0.0,2025-03-23 21:00:00+01:00
2025-03-23 21:00:00+00:00,01.West.120,22.100000000000005,1009.4812,12.320833,74.33333333333333,0.0,0.0,2025-03-23 22:00:00+01:00
2025-03-23 22:00:00+00:00,01.West.120,22.083333333333332,1009.8627,12.309999,74.46666666666667,0.0,0.0,2025-03-23 23:00:00+01:00
2025-03-23 23:00:00+00:00,01.West.120,22.05,1010.1545,12.1255,73.81666666666666,0.0,0.0,2025-03-24 00:00:00+01:00
2025-03-24 00:00:00+00:00,01.West.120,22.066666666666666,1010.46155,11.731334,74.38333333333334,0.0,0.0,2025-03-24 01:00:00+01:00
2025-03-24 01:00:00+00:00,01.West.120,22.066666666666666,1010.781,11.3306675,77.91666666666667,0.0,0.0,2025-03-24 02:00:00+01:00
2025-03-24 02:00:00+00:00,01.West.120,22.03333333333333,1010.8588,11.025333,80.71666666666667,0.0,0.0,2025-03-24 03:00:00+01:00
2025-03-24 03:00:00+00:00,01.West.120,22.0,1011.07336,10.3815,83.18333333333334,0.0,0.0,2025-03-24 04:00:00+01:00
2025-03-24 04:00:00+00:00,01.West.120,21.96666666666667,1011.54407,10.476,84.95,0.0,0.0,2025-03-24 05:00:00+01:00
2025-03-24 05:00:00+00:00,01.West.120,21.95,1012.332,9.938833,85.11666666666666,0.5833333333333334,0.23097067,2025-03-24 06:00:00+01:00
2025-03-24 06:00:00+00:00,01.West.120,21.833333333333332,1013.32355,9.0789995,87.05,17.916666666666668,0.0,2025-03-24 07:00:00+01:00
2025-03-24 07:00:00+00:00,01.West.120,21.833333333333332,1014.0985,9.310333,87.25,75.28333333333333,0.0149013335,2025-03-24 08:00:00+01:00
2025-03-24 08:00:00+00:00,01.West.120,22.05,1014.61945,10.5145,85.85,203.58333333333334,0.0,2025-03-24 09:00:00+01:00
2025-03-24 09:00:00+00:00,01.West.120,22.18,1015.2076,11.006333,82.08333333333333,228.85,0.029802667,2025-03-24 10:00:00+01:00
2025-03-24 11:00:00+00:00,01.West.120,22.65,1016.24097,12.478167,70.88333333333334,484.73333333333335,0.24587199,2025-03-24 12:00:00+01:00
2025-03-24 12:00:00+00:00,01.West.120,22.833333333333332,1016.7117,12.597334,69.25,354.6,0.24587199,2025-03-24 13:00:00+01:00
2025-03-24 13:00:00+00:00,01.West.120,22.833333333333332,1017.1869,10.96,74.76666666666667,203.21666666666667,0.096858665,2025-03-24 14:00:00+01:00
2025-03-24 14:00:00+00:00,01.West.120,22.55,1017.60455,9.999499,77.55,193.01666666666668,0.30547732,2025-03-24 15:00:00+01:00
2025-03-24 15:00:00+00:00,01.West.120,22.66,1017.8202,9.335,79.03333333333333,135.58333333333334,0.044704,2025-03-24 16:00:00+01:00
2025-03-24 16:00:00+00:00,01.West.120,22.733333333333334,1018.1723,8.08,81.93333333333334,39.13333333333333,0.30547732,2025-03-24 17:00:00+01:00
2025-03-24 17:00:00+00:00,01.West.120,22.400000000000002,1018.6041,7.4931664,83.21666666666667,10.35,0.36508265,2025-03-24 18:00:00+01:00
2025-03-24 18:00:00+00:00,01.West.120,22.166666666666668,1019.08105,7.041,83.28333333333333,0.0,0.0,2025-03-24 19:00:00+01:00
2025-03-24 19:00:00+00:00,01.West.120,22.05,1019.6561,6.4385,83.11666666666666,0.0,0.0,2025-03-24 20:00:00+01:00
2025-03-24 20:00:00+00:00,01.West.120,21.916666666666668,1020.16077,6.250833,84.0,0.0,0.0,2025-03-24 21:00:00+01:00
2025-03-24 21:00:00+00:00,01.West.120,21.866666666666664,1020.5304,6.1731668,84.31666666666666,0.0,0.0,2025-03-24 22:00:00+01:00
2025-03-24 22:00:00+00:00,01.West.120,21.8,1020.7347,6.7166667,83.9,0.0,0.0149013335,2025-03-24 23:00:00+01:00
2025-03-25 11:00:00+00:00,01.West.120,22.633333333333336,1020.9012,10.248334,79.31666666666666,354.48333333333335,1.1101494,2025-03-25 12:00:00+01:00
2025-03-25 12:00:00+00:00,01.West.120,22.8,1020.8442,10.707167,77.66666666666667,455.9,0.46939197,2025-03-25 13:00:00+01:00
2025-03-25 13:00:00+00:00,01.West.120,22.900000000000002,1020.61053,11.0303335,75.96666666666667,298.96666666666664,0.0,2025-03-25 14:00:00+01:00
2025-03-25 14:00:00+00:00,01.West.120,22.75,1020.6828,10.976833,73.78333333333333,159.25,0.625856,2025-03-25 15:00:00+01:00
2025-03-25 15:00:00+00:00,01.West.120,22.96666666666667,1020.6591,10.2975,75.01666666666667,75.03333333333333,0.65565866,2025-03-25 16:00:00+01:00
2025-03-25 16:00:00+00:00,01.West.120,23.060000000000002,1020.8267,9.929999,79.25,33.81666666666667,0.07450666,2025-03-25 17:00:00+01:00
2025-03-25 17:00:00+00:00,01.West.120,22.8,1021.1366,9.2755,84.95,9.016666666666667,0.06705599,2025-03-25 18:00:00+01:00
2025-03-25 18:00:00+00:00,01.West.120,22.566666666666666,1021.69025,8.925,86.03333333333333,0.0,0.029802667,2025-03-25 19:00:00+01:00
2025-03-25 19:00:00+00:00,01.West.120,22.366666666666664,1022.1643,8.9585,86.28333333333333,0.0,0.0149013335,2025-03-25 20:00:00+01:00
2025-03-25 20:00:00+00:00,01.West.120,22.233333333333334,1022.3822,8.951,87.1,0.0,0.0,2025-03-25 21:00:00+01:00
2025-03-25 21:00:00+00:00,01.West.120,22.166666666666668,1022.6847,8.774,87.88333333333334,0.0,0.0149013335,2025-03-25 22:00:00+01:00
2025-03-25 22:00:00+00:00,01.West.120,22.100000000000005,1023.0104,8.4715,88.0,0.0,0.0,2025-03-25 23:00:00+01:00
2025-03-25 23:00:00+00:00,01.West.120,22.016666666666666,1023.18365,7.853667,88.0,0.0,0.0,2025-03-26 00:00:00+01:00
2025-03-26 00:00:00+00:00,01.West.120,22.0,1023.3338,7.3353333,88.0,0.0,0.0,2025-03-26 01:00:00+01:00
2025-03-26 01:00:00+00:00,01.West.120,21.983333333333334,1023.2751,7.3575,88.0,0.0,0.0,2025-03-26 02:00:00+01:00
2025-03-26 02:00:00+00:00,01.West.120,21.933333333333334,1023.40717,7.5338335,88.0,0.0,0.0,2025-03-26 03:00:00+01:00
2025-03-26 03:00:00+00:00,01.West.120,21.916666666666668,1023.62274,7.7730002,88.0,0.0,0.0,2025-03-26 04:00:00+01:00
2025-03-26 04:00:00+00:00,01.West.120,21.88333333333333,1023.92926,7.75,88.0,0.0,0.0,2025-03-26 05:00:00+01:00
2025-03-26 05:00:00+00:00,01.West.120,21.88333333333333,1024.4146,7.6301665,88.0,1.0833333333333333,0.0,2025-03-26 06:00:00+01:00
2025-03-26 06:00:00+00:00,01.West.120,21.88333333333333,1024.7922,7.9708333,87.63333333333334,28.55,0.0,2025-03-26 07:00:00+01:00
2025-03-26 07:00:00+00:00,01.West.120,21.916666666666668,1025.1567,8.533,86.48333333333333,95.33333333333333,0.0149013335,2025-03-26 08:00:00+01:00
2025-03-26 08:00:00+00:00,01.West.120,22.25,1025.483,9.4445,83.8,152.5,0.08195733,2025-03-26 09:00:00+01:00
2025-03-26 09:00:00+00:00,01.West.120,22.516666666666666,1025.8352,10.364166,80.15,200.75,0.059605334,2025-03-26 10:00:00+01:00
2025-03-26 10:00:00+00:00,01.West.120,22.366666666666664,1026.1039,9.7126665,80.28333333333333,123.45,0.14901333,2025-03-26 11:00:00+01:00
2025-03-26 11:00:00+00:00,01.West.120,22.21666666666667,1025.9,10.1433325,78.68333333333334,185.46666666666667,0.03725333,2025-03-26 12:00:00+01:00
2025-03-26 12:00:00+00:00,01.West.120,22.233333333333334,1025.6287,11.378,73.01666666666667,268.2,0.022352,2025-03-26 13:00:00+01:00
2025-03-26 13:00:00+00:00,01.West.120,22.3,1025.255,12.224167,68.3,256.3833333333333,0.06705599,2025-03-26 14:00:00+01:00
2025-03-26 14:00:00+00:00,01.West.120,22.233333333333334,1025.1134,12.273666,67.11666666666666,205.15,0.07450666,2025-03-26 15:00:00+01:00
2025-03-26 15:00:00+00:00,01.West.120,22.183333333333334,1024.7125,12.225666,66.36666666666666,151.5,0.044704,2025-03-26 16:00:00+01:00
2025-03-26 16:00:00+00:00,01.West.120,22.05,1024.6578,12.703334,64.11666666666666,150.11666666666667,0.0074506667,2025-03-26 17:00:00+01:00
2025-03-26 17:00:00+00:00,01.West.120,22.0,1024.7922,11.168,67.93333333333334,33.13333333333333,0.0,2025-03-26 18:00:00+01:00
2025-03-26 18:00:00+00:00,01.West.120,21.866666666666664,1025.053,10.137333,72.33333333333333,0.48333333333333334,0.0,2025-03-26 19:00:00+01:00
2025-03-26 19:00:00+00:00,01.West.120,21.82,1025.1466,9.12,75.23333333333333,0.0,0.0,2025-03-26 20:00:00+01:00
2025-03-26 20:00:00+00:00,01.West.120,21.8,1025.1472,7.723167,79.85,0.0,0.0,2025-03-26 21:00:00+01:00
2025-03-26 21:00:00+00:00,01.West.120,21.78333333333333,1025.0427,6.6823335,83.76666666666667,0.0,0.0,2025-03-26 22:00:00+01:00
2025-03-26 22:00:00+00:00,01.West.120,21.683333333333334,1024.8977,5.9925,85.76666666666667,0.0,0.0,2025-03-26 23:00:00+01:00
2025-03-26 23:00:00+00:00,01.West.120,21.666666666666668,1024.7843,5.324667,86.93333333333334,0.0,0.0,2025-03-27 00:00:00+01:00
2025-03-27 00:00:00+00:00,01.West.120,21.683333333333334,1024.4784,4.8463335,87.76666666666667,0.0,0.0,2025-03-27 01:00:00+01:00
2025-03-27 01:00:00+00:00,01.West.120,21.61666666666667,1024.1409,4.3495,88.0,0.0,0.0,2025-03-27 02:00:00+01:00
2025-03-27 02:00:00+00:00,01.West.120,21.61666666666667,1023.7881,3.8103333,88.0,0.0,0.0,2025-03-27 03:00:00+01:00
2025-03-27 03:00:00+00:00,01.West.120,21.600000000000005,1023.6493,3.5193334,88.81666666666666,0.0,0.0,2025-03-27 04:00:00+01:00
2025-03-27 04:00:00+00:00,01.West.120,21.55,1023.2406,3.3586667,89.0,0.0,0.0,2025-03-27 05:00:00+01:00
2025-03-27 05:00:00+00:00,01.West.120,21.566666666666666,1023.1046,3.12,89.0,3.5166666666666666,0.0,2025-03-27 06:00:00+01:00
2025-03-27 06:00:00+00:00,01.West.120,21.8,1022.90936,4.5975003,89.0,62.95,0.0,2025-03-27 07:00:00+01:00
2025-03-27 07:00:00+00:00,01.West.120,22.933333333333334,1022.73663,6.986,88.78333333333333,146.2,0.13411199,2025-03-27 08:00:00+01:00
2025-03-27 08:00:00+00:00,01.West.120,23.233333333333334,1022.6779,9.302667,83.86666666666666,174.48333333333332,0.26822397,2025-03-27 09:00:00+01:00
2025-03-27 09:00:00+00:00,01.West.120,23.75,1022.5058,10.985999,73.81666666666666,347.4,0.78232,2025-03-27 10:00:00+01:00
2025-03-27 10:00:00+00:00,01.West.120,24.0,1022.3777,12.3446665,68.38333333333334,525.6833333333333,0.603504,2025-03-27 11:00:00+01:00
2025-03-27 11:00:00+00:00,01.West.120,23.916666666666668,1021.82574,13.401334,63.21666666666667,591.2833333333333,0.36508268,2025-03-27 12:00:00+01:00
2025-03-27 12:00:00+00:00,01.West.120,23.599999999999998,1021.15063,14.559,57.93333333333333,582.7666666666667,0.21606933,2025-03-27 13:00:00+01:00
2025-03-27 13:00:00+00:00,01.West.120,23.333333333333332,1020.3182,15.356334,56.81666666666667,519.0666666666667,0.16391467,2025-03-27 14:00:00+01:00
2025-03-27 14:00:00+00:00,01.West.120,23.083333333333332,1019.6246,15.6405,54.05,436.31666666666666,0.16391467,2025-03-27 15:00:00+01:00
2025-03-27 15:00:00+00:00,01.West.120,22.900000000000002,1018.92755,15.6865,55.05,324.95,0.044704,2025-03-27 16:00:00+01:00
2025-03-27 16:00:00+00:00,01.West.120,22.75,1018.42633,15.052334,56.18333333333333,176.05,0.14901333,2025-03-27 17:00:00+01:00
2025-03-27 17:00:00+00:00,01.West.120,22.683333333333334,1018.318,13.390667,59.9,25.333333333333332,0.022352,2025-03-27 18:00:00+01:00
2025-03-27 18:00:00+00:00,01.West.120,22.633333333333336,1018.33997,11.832667,65.26666666666667,0.65,0.0,2025-03-27 19:00:00+01:00
2025-03-27 19:00:00+00:00,01.West.120,22.55,1018.0606,9.6536665,72.73333333333333,0.0,0.0,2025-03-27 20:00:00+01:00
2025-03-27 20:00:00+00:00,01.West.120,22.5,1017.665,8.1785,78.48333333333333,0.0,0.0,2025-03-27 21:00:00+01:00
2025-03-27 21:00:00+00:00,01.West.120,22.4,1017.2298,7.3066664,81.88333333333334,0.0,0.0,2025-03-27 22:00:00+01:00
2025-03-27 22:00:00+00:00,01.West.120,22.333333333333332,1016.4921,6.5315003,84.0,0.0,0.0,2025-03-27 23:00:00+01:00
2025-03-27 23:00:00+00:00,01.West.120,22.233333333333334,1015.7065,6.1721663,85.46666666666667,0.0,0.0,2025-03-28 00:00:00+01:00
2025-03-28 00:00:00+00:00,01.West.120,22.2,1015.0682,6.1076665,86.13333333333334,0.0,0.0,2025-03-28 01:00:00+01:00
2025-03-28 01:00:00+00:00,01.West.120,22.2,1014.52576,6.6091666,86.01666666666667,0.0,0.0074506667,2025-03-28 02:00:00+01:00
2025-03-28 02:00:00+00:00,01.West.120,22.2,1013.9817,6.188333,86.26666666666667,0.0,0.0,2025-03-28 03:00:00+01:00
2025-03-28 03:00:00+00:00,01.West.120,22.2,1013.5144,6.5559998,87.1,0.0,0.07450666,2025-03-28 04:00:00+01:00
2025-03-28 04:00:00+00:00,01.West.120,22.2,1013.25476,6.7823334,88.0,0.0,0.06705599,2025-03-28 05:00:00+01:00
2025-03-28 05:00:00+00:00,01.West.120,22.21666666666667,1012.9195,6.927,88.03333333333333,0.7833333333333333,0.16391467,2025-03-28 06:00:00+01:00
2025-03-28 06:00:00+00:00,01.West.120,22.183333333333334,1012.9088,7.1246667,88.2,25.7,0.31292802,2025-03-28 07:00:00+01:00
2025-03-28 07:00:00+00:00,01.West.120,22.28333333333333,1012.8512,7.9046664,86.2,80.7,1.6540481,2025-03-28 08:00:00+01:00
2025-03-28 08:00:00+00:00,01.West.120,22.399999999999995,1012.7976,8.542666,82.16666666666667,113.5,1.8254132,2025-03-28 09:00:00+01:00
2025-03-28 09:00:00+00:00,01.West.120,22.4,1012.7513,9.371667,79.2,125.66666666666667,1.7062027,2025-03-28 10:00:00+01:00
2025-03-28 10:00:00+00:00,01.West.120,22.483333333333334,1012.33923,10.239333,76.88333333333334,171.33333333333334,1.3113173,2025-03-28 11:00:00+01:00
2025-03-28 11:00:00+00:00,01.West.120,22.483333333333334,1011.9583,11.0175,75.58333333333333,193.01666666666668,1.7285546,2025-03-28 12:00:00+01:00
2025-03-28 12:00:00+00:00,01.West.120,22.633333333333336,1011.62305,10.8376665,78.75,126.78333333333333,1.4826827,2025-03-28 13:00:00+01:00
2025-03-28 13:00:00+00:00,01.West.120,22.866666666666664,1011.1811,10.908,81.88333333333334,131.98333333333332,1.2442613,2025-03-28 14:00:00+01:00
2025-03-28 14:00:00+00:00,01.West.120,22.96666666666667,1010.7155,11.364333,81.53333333333333,78.91666666666667,1.34112,2025-03-28 15:00:00+01:00
2025-03-28 15:00:00+00:00,01.West.120,23.03333333333333,1010.5936,10.906834,84.01666666666667,47.85,0.89408,2025-03-28 16:00:00+01:00
2025-03-28 16:00:00+00:00,01.West.120,22.983333333333334,1010.88654,10.0494995,86.25,15.5,0.81212264,2025-03-28 17:00:00+01:00
2025-03-28 17:00:00+00:00,01.West.120,22.983333333333334,1011.22125,9.305667,86.55,10.433333333333334,0.20861866,2025-03-28 18:00:00+01:00
2025-03-28 18:00:00+00:00,01.West.120,22.733333333333334,1011.7399,8.981999,83.88333333333334,1.1,0.0149013335,2025-03-28 19:00:00+01:00
2025-03-28 19:00:00+00:00,01.West.120,22.53333333333333,1012.4889,8.740666,83.6,0.0,0.0,2025-03-28 20:00:00+01:00
2025-03-28 20:00:00+00:00,01.West.120,22.433333333333334,1013.1345,8.431666,84.36666666666666,0.0,0.0,2025-03-28 21:00:00+01:00
2025-03-28 21:00:00+00:00,01.West.120,22.316666666666666,1013.60974,8.032833,85.78333333333333,0.0,0.0149013335,2025-03-28 22:00:00+01:00
2025-03-28 22:00:00+00:00,01.West.120,22.233333333333334,1014.0861,7.5958333,86.83333333333333,0.0,0.0,2025-03-28 23:00:00+01:00
2025-03-28 23:00:00+00:00,01.West.120,22.2,1014.3746,7.3398337,87.0,0.0,0.0,2025-03-29 00:00:00+01:00
2025-03-29 00:00:00+00:00,01.West.120,22.183333333333334,1014.7516,6.6905,87.0,0.0,0.0,2025-03-29 01:00:00+01:00
2025-03-29 01:00:00+00:00,01.West.120,22.12,1015.2403,5.8053336,87.25,0.0,0.0,2025-03-29 02:00:00+01:00
2025-03-29 02:00:00+00:00,01.West.120,22.133333333333336,1015.63367,5.4698334,87.96666666666667,0.0,0.0,2025-03-29 03:00:00+01:00
2025-03-29 03:00:00+00:00,01.West.120,22.100000000000005,1016.2359,6.0331664,87.56666666666666,0.0,0.0,2025-03-29 04:00:00+01:00
2025-03-29 04:00:00+00:00,01.West.120,22.100000000000005,1017.0137,6.123667,87.0,0.0,0.0,2025-03-29 05:00:00+01:00
2025-03-29 05:00:00+00:00,01.West.120,22.03333333333333,1017.81793,6.359,86.03333333333333,3.75,0.0,2025-03-29 06:00:00+01:00
2025-03-29 06:00:00+00:00,01.West.120,22.3,1018.83887,6.9166665,85.56666666666666,58.833333333333336,0.11921067,2025-03-29 07:00:00+01:00
2025-03-29 07:00:00+00:00,01.West.120,25.116666666666664,1019.65784,8.173666,81.46666666666667,117.26666666666667,0.64820796,2025-03-29 08:00:00+01:00
2025-03-29 08:00:00+00:00,01.West.120,25.916666666666668,1020.44855,8.817,77.85,151.15,0.9015306,2025-03-29 09:00:00+01:00
2025-03-29 09:00:00+00:00,01.West.120,24.166666666666668,1020.97174,9.709,73.26666666666667,342.35,0.8419253,2025-03-29 10:00:00+01:00
2025-03-29 10:00:00+00:00,01.West.120,24.083333333333332,1021.3956,10.656167,69.35,566.7333333333333,0.8419253,2025-03-29 11:00:00+01:00
2025-03-29 11:00:00+00:00,01.West.120,23.96666666666667,1021.6879,10.882999,68.11666666666666,510.3833333333333,0.7748693,2025-03-29 12:00:00+01:00
2025-03-29 12:00:00+00:00,01.West.120,23.766666666666666,1021.80145,11.092167,66.65,592.4166666666666,1.4826827,2025-03-29 13:00:00+01:00
2025-04-04 10:00:00+00:00,01.West.120,24.6,1021.0931,19.9905,44.0,606.9166666666666,0.65565866,2025-04-04 12:00:00+02:00
2025-04-04 11:00:00+00:00,01.West.120,24.88333333333333,1020.5676,21.365665,40.05,643.4833333333333,0.9909386,2025-04-04 13:00:00+02:00
2025-04-04 12:00:00+00:00,01.West.120,24.616666666666664,1019.94116,22.726166,35.46666666666667,634.9833333333333,0.7003626,2025-04-04 14:00:00+02:00
2025-04-04 13:00:00+00:00,01.West.120,24.25,1019.20404,23.1665,34.61666666666667,579.15,0.34273064,2025-04-04 15:00:00+02:00
2025-04-04 14:00:00+00:00,01.West.120,24.1,1018.58606,23.897667,32.016666666666666,490.18333333333334,0.31292802,2025-04-04 16:00:00+02:00
2025-04-05 06:00:00+00:00,01.West.120,23.4,1019.77747,7.8108335,86.66666666666667,64.53333333333333,0.029802667,2025-04-05 08:00:00+02:00
2025-04-05 07:00:00+00:00,01.West.120,24.075,1020.1291,9.976666,76.18333333333334,145.4,0.16391467,2025-04-05 09:00:00+02:00
2025-04-05 11:00:00+00:00,01.West.120,25.3,1020.3881,16.309,48.7,661.1166666666667,0.23842134,2025-04-05 13:00:00+02:00
2025-04-05 12:00:00+00:00,01.West.120,25.03333333333333,1020.14264,17.003,44.5,652.6,0.29057598,2025-04-05 14:00:00+02:00
2025-04-05 13:00:00+00:00,01.West.120,24.616666666666664,1019.8808,17.1315,38.75,601.9833333333333,0.47684267,2025-04-05 15:00:00+02:00
2025-04-05 14:00:00+00:00,01.West.120,24.333333333333332,1019.4095,17.528332,34.78333333333333,510.28333333333336,0.67056,2025-04-05 16:00:00+02:00
2025-04-05 15:00:00+00:00,01.West.120,24.099999999999998,1019.2938,17.328333,35.78333333333333,376.95,0.49919465,2025-04-05 17:00:00+02:00
2025-04-05 16:00:00+00:00,01.West.120,23.883333333333336,1019.34235,16.398666,38.8,225.4,0.54389864,2025-04-05 18:00:00+02:00
2025-04-05 17:00:00+00:00,01.West.120,23.71666666666667,1019.5416,14.167666,45.983333333333334,44.78333333333333,0.5066453,2025-04-05 19:00:00+02:00
2025-04-05 18:00:00+00:00,01.West.120,23.516666666666666,1020.1291,11.853167,58.3,2.933333333333333,0.06705599,2025-04-05 20:00:00+02:00
2025-04-05 19:00:00+00:00,01.West.120,23.46,1020.8279,10.527333,64.18333333333334,0.0,0.104309335,2025-04-05 21:00:00+02:00
2025-04-07 10:00:00+00:00,01.West.120,24.71666666666667,1027.345,12.975167,38.43333333333333,630.5333333333333,0.36508268,2025-04-07 12:00:00+02:00
2025-04-07 11:00:00+00:00,01.West.120,24.566666666666666,1027.1451,13.464334,38.25,669.2666666666667,0.46939197,2025-04-07 13:00:00+02:00
2025-04-07 12:00:00+00:00,01.West.120,24.2,1026.9104,14.400333,36.93333333333333,659.9,0.052154664,2025-04-07 14:00:00+02:00
2025-04-07 13:00:00+00:00,01.West.120,24.0,1026.4413,14.927501,36.233333333333334,605.6166666666667,0.0074506667,2025-04-07 15:00:00+02:00
2025-04-07 17:00:00+00:00,01.West.120,23.05,1025.9684,13.2578335,44.766666666666666,50.4,0.03725333,2025-04-07 19:00:00+02:00
2025-04-07 18:00:00+00:00,01.West.120,22.916666666666668,1026.5796,11.379833,48.03333333333333,3.683333333333333,0.0,2025-04-07 20:00:00+02:00
2025-04-07 19:00:00+00:00,01.West.120,22.816666666666666,1027.1875,9.911667,56.016666666666666,0.0,0.0,2025-04-07 21:00:00+02:00
2025-04-07 20:00:00+00:00,01.West.120,22.666666666666668,1027.4719,8.734166,67.28333333333333,0.0,0.0,2025-04-07 22:00:00+02:00
2025-04-07 21:00:00+00:00,01.West.120,22.583333333333332,1027.5177,8.14,68.13333333333334,0.0,0.0,2025-04-07 23:00:00+02:00
2025-04-07 22:00:00+00:00,01.West.120,22.5,1027.8038,7.9381666,63.78333333333333,0.0,0.0,2025-04-08 00:00:00+02:00
2025-04-07 23:00:00+00:00,01.West.120,22.5,1027.8314,7.2446666,63.166666666666664,0.0,0.0,2025-04-08 01:00:00+02:00
2025-04-08 00:00:00+00:00,01.West.120,22.433333333333334,1027.8495,6.281833,66.61666666666666,0.0,0.0,2025-04-08 02:00:00+02:00
2025-04-08 01:00:00+00:00,01.West.120,22.316666666666666,1027.9506,5.5591664,70.55,0.0,0.0,2025-04-08 03:00:00+02:00
2025-04-08 02:00:00+00:00,01.West.120,22.233333333333334,1027.8518,5.3069997,72.7,0.0,0.0,2025-04-08 04:00:00+02:00
2025-04-08 03:00:00+00:00,01.West.120,22.150000000000002,1027.6401,5.0466666,74.41666666666667,0.0,0.0,2025-04-08 05:00:00+02:00
2025-04-08 04:00:00+00:00,01.West.120,22.080000000000002,1027.7333,4.6571665,76.65,0.0,0.0,2025-04-08 06:00:00+02:00
2025-04-08 05:00:00+00:00,01.West.120,22.016666666666666,1027.8337,4.413167,79.25,11.066666666666666,0.0,2025-04-08 07:00:00+02:00
2025-04-08 06:00:00+00:00,01.West.120,22.066666666666666,1028.1102,5.5039997,77.18333333333334,65.88333333333334,0.0074506667,2025-04-08 08:00:00+02:00
2025-04-08 07:00:00+00:00,01.West.120,23.066666666666666,1028.3699,7.572,69.9,143.68333333333334,0.022352,2025-04-08 09:00:00+02:00
2025-04-08 08:00:00+00:00,01.West.120,23.866666666666664,1028.4946,9.322333,64.25,187.73333333333332,0.23842134,2025-04-08 10:00:00+02:00
2025-04-08 09:00:00+00:00,01.West.120,24.233333333333334,1028.7278,11.665333,56.95,342.81666666666666,0.08195733,2025-04-08 11:00:00+02:00
2025-04-08 10:00:00+00:00,01.West.120,24.38333333333333,1028.6188,14.507334,46.083333333333336,628.0333333333333,0.029802667,2025-04-08 12:00:00+02:00
2025-04-08 11:00:00+00:00,01.West.120,24.2,1028.2812,15.6883335,41.05,668.5666666666667,0.059605334,2025-04-08 13:00:00+02:00
2025-04-08 12:00:00+00:00,01.West.120,23.8,1027.6373,16.579,38.31666666666667,656.3333333333334,0.245872,2025-04-08 14:00:00+02:00
2025-04-08 13:00:00+00:00,01.West.120,23.483333333333334,1026.8353,16.7385,38.31666666666667,605.6,0.29802665,2025-04-08 15:00:00+02:00
2025-04-08 14:00:00+00:00,01.West.120,23.266666666666666,1026.1902,17.049833,38.61666666666667,505.7,0.11176,2025-04-08 16:00:00+02:00
2025-04-08 15:00:00+00:00,01.West.120,23.05,1025.8273,16.7275,42.93333333333333,393.3,0.39488533,2025-04-08 17:00:00+02:00
2025-04-08 16:00:00+00:00,01.West.120,22.916666666666668,1025.8679,14.300833,52.88333333333333,220.9,0.37253332,2025-04-08 18:00:00+02:00
2025-04-08 17:00:00+00:00,01.West.120,22.833333333333332,1025.9243,12.663333,59.25,63.016666666666666,0.0,2025-04-08 19:00:00+02:00
2025-04-08 18:00:00+00:00,01.West.120,22.7,1026.0829,11.019333,66.33333333333333,7.65,0.0,2025-04-08 20:00:00+02:00
2025-04-08 19:00:00+00:00,01.West.120,22.583333333333332,1026.3081,9.225,71.66666666666667,0.0,0.0,2025-04-08 21:00:00+02:00
2025-04-08 20:00:00+00:00,01.West.120,22.53333333333333,1026.3995,8.140667,74.41666666666667,0.0,0.0,2025-04-08 22:00:00+02:00
2025-04-08 21:00:00+00:00,01.West.120,22.46666666666667,1026.3126,7.0308332,75.01666666666667,0.0,0.0,2025-04-08 23:00:00+02:00
2025-04-08 22:00:00+00:00,01.West.120,22.38333333333333,1026.3126,6.3975,76.78333333333333,0.0,0.0,2025-04-09 00:00:00+02:00
2025-04-08 23:00:00+00:00,01.West.120,22.349999999999998,1026.3126,6.0628333,78.6,0.0,0.0,2025-04-09 01:00:00+02:00
2025-04-09 00:00:00+00:00,01.West.120,22.333333333333332,1026.3126,5.6891665,80.23333333333333,0.0,0.0,2025-04-09 02:00:00+02:00
2025-04-09 01:00:00+00:00,01.West.120,22.28333333333333,1026.3126,5.4435,82.33333333333333,0.0,0.0,2025-04-09 03:00:00+02:00
2025-04-09 02:00:00+00:00,01.West.120,22.21666666666667,1026.3126,5.52,83.0,0.0,0.0,2025-04-09 04:00:00+02:00
2025-04-09 03:00:00+00:00,01.West.120,22.183333333333334,1026.3126,5.524167,83.0,0.0,0.0,2025-04-09 05:00:00+02:00
2025-04-09 04:00:00+00:00,01.West.120,22.12,1026.3126,5.4355,83.81666666666666,0.0,0.0,2025-04-09 06:00:00+02:00
2025-04-09 05:00:00+00:00,01.West.120,22.100000000000005,1026.3126,5.9091663,83.78333333333333,12.616666666666667,0.0,2025-04-09 07:00:00+02:00
2025-04-09 06:00:00+00:00,01.West.120,22.2,1026.3126,6.527,82.83333333333333,80.45,0.0,2025-04-09 08:00:00+02:00
2025-04-09 07:00:00+00:00,01.West.120,22.75,1026.3126,8.222667,76.43333333333334,166.56666666666666,0.0,2025-04-09 09:00:00+02:00
2025-04-09 08:00:00+00:00,01.West.120,23.5,1026.3126,9.094,72.71666666666667,197.86666666666667,0.104309335,2025-04-09 10:00:00+02:00
2025-04-09 09:00:00+00:00,01.West.120,24.03333333333333,1026.3126,10.237166,70.0,341.15,0.08195733,2025-04-09 11:00:00+02:00
2025-04-09 10:00:00+00:00,01.West.120,24.21666666666667,1026.3126,12.248167,64.96666666666667,626.8333333333334,0.089408,2025-04-09 12:00:00+02:00
2025-04-09 11:00:00+00:00,01.West.120,24.133333333333336,1026.3126,13.360333,60.7,659.8,0.13411202,2025-04-09 13:00:00+02:00
2025-04-09 12:00:00+00:00,01.West.120,23.833333333333332,1027.2478,13.951,59.666666666666664,662.3833333333333,0.357632,2025-04-09 14:00:00+02:00
2025-04-09 13:00:00+00:00,01.West.120,23.46666666666667,1027.7677,13.227833,62.63333333333333,593.1833333333333,0.32782933,2025-04-09 15:00:00+02:00
2025-04-09 14:00:00+00:00,01.West.120,23.233333333333334,1027.8094,12.644167,62.583333333333336,502.65,0.53644794,2025-04-09 16:00:00+02:00
2025-04-09 15:00:00+00:00,01.West.120,23.066666666666666,1027.9398,12.062166,62.65,381.1333333333333,0.22352,2025-04-09 17:00:00+02:00
2025-04-09 16:00:00+00:00,01.West.120,22.933333333333334,1028.1373,11.0065,64.51666666666667,226.2,0.3501813,2025-04-09 18:00:00+02:00
2025-04-09 17:00:00+00:00,01.West.120,22.733333333333334,1028.647,8.922167,68.98333333333333,56.483333333333334,0.38743466,2025-04-09 19:00:00+02:00
2025-04-09 18:00:00+00:00,01.West.120,22.600000000000005,1029.1578,7.807,72.9,4.566666666666666,0.17136532,2025-04-09 20:00:00+02:00
2025-04-09 19:00:00+00:00,01.West.120,22.53333333333333,1029.3932,7.923333,73.36666666666666,0.0,0.13411199,2025-04-09 21:00:00+02:00
2025-04-09 20:00:00+00:00,01.West.120,22.46666666666667,1029.5219,8.033167,74.91666666666667,0.0,0.21606933,2025-04-09 22:00:00+02:00
2025-04-09 21:00:00+00:00,01.West.120,22.400000000000002,1029.9626,7.8155,74.63333333333334,0.0,0.0074506667,2025-04-09 23:00:00+02:00
2025-04-09 22:00:00+00:00,01.West.120,22.366666666666664,1030.1167,8.0335,75.8,0.0,0.0,2025-04-10 00:00:00+02:00
2025-04-09 23:00:00+00:00,01.West.120,22.333333333333332,1030.0715,7.9909997,76.11666666666666,0.0,0.0,2025-04-10 01:00:00+02:00
2025-04-10 00:00:00+00:00,01.West.120,22.3,1029.9525,8.233334,76.03333333333333,0.0,0.0,2025-04-10 02:00:00+02:00
2025-04-10 01:00:00+00:00,01.West.120,22.25,1029.5522,8.486333,77.0,0.0,0.0149013335,2025-04-10 03:00:00+02:00
2025-04-10 02:00:00+00:00,01.West.120,22.233333333333334,1029.361,8.582167,77.63333333333334,0.0,0.14901333,2025-04-10 04:00:00+02:00
2025-04-10 03:00:00+00:00,01.West.120,22.183333333333334,1029.3547,8.4939995,78.41666666666667,0.0,0.06705599,2025-04-10 05:00:00+02:00
2025-04-10 04:00:00+00:00,01.West.120,22.1,1029.3192,8.333333,78.0,0.0,0.14901333,2025-04-10 06:00:00+02:00
2025-04-10 05:00:00+00:00,01.West.120,22.083333333333332,1029.6268,7.912667,78.0,11.316666666666666,0.03725333,2025-04-10 07:00:00+02:00
2025-04-10 06:00:00+00:00,01.West.120,22.03333333333333,1029.8192,8.264167,78.0,40.43333333333333,0.20861866,2025-04-10 08:00:00+02:00
2025-04-10 07:00:00+00:00,01.West.120,22.0,1030.2053,8.640834,78.06666666666666,70.93333333333334,0.09685866,2025-04-10 09:00:00+02:00
2025-04-10 08:00:00+00:00,01.West.120,22.0,1030.4955,8.963333,77.55,108.41666666666667,0.089408,2025-04-10 10:00:00+02:00
2025-04-10 09:00:00+00:00,01.West.120,22.066666666666666,1030.382,9.7838335,75.46666666666667,214.6,0.07450666,2025-04-10 11:00:00+02:00
2025-04-10 10:00:00+00:00,01.West.120,22.2,1030.1082,10.866,72.58333333333333,308.1333333333333,0.059605334,2025-04-10 12:00:00+02:00
2025-04-10 11:00:00+00:00,01.West.120,22.433333333333334,1030.0461,11.757,69.03333333333333,607.5166666666667,0.12666133,2025-04-10 13:00:00+02:00
2025-04-10 12:00:00+00:00,01.West.120,22.600000000000005,1029.8164,12.628833,65.48333333333333,674.3833333333333,0.27567467,2025-04-10 14:00:00+02:00
2025-04-10 13:00:00+00:00,01.West.120,22.516666666666666,1029.4479,13.007,63.71666666666667,619.7,0.31292802,2025-04-10 15:00:00+02:00
2025-04-10 14:00:00+00:00,01.West.120,22.433333333333334,1028.9817,12.655667,64.9,522.25,0.67056,2025-04-10 16:00:00+02:00
2025-04-10 15:00:00+00:00,01.West.120,22.28333333333333,1028.4968,12.208834,65.93333333333334,388.05,0.42468798,2025-04-10 17:00:00+02:00
2025-04-10 16:00:00+00:00,01.West.120,22.166666666666668,1027.9138,11.813001,67.13333333333334,242.26666666666668,0.0,2025-04-10 18:00:00+02:00
2025-04-10 17:00:00+00:00,01.West.120,22.133333333333336,1027.7219,10.4383335,70.66666666666667,63.483333333333334,0.0,2025-04-10 19:00:00+02:00
2025-04-10 18:00:00+00:00,01.West.120,22.05,1027.6954,8.767834,77.03333333333333,5.016666666666667,0.0,2025-04-10 20:00:00+02:00
2025-04-10 19:00:00+00:00,01.West.120,21.983333333333334,1027.7118,8.014667,81.08333333333333,0.0,0.0,2025-04-10 21:00:00+02:00
2025-04-10 20:00:00+00:00,01.West.120,21.983333333333334,1027.3297,7.5053334,82.83333333333333,0.0,0.0,2025-04-10 22:00:00+02:00
2025-04-10 21:00:00+00:00,01.West.120,21.899999999999995,1026.8308,6.761,84.55,0.0,0.0,2025-04-10 23:00:00+02:00
2025-04-10 22:00:00+00:00,01.West.120,21.88333333333333,1026.5632,6.7476664,85.2,0.0,0.0,2025-04-11 00:00:00+02:00
2025-04-10 23:00:00+00:00,01.West.120,21.866666666666664,1026.0852,6.3968334,86.0,0.0,0.0,2025-04-11 01:00:00+02:00
2025-04-11 00:00:00+00:00,01.West.120,21.866666666666664,1025.4327,5.8941665,86.81666666666666,0.0,0.0,2025-04-11 02:00:00+02:00
2025-04-11 01:00:00+00:00,01.West.120,21.833333333333332,1024.808,5.679,87.35,0.0,0.0,2025-04-11 03:00:00+02:00
2025-04-11 02:00:00+00:00,01.West.120,21.816666666666666,1024.3113,5.4043336,88.0,0.0,0.0,2025-04-11 04:00:00+02:00
2025-04-11 03:00:00+00:00,01.West.120,21.8,1023.9823,5.1281667,88.0,0.0,0.0,2025-04-11 05:00:00+02:00
2025-04-11 04:00:00+00:00,01.West.120,21.8,1023.51666,5.2015,88.0,0.0,0.0,2025-04-11 06:00:00+02:00
2025-04-11 05:00:00+00:00,01.West.120,21.759999999999998,1023.2508,5.8798337,88.0,14.116666666666667,0.0,2025-04-11 07:00:00+02:00
2025-04-11 06:00:00+00:00,01.West.120,22.016666666666666,1023.2231,7.2816668,88.0,61.833333333333336,0.0,2025-04-11 08:00:00+02:00
2025-04-11 07:00:00+00:00,01.West.120,22.866666666666664,1023.2745,9.383834,87.71666666666667,130.08333333333334,0.0,2025-04-11 09:00:00+02:00
2025-04-11 08:00:00+00:00,01.West.120,23.516666666666666,1023.20447,11.583667,80.8,192.05,0.0,2025-04-11 10:00:00+02:00
2025-04-11 09:00:00+00:00,01.West.120,23.95,1022.9257,13.331333,71.25,367.1,0.26822397,2025-04-11 11:00:00+02:00
2025-04-11 10:00:00+00:00,01.West.120,24.05,1022.7287,14.871667,64.26666666666667,614.9333333333333,0.64820796,2025-04-11 12:00:00+02:00
2025-04-11 11:00:00+00:00,01.West.120,23.866666666666664,1022.473,15.9605,60.56666666666667,653.0,0.29802665,2025-04-11 13:00:00+02:00
2025-04-11 12:00:00+00:00,01.West.120,23.55,1022.0865,16.224499,60.06666666666667,639.6,0.52154666,2025-04-11 14:00:00+02:00
2025-04-11 13:00:00+00:00,01.West.120,23.2,1021.73035,16.1765,58.2,586.4666666666667,0.44704,2025-04-11 15:00:00+02:00
2025-04-11 14:00:00+00:00,01.West.120,22.96666666666667,1021.1744,16.400333,54.18333333333333,505.28333333333336,0.43213865,2025-04-11 16:00:00+02:00
2025-04-11 15:00:00+00:00,01.West.120,22.849999999999998,1020.6371,16.595333,56.18333333333333,374.81666666666666,0.20861866,2025-04-11 17:00:00+02:00
2025-04-11 16:00:00+00:00,01.West.120,22.75,1020.3346,16.193167,57.55,228.33333333333334,0.044704,2025-04-11 18:00:00+02:00
2025-04-11 17:00:00+00:00,01.West.120,22.61666666666667,1019.9293,14.720333,61.983333333333334,75.6,0.0,2025-04-11 19:00:00+02:00
2025-04-11 18:00:00+00:00,01.West.120,22.55,1019.64996,13.0035,67.98333333333333,7.966666666666667,0.0,2025-04-11 20:00:00+02:00
2025-04-11 19:00:00+00:00,01.West.120,22.566666666666666,1019.4784,11.507167,73.15,0.0,0.0,2025-04-11 21:00:00+02:00
2025-04-11 20:00:00+00:00,01.West.120,22.5,1019.1894,10.1501665,77.73333333333333,0.0,0.0,2025-04-11 22:00:00+02:00
2025-04-11 21:00:00+00:00,01.West.120,22.5,1018.7447,9.457833,81.81666666666666,0.0,0.0,2025-04-11 23:00:00+02:00
2025-04-11 22:00:00+00:00,01.West.120,22.349999999999998,1018.31683,8.645499,83.96666666666667,0.0,0.0,2025-04-12 00:00:00+02:00
2025-04-11 23:00:00+00:00,01.West.120,22.233333333333334,1017.66327,8.25,85.68333333333334,0.0,0.0,2025-04-12 01:00:00+02:00
2025-04-12 00:00:00+00:00,01.West.120,22.183333333333334,1016.995,7.9115,86.36666666666666,0.0,0.0,2025-04-12 02:00:00+02:00
2025-04-12 01:00:00+00:00,01.West.120,22.11666666666667,1016.3691,7.4775,86.95,0.0,0.0,2025-04-12 03:00:00+02:00
2025-04-12 02:00:00+00:00,01.West.120,22.100000000000005,1015.8713,7.100167,87.53333333333333,0.0,0.0,2025-04-12 04:00:00+02:00
2025-04-12 03:00:00+00:00,01.West.120,22.100000000000005,1015.39777,7.048667,88.0,0.0,0.0,2025-04-12 05:00:00+02:00
2025-04-12 04:00:00+00:00,01.West.120,22.05,1015.0687,6.8665,88.0,0.0,0.0,2025-04-12 06:00:00+02:00
2025-04-12 05:00:00+00:00,01.West.120,22.0,1014.6234,7.2355,88.0,14.183333333333334,0.0,2025-04-12 07:00:00+02:00
2025-04-12 06:00:00+00:00,01.West.120,22.25,1014.06067,8.6935,88.0,62.11666666666667,0.0,2025-04-12 08:00:00+02:00
2025-04-12 07:00:00+00:00,01.West.120,23.083333333333332,1013.28296,12.112333,84.5,140.86666666666667,0.20861866,2025-04-12 09:00:00+02:00
2025-04-12 08:00:00+00:00,01.West.120,23.766666666666666,1012.71515,15.029333,71.8,198.03333333333333,0.17136532,2025-04-12 10:00:00+02:00
2025-04-12 09:00:00+00:00,01.West.120,24.166666666666668,1012.0153,17.399332,62.7,375.43333333333334,0.66310936,2025-04-12 11:00:00+02:00
2025-04-12 10:00:00+00:00,01.West.120,24.3,1011.1106,19.549665,52.71666666666667,621.2,2.0489333,2025-04-12 12:00:00+02:00
2025-04-12 11:00:00+00:00,01.West.120,24.21666666666667,1009.8554,21.205168,44.0,664.0166666666667,2.01168,2025-04-12 13:00:00+02:00
2025-04-12 15:00:00+00:00,01.West.120,23.25,1004.42645,24.239834,33.083333333333336,392.85,1.7583574,2025-04-12 17:00:00+02:00
2025-04-12 16:00:00+00:00,01.West.120,23.133333333333336,1003.33826,24.044,34.0,245.0,1.3262187,2025-04-12 18:00:00+02:00
2025-04-12 17:00:00+00:00,01.West.120,23.083333333333332,1002.63104,22.609499,36.93333333333333,68.81666666666666,0.6333066,2025-04-12 19:00:00+02:00
2025-04-12 18:00:00+00:00,01.West.120,23.016666666666666,1002.10223,20.361666,42.28333333333333,2.6,0.0,2025-04-12 20:00:00+02:00
2025-04-12 19:00:00+00:00,01.West.120,23.0,1001.5141,18.456167,47.43333333333333,0.0,0.0,2025-04-12 21:00:00+02:00
2025-04-12 20:00:00+00:00,01.West.120,22.983333333333334,1001.29065,19.000834,45.31666666666667,0.0,0.10430933,2025-04-12 22:00:00+02:00
2025-04-12 21:00:00+00:00,01.West.120,22.916666666666668,1001.29065,19.305834,45.416666666666664,0.0,0.0,2025-04-12 23:00:00+02:00
2025-04-12 22:00:00+00:00,01.West.120,22.899999999999995,1001.10724,18.013666,49.45,0.0,0.32782933,2025-04-13 00:00:00+02:00
2025-04-12 23:00:00+00:00,01.West.120,22.866666666666664,1000.6878,17.304834,54.016666666666666,0.0,0.25332266,2025-04-13 01:00:00+02:00
2025-04-13 00:00:00+00:00,01.West.120,22.75,1000.33795,15.7751665,68.36666666666666,0.0,0.34273064,2025-04-13 02:00:00+02:00
2025-04-13 01:00:00+00:00,01.West.120,22.766666666666666,999.9745,13.898334,81.46666666666667,0.0,0.32782933,2025-04-13 03:00:00+02:00
2025-04-13 02:00:00+00:00,01.West.120,22.72,999.60144,13.397833,84.66666666666667,0.0,0.34273064,2025-04-13 04:00:00+02:00
2025-04-13 03:00:00+00:00,01.West.120,22.71666666666667,999.4123,13.264166,86.33333333333333,0.0,0.0,2025-04-13 05:00:00+02:00
2025-04-13 04:00:00+00:00,01.West.120,22.75,999.4801,13.355,87.0,0.0,0.029802667,2025-04-13 06:00:00+02:00
2025-04-13 05:00:00+00:00,01.West.120,22.78333333333333,999.9485,13.356167,87.0,14.633333333333333,0.044704,2025-04-13 07:00:00+02:00
2025-04-13 06:00:00+00:00,01.West.120,22.816666666666666,1000.72394,13.494666,86.65,71.18333333333334,0.44704,2025-04-13 08:00:00+02:00
2025-04-13 07:00:00+00:00,01.West.120,22.916666666666668,1001.2263,13.4405,83.11666666666666,92.21666666666667,0.85682666,2025-04-13 09:00:00+02:00
2025-04-13 08:00:00+00:00,01.West.120,23.03333333333333,1001.28723,13.535,79.21666666666667,204.35,1.0728959,2025-04-13 10:00:00+02:00
2025-04-13 09:00:00+00:00,01.West.120,23.53333333333333,1001.28723,14.403334,74.4,303.9166666666667,1.2368107,2025-04-13 11:00:00+02:00
2025-04-13 10:00:00+00:00,01.West.120,23.733333333333334,1001.28723,14.545667,73.18333333333334,445.8666666666667,0.916432,2025-04-13 12:00:00+02:00
2025-04-13 11:00:00+00:00,01.West.120,23.7,1003.6978,14.945499,70.63333333333334,504.8,0.73016536,2025-04-13 13:00:00+02:00
2025-04-13 12:00:00+00:00,01.West.120,23.650000000000002,1004.8508,15.740333,65.53333333333333,640.1,0.40978667,2025-04-13 14:00:00+02:00
2025-04-13 13:00:00+00:00,01.West.120,23.53333333333333,1005.08,16.696167,63.016666666666666,581.5833333333334,0.9089813,2025-04-13 15:00:00+02:00
2025-04-13 14:00:00+00:00,01.West.120,23.383333333333336,1005.2206,16.524166,62.75,495.3666666666667,0.8866293,2025-04-13 16:00:00+02:00
2025-04-13 15:00:00+00:00,01.West.120,23.21666666666667,1005.71326,14.934834,65.2,266.55,1.631696,2025-04-13 17:00:00+02:00
2025-04-13 16:00:00+00:00,01.West.120,23.083333333333332,1006.0666,13.418,68.43333333333334,113.91666666666667,1.028192,2025-04-13 18:00:00+02:00
2025-04-13 17:00:00+00:00,01.West.120,23.0,1006.23474,13.512,68.8,80.08333333333333,1.3709226,2025-04-13 19:00:00+02:00
2025-04-13 18:00:00+00:00,01.West.120,22.983333333333334,1006.5672,13.003666,70.35,6.666666666666667,1.00584,2025-04-13 20:00:00+02:00
2025-04-13 19:00:00+00:00,01.West.120,22.933333333333334,1006.9211,12.2615,73.45,0.0,0.47684267,2025-04-13 21:00:00+02:00
2025-04-13 20:00:00+00:00,01.West.120,22.88333333333333,1007.1271,11.662,76.76666666666667,0.0,0.08195733,2025-04-13 22:00:00+02:00
2025-04-13 21:00:00+00:00,01.West.120,22.8,1007.2665,11.448833,76.83333333333333,0.0,0.27567467,2025-04-13 23:00:00+02:00
2025-04-13 22:00:00+00:00,01.West.120,22.8,1007.4132,11.334833,76.53333333333333,0.0,0.37253332,2025-04-14 00:00:00+02:00
2025-04-13 23:00:00+00:00,01.West.120,22.78333333333333,1007.5656,10.974334,78.45,0.0,0.48429334,2025-04-14 01:00:00+02:00
2025-04-14 00:00:00+00:00,01.West.120,22.8,1007.78345,11.093833,76.28333333333333,0.0,0.32037866,2025-04-14 02:00:00+02:00
2025-04-14 01:00:00+00:00,01.West.120,22.683333333333334,1007.8997,10.701666,80.51666666666667,0.0,0.10430933,2025-04-14 03:00:00+02:00
2025-04-14 02:00:00+00:00,01.West.120,22.61666666666667,1007.797,10.483999,83.73333333333333,0.0,0.059605334,2025-04-14 04:00:00+02:00
2025-04-14 03:00:00+00:00,01.West.120,22.61666666666667,1007.95337,10.297833,85.8,0.0,0.15646401,2025-04-14 05:00:00+02:00
2025-04-14 04:00:00+00:00,01.West.120,22.600000000000005,1008.3817,10.083333,86.0,0.16666666666666666,0.03725333,2025-04-14 06:00:00+02:00
2025-04-14 05:00:00+00:00,01.West.120,22.516666666666666,1008.8654,10.079333,84.81666666666666,20.9,0.12666133,2025-04-14 07:00:00+02:00
2025-04-14 06:00:00+00:00,01.West.120,22.53333333333333,1009.2594,10.1245,84.0,51.3,0.514096,2025-04-14 08:00:00+02:00
2025-04-14 07:00:00+00:00,01.West.120,22.833333333333332,1009.47723,10.290333,83.73333333333333,114.68333333333334,0.17136532,2025-04-14 09:00:00+02:00
2025-04-14 08:00:00+00:00,01.West.120,23.533333333333335,1009.4055,11.577333,80.15,218.01666666666668,0.58115196,2025-04-14 10:00:00+02:00
2025-04-14 09:00:00+00:00,01.West.120,24.266666666666666,1009.49243,13.168834,71.5,368.1666666666667,0.8866293,2025-04-14 11:00:00+02:00
2025-04-14 10:00:00+00:00,01.West.120,24.849999999999998,1009.3903,14.246333,64.23333333333333,514.7166666666667,0.9983893,2025-04-14 12:00:00+02:00
2025-04-14 11:00:00+00:00,01.West.120,24.683333333333334,1009.0534,15.632501,55.6,663.6333333333333,0.7674187,2025-04-14 13:00:00+02:00
2025-04-14 12:00:00+00:00,01.West.120,24.53333333333333,1008.63574,16.5885,51.43333333333333,643.3333333333334,1.1176,2025-04-14 14:00:00+02:00
2025-04-14 13:00:00+00:00,01.West.120,24.28333333333333,1008.4681,17.278666,47.61666666666667,578.8166666666667,1.3113173,2025-04-14 15:00:00+02:00
2025-04-14 14:00:00+00:00,01.West.120,24.150000000000002,1007.04584,17.559166,48.88333333333333,399.48333333333335,1.0877973,2025-04-14 16:00:00+02:00
2025-04-14 15:00:00+00:00,01.West.120,23.96666666666667,1006.32446,18.157665,47.416666666666664,353.25,0.9685867,2025-04-14 17:00:00+02:00
2025-04-14 16:00:00+00:00,01.West.120,23.666666666666668,1005.5247,17.721334,47.86666666666667,168.65,0.9089813,2025-04-14 18:00:00+02:00
2025-04-14 17:00:00+00:00,01.West.120,23.366666666666664,1004.7256,16.822166,51.516666666666666,64.18333333333334,0.42468798,2025-04-14 19:00:00+02:00
2025-04-14 18:00:00+00:00,01.West.120,23.133333333333336,1004.4597,15.615001,54.18333333333333,6.966666666666667,0.0149013335,2025-04-14 20:00:00+02:00
2025-04-14 19:00:00+00:00,01.West.120,23.083333333333332,1004.46765,14.082,61.13333333333333,0.0,0.0,2025-04-14 21:00:00+02:00
2025-04-14 20:00:00+00:00,01.West.120,22.983333333333334,1004.2074,13.013834,66.4,0.0,0.0,2025-04-14 22:00:00+02:00
2025-04-14 21:00:00+00:00,01.West.120,22.96,1003.65436,11.953666,71.33333333333333,0.0,0.0,2025-04-14 23:00:00+02:00
2025-04-14 22:00:00+00:00,01.West.120,22.88333333333333,1002.9607,11.736166,72.58333333333333,0.0,0.022352,2025-04-15 00:00:00+02:00
2025-04-14 23:00:00+00:00,01.West.120,22.833333333333332,1002.15643,12.1225,72.33333333333333,0.0,0.0149013335,2025-04-15 01:00:00+02:00
2025-04-15 00:00:00+00:00,01.West.120,22.816666666666666,1001.2901,11.806666,74.93333333333334,0.0,0.10430933,2025-04-15 02:00:00+02:00
2025-04-15 01:00:00+00:00,01.West.120,22.8,1000.42706,11.751833,76.43333333333334,0.0,0.0149013335,2025-04-15 03:00:00+02:00
2025-04-15 02:00:00+00:00,01.West.120,22.733333333333334,999.82654,11.267834,78.53333333333333,0.0,0.0149013335,2025-04-15 04:00:00+02:00
2025-04-15 03:00:00+00:00,01.West.120,22.666666666666668,999.2074,10.952167,79.16666666666667,0.0,0.07450666,2025-04-15 05:00:00+02:00
2025-04-15 04:00:00+00:00,01.West.120,22.600000000000005,998.6069,10.453833,80.71666666666667,1.1166666666666667,0.06705599,2025-04-15 06:00:00+02:00
2025-04-15 05:00:00+00:00,01.West.120,22.600000000000005,998.02844,10.85,79.9,20.65,0.13411199,2025-04-15 07:00:00+02:00
2025-04-15 06:00:00+00:00,01.West.120,22.96666666666667,997.5295,12.565166,75.38333333333334,63.85,0.692912,2025-04-15 08:00:00+02:00
2025-04-15 07:00:00+00:00,01.West.120,25.116666666666664,997.18066,14.847667,69.66666666666667,131.98333333333332,0.8419253,2025-04-15 09:00:00+02:00
2025-04-15 08:00:00+00:00,01.West.120,23.75,996.88324,16.227667,68.45,199.33333333333334,1.0207413,2025-04-15 10:00:00+02:00
2025-04-15 09:00:00+00:00,01.West.120,23.5,996.86066,17.788832,64.16666666666667,360.6,0.81212264,2025-04-15 11:00:00+02:00
2025-04-15 10:00:00+00:00,01.West.120,24.116666666666664,996.4735,19.512167,61.36666666666667,540.0833333333334,1.4826827,2025-04-15 12:00:00+02:00
2025-04-15 11:00:00+00:00,01.West.120,24.349999999999998,996.28046,19.991167,60.68333333333333,307.48333333333335,1.1921066,2025-04-15 13:00:00+02:00
2025-04-15 12:00:00+00:00,01.West.120,24.166666666666668,996.3606,19.493,63.43333333333333,278.26666666666665,1.1474026,2025-04-15 14:00:00+02:00
2025-04-15 13:00:00+00:00,01.West.120,24.083333333333332,996.20764,19.109833,67.85,142.11666666666667,0.7078133,2025-04-15 15:00:00+02:00
2025-04-15 14:00:00+00:00,01.West.120,24.066666666666666,996.20764,15.582334,77.63333333333334,97.9,0.95368534,2025-04-15 16:00:00+02:00
2025-04-15 15:00:00+00:00,01.West.120,24.21666666666667,997.4826,14.4285,78.65,133.2,0.32782933,2025-04-15 17:00:00+02:00
2025-04-15 16:00:00+00:00,01.West.120,24.21666666666667,997.9539,15.09,73.86666666666666,106.93333333333334,0.08195733,2025-04-15 18:00:00+02:00
2025-04-15 17:00:00+00:00,01.West.120,23.766666666666666,998.40765,15.1625,72.23333333333333,60.46666666666667,0.0,2025-04-15 19:00:00+02:00
2025-04-15 18:00:00+00:00,01.West.120,23.416666666666668,998.6651,14.295167,74.55,7.933333333333334,0.0,2025-04-15 20:00:00+02:00
2025-04-15 19:00:00+00:00,01.West.120,23.2,999.44336,13.010333,79.53333333333333,0.0,0.0,2025-04-15 21:00:00+02:00
2025-04-15 20:00:00+00:00,01.West.120,23.100000000000005,999.4586,12.678166,82.9,0.0,0.0,2025-04-15 22:00:00+02:00
2025-04-15 21:00:00+00:00,01.West.120,23.05,999.4586,12.802,84.21666666666667,0.0,0.0,2025-04-15 23:00:00+02:00
2025-04-15 22:00:00+00:00,01.West.120,23.0,999.4586,12.354167,85.66666666666667,0.0,0.0,2025-04-16 00:00:00+02:00
2025-04-15 23:00:00+00:00,01.West.120,23.0,999.4586,11.995,86.38333333333334,0.0,0.0,2025-04-16 01:00:00+02:00
2025-04-16 00:00:00+00:00,01.West.120,22.95,999.4586,12.8215,80.18333333333334,0.0,0.052154664,2025-04-16 02:00:00+02:00
2025-04-16 01:00:00+00:00,01.West.120,22.95,999.4586,12.552833,75.91666666666667,0.0,0.23097067,2025-04-16 03:00:00+02:00
2025-04-16 02:00:00+00:00,01.West.120,22.88333333333333,999.4586,11.272334,78.31666666666666,0.0,0.059605334,2025-04-16 04:00:00+02:00
2025-04-16 03:00:00+00:00,01.West.120,22.899999999999995,999.4586,10.676667,80.81666666666666,0.0,0.27567467,2025-04-16 05:00:00+02:00
2025-04-16 04:00:00+00:00,01.West.120,22.866666666666664,999.4586,10.3895,81.38333333333334,0.0,0.178816,2025-04-16 06:00:00+02:00
2025-04-16 05:00:00+00:00,01.West.120,22.75,999.4586,10.28,78.38333333333334,19.15,0.11176,2025-04-16 07:00:00+02:00
2025-04-16 06:00:00+00:00,01.West.120,22.666666666666668,999.4586,10.228333,75.0,47.266666666666666,0.059605334,2025-04-16 08:00:00+02:00
2025-04-16 07:00:00+00:00,01.West.120,22.633333333333336,999.4586,10.843167,70.51666666666667,122.53333333333333,0.089408,2025-04-16 09:00:00+02:00
2025-04-16 08:00:00+00:00,01.West.120,22.71666666666667,999.4586,11.340834,66.13333333333334,142.61666666666667,1.0430933,2025-04-16 10:00:00+02:00
2025-04-16 09:00:00+00:00,01.West.120,22.650000000000002,999.4586,11.535167,65.95,127.66666666666667,0.40978667,2025-04-16 11:00:00+02:00
2025-04-16 10:00:00+00:00,01.West.120,22.633333333333336,999.4586,12.106167,64.25,215.28333333333333,0.6780107,2025-04-16 12:00:00+02:00
2025-04-16 11:00:00+00:00,01.West.120,22.633333333333336,999.4586,12.414667,61.6,206.65,0.759968,2025-04-16 13:00:00+02:00
2025-04-16 12:00:00+00:00,01.West.120,22.666666666666668,999.4586,12.56,59.875,255.0,1.34112,2025-04-16 14:00:00+02:00
2025-04-16 13:00:00+00:00,01.West.120,22.633333333333336,999.8902,12.459862,60.52430555555556,247.91666666666666,1.3038666,2025-04-16 15:00:00+02:00
2025-04-16 14:00:00+00:00,01.West.120,22.600000000000005,1000.3218,12.359722,61.173611111111114,240.83333333333334,1.2666134,2025-04-16 16:00:00+02:00
2025-04-16 15:00:00+00:00,01.West.120,22.583333333333332,1000.7534,12.259583,61.822916666666664,233.75,1.22936,2025-04-16 17:00:00+02:00
2025-04-16 16:00:00+00:00,01.West.120,22.516666666666666,1001.185,12.159445,62.47222222222222,226.66666666666666,1.1921067,2025-04-16 18:00:00+02:00
2025-04-16 17:00:00+00:00,01.West.120,22.5,1001.6166,12.059306,63.12152777777778,219.58333333333334,1.1548533,2025-04-16 19:00:00+02:00
2025-04-16 18:00:00+00:00,01.West.120,22.433333333333334,1002.04816,11.9591675,63.770833333333336,212.5,1.1176,2025-04-16 20:00:00+02:00
2025-04-16 19:00:00+00:00,01.West.120,22.366666666666664,1002.47974,11.859028,64.42013888888889,205.41666666666666,1.0803467,2025-04-16 21:00:00+02:00
2025-04-16 20:00:00+00:00,01.West.120,22.28333333333333,1002.9114,11.758889,65.06944444444444,198.33333333333334,1.0430933,2025-04-16 22:00:00+02:00
2025-04-16 21:00:00+00:00,01.West.120,22.2,1003.34296,11.658751,65.71875,191.25,1.0058401,2025-04-16 23:00:00+02:00
2025-04-16 22:00:00+00:00,01.West.120,22.2,1003.77454,11.558611,66.36805555555556,184.16666666666666,0.9685867,2025-04-17 00:00:00+02:00
2025-04-16 23:00:00+00:00,01.West.120,22.2,1004.2061,11.458472,67.01736111111111,177.08333333333331,0.93133336,2025-04-17 01:00:00+02:00
2025-04-17 00:00:00+00:00,01.West.120,22.11666666666667,1004.6377,11.358334,67.66666666666667,170.0,0.89408,2025-04-17 02:00:00+02:00
2025-04-17 01:00:00+00:00,01.West.120,22.083333333333332,1005.06934,11.258195,68.31597222222223,162.91666666666666,0.85682666,2025-04-17 03:00:00+02:00
2025-04-17 02:00:00+00:00,01.West.120,22.083333333333332,1005.5009,11.158056,68.96527777777777,155.83333333333331,0.81957334,2025-04-17 04:00:00+02:00
2025-04-17 03:00:00+00:00,01.West.120,22.083333333333332,1005.9325,11.057917,69.61458333333333,148.75,0.78232,2025-04-17 05:00:00+02:00
2025-04-17 04:00:00+00:00,01.West.120,22.05,1006.3641,10.957778,70.26388888888889,141.66666666666666,0.74506664,2025-04-17 06:00:00+02:00
2025-04-17 05:00:00+00:00,01.West.120,22.083333333333332,1006.79565,10.857639,70.91319444444444,134.58333333333331,0.7078133,2025-04-17 07:00:00+02:00
2025-04-17 06:00:00+00:00,01.West.120,22.366666666666664,1007.2273,10.7575,71.5625,127.49999999999999,0.67056,2025-04-17 08:00:00+02:00
2025-04-17 07:00:00+00:00,01.West.120,22.55,1007.6589,10.657361,72.21180555555556,120.41666666666666,0.6333067,2025-04-17 09:00:00+02:00
2025-04-17 08:00:00+00:00,01.West.120,22.45,1008.09045,10.557222,72.86111111111111,113.33333333333333,0.59605336,2025-04-17 10:00:00+02:00
2025-04-17 09:00:00+00:00,01.West.120,22.333333333333332,1008.52203,10.457084,73.51041666666667,106.24999999999999,0.5588,2025-04-17 11:00:00+02:00
2025-04-17 10:00:00+00:00,01.West.120,22.383333333333336,1008.9536,10.356945,74.15972222222221,99.16666666666666,0.52154666,2025-04-17 12:00:00+02:00
2025-04-17 11:00:00+00:00,01.West.120,22.916666666666668,1009.3852,10.256805,74.80902777777777,92.08333333333331,0.48429334,2025-04-17 13:00:00+02:00
2025-04-17 12:00:00+00:00,01.West.120,23.28333333333333,1009.81683,10.156667,75.45833333333333,84.99999999999999,0.44704,2025-04-17 14:00:00+02:00
2025-04-17 13:00:00+00:00,01.West.120,23.5,1010.2484,10.056528,76.10763888888889,77.91666666666666,0.40978667,2025-04-17 15:00:00+02:00
2025-04-17 14:00:00+00:00,01.West.120,23.333333333333332,1010.68,9.956388,76.75694444444444,70.83333333333331,0.37253332,2025-04-17 16:00:00+02:00
2025-04-17 15:00:00+00:00,01.West.120,23.03333333333333,1011.1116,9.85625,77.40625,63.749999999999986,0.33528,2025-04-17 17:00:00+02:00
2025-04-17 16:00:00+00:00,01.West.120,22.95,1011.54315,9.756111,78.05555555555556,56.66666666666665,0.29802668,2025-04-17 18:00:00+02:00
2025-04-17 17:00:00+00:00,01.West.120,22.61666666666667,1011.9748,9.6559725,78.70486111111111,49.583333333333314,0.26077333,2025-04-17 19:00:00+02:00
2025-04-17 18:00:00+00:00,01.West.120,22.516666666666666,1012.4064,9.555834,79.35416666666667,42.499999999999986,0.22352,2025-04-17 20:00:00+02:00
2025-04-17 19:00:00+00:00,01.West.120,22.366666666666664,1012.83795,9.455694,80.00347222222221,35.41666666666665,0.18626666,2025-04-17 21:00:00+02:00
2025-04-17 20:00:00+00:00,01.West.120,22.25,1013.26953,9.355556,80.65277777777777,28.333333333333314,0.14901334,2025-04-17 22:00:00+02:00
2025-04-17 21:00:00+00:00,01.West.120,22.183333333333334,1013.7011,9.255417,81.30208333333333,21.249999999999982,0.11176,2025-04-17 23:00:00+02:00
2025-04-17 22:00:00+00:00,01.West.120,22.11666666666667,1014.13275,9.155277,81.95138888888889,14.166666666666647,0.07450667,2025-04-18 00:00:00+02:00
2025-04-17 23:00:00+00:00,01.West.120,22.11666666666667,1014.56433,9.055139,82.60069444444444,7.083333333333313,0.037253335,2025-04-18 01:00:00+02:00
2025-04-18 00:00:00+00:00,01.West.120,22.100000000000005,1014.9959,8.955,83.25,0.0,0.0,2025-04-18 02:00:00+02:00
2025-04-18 01:00:00+00:00,01.West.120,22.1,1014.8627,8.890667,84.08333333333333,0.0,0.0,2025-04-18 03:00:00+02:00
2025-04-18 02:00:00+00:00,01.West.120,22.03333333333333,1014.9174,8.588667,85.11666666666666,0.0,0.0,2025-04-18 04:00:00+02:00
2025-04-18 03:00:00+00:00,01.West.120,22.0,1015.13367,8.533,85.8,0.0,0.0,2025-04-18 05:00:00+02:00
2025-04-18 04:00:00+00:00,01.West.120,22.0,1015.1286,8.241834,86.0,0.0,0.0,2025-04-18 06:00:00+02:00
2025-04-18 05:00:00+00:00,01.West.120,22.0,1015.4181,8.0625,86.86666666666666,16.933333333333334,0.0,2025-04-18 07:00:00+02:00
2025-04-18 06:00:00+00:00,01.West.120,22.0,1015.4649,8.612333,87.0,56.85,0.0,2025-04-18 08:00:00+02:00
2025-04-18 07:00:00+00:00,01.West.120,22.0,1015.57776,9.387895,85.6842105263158,91.42105263157895,0.023528421,2025-04-18 09:00:00+02:00
2025-04-18 08:00:00+00:00,01.West.120,22.349999999999998,1015.8436,10.556667,80.61666666666666,164.51666666666668,0.29802665,2025-04-18 10:00:00+02:00
2025-04-18 09:00:00+00:00,01.West.120,23.400000000000002,1015.7889,12.6553335,65.01666666666667,529.1333333333333,0.6780107,2025-04-18 11:00:00+02:00
2025-04-18 10:00:00+00:00,01.West.120,23.833333333333332,1015.356,15.077,48.96666666666667,705.3833333333333,0.8344747,2025-04-18 12:00:00+02:00
2025-04-18 11:00:00+00:00,01.West.120,23.683333333333334,1014.6838,15.9915,42.05,730.4333333333333,0.82702404,2025-04-18 13:00:00+02:00
2025-04-18 12:00:00+00:00,01.West.120,23.383333333333336,1014.186,16.818333,41.96666666666667,683.1333333333333,0.61840534,2025-04-18 14:00:00+02:00
2025-04-18 13:00:00+00:00,01.West.120,23.066666666666666,1013.77234,16.743,37.15,598.2333333333333,0.42468798,2025-04-18 15:00:00+02:00
2025-04-18 14:00:00+00:00,01.West.120,22.849999999999998,1013.36597,17.875,28.233333333333334,572.2166666666667,0.39488533,2025-04-18 16:00:00+02:00
2025-04-18 15:00:00+00:00,01.West.120,22.650000000000002,1012.9014,18.501333,29.066666666666666,434.21666666666664,0.3501813,2025-04-18 17:00:00+02:00
2025-04-18 16:00:00+00:00,01.West.120,22.5,1012.67566,18.595165,30.95,282.23333333333335,0.13411199,2025-04-18 18:00:00+02:00
2025-04-18 17:00:00+00:00,01.West.120,22.46666666666667,1012.534,17.012667,36.43333333333333,94.2,0.290576,2025-04-18 19:00:00+02:00
2025-04-18 18:00:00+00:00,01.West.120,22.399999999999995,1012.7767,14.214334,56.6,9.033333333333333,0.059605334,2025-04-18 20:00:00+02:00
2025-04-18 19:00:00+00:00,01.West.120,22.316666666666666,1013.05383,12.236166,67.9,0.0,0.0,2025-04-18 21:00:00+02:00
2025-04-18 20:00:00+00:00,01.West.120,22.333333333333332,1013.0719,10.963667,71.88333333333334,0.0,0.0074506667,2025-04-18 22:00:00+02:00
2025-04-18 21:00:00+00:00,01.West.120,22.266666666666666,1013.0391,9.937667,73.2,0.0,0.0,2025-04-18 23:00:00+02:00
2025-04-18 22:00:00+00:00,01.West.120,22.2,1012.94885,9.178833,75.76666666666667,0.0,0.0,2025-04-19 00:00:00+02:00
2025-04-18 23:00:00+00:00,01.West.120,22.16,1012.80096,8.458333,78.96666666666667,0.0,0.0074506667,2025-04-19 01:00:00+02:00
2025-04-19 00:00:00+00:00,01.West.120,22.100000000000005,1012.80096,8.076667,79.93333333333334,0.0,0.0,2025-04-19 02:00:00+02:00
2025-04-19 01:00:00+00:00,01.West.120,22.066666666666666,1012.80096,7.5153337,81.66666666666667,0.0,0.0,2025-04-19 03:00:00+02:00
2025-04-19 02:00:00+00:00,01.West.120,22.016666666666666,1012.55206,7.299667,81.91666666666667,0.0,0.0149013335,2025-04-19 04:00:00+02:00
2025-04-19 03:00:00+00:00,01.West.120,21.983333333333334,1011.3798,7.004667,83.55,0.0,0.0,2025-04-19 05:00:00+02:00
2025-04-19 04:00:00+00:00,01.West.120,21.933333333333334,1011.53394,6.4186664,84.98333333333333,1.15,0.0,2025-04-19 06:00:00+02:00
2025-04-19 05:00:00+00:00,01.West.120,21.899999999999995,1011.6242,6.3643336,86.0,16.116666666666667,0.0,2025-04-19 07:00:00+02:00
2025-04-19 06:00:00+00:00,01.West.120,22.333333333333332,1011.59546,7.5038333,85.7,69.4,0.022352,2025-04-19 08:00:00+02:00
2025-04-19 07:00:00+00:00,01.West.120,23.21666666666667,1011.3934,9.487333,81.38333333333334,155.41666666666666,0.19371733,2025-04-19 09:00:00+02:00
2025-04-19 08:00:00+00:00,01.West.120,23.883333333333336,1011.3262,11.147,75.5,164.4,0.47684267,2025-04-19 10:00:00+02:00
2025-04-19 09:00:00+00:00,01.West.120,24.25,1011.0039,13.087833,68.66666666666667,414.1,0.13411199,2025-04-19 11:00:00+02:00
2025-04-19 10:00:00+00:00,01.West.120,23.983333333333334,1010.72003,14.396333,61.2,394.96666666666664,0.201168,2025-04-19 12:00:00+02:00
2025-04-19 11:00:00+00:00,01.West.120,23.616666666666664,1010.246,14.909834,55.85,477.26666666666665,0.11921067,2025-04-19 13:00:00+02:00
2025-04-19 12:00:00+00:00,01.West.120,23.5,1009.83453,15.809999,49.71666666666667,581.0,0.3501813,2025-04-19 14:00:00+02:00
2025-04-19 13:00:00+00:00,01.West.120,23.3,1009.4721,15.6825,46.083333333333336,463.96666666666664,0.26077333,2025-04-19 15:00:00+02:00
2025-04-19 14:00:00+00:00,01.West.120,23.133333333333336,1008.93036,16.980333,45.6,572.1,0.357632,2025-04-19 16:00:00+02:00
2025-04-19 15:00:00+00:00,01.West.120,22.983333333333334,1008.5556,16.981333,45.03333333333333,438.8666666666667,0.30547732,2025-04-19 17:00:00+02:00
2025-04-19 16:00:00+00:00,01.West.120,22.866666666666664,1008.1768,16.237833,45.93333333333333,282.71666666666664,0.23097067,2025-04-19 18:00:00+02:00
2025-04-19 17:00:00+00:00,01.West.120,22.75,1007.8134,14.8116665,50.81666666666667,101.66666666666667,0.25332266,2025-04-19 19:00:00+02:00
2025-04-19 18:00:00+00:00,01.West.120,22.61666666666667,1007.8738,12.7125,58.983333333333334,11.366666666666667,0.059605334,2025-04-19 20:00:00+02:00
2025-04-19 19:00:00+00:00,01.West.120,22.566666666666666,1008.5725,11.057,66.4,0.0,0.03725333,2025-04-19 21:00:00+02:00
2025-04-19 20:00:00+00:00,01.West.120,22.52,1008.8665,9.547334,72.41666666666667,0.0,0.06705599,2025-04-19 22:00:00+02:00
2025-04-19 21:00:00+00:00,01.West.120,22.5,1008.6447,8.491667,77.8,0.0,0.12666133,2025-04-19 23:00:00+02:00
2025-04-19 22:00:00+00:00,01.West.120,22.399999999999995,1008.406,7.7009997,81.61666666666666,0.0,0.052154664,2025-04-20 00:00:00+02:00
2025-04-19 23:00:00+00:00,01.West.120,22.316666666666666,1008.1497,7.0735,83.41666666666667,0.0,0.0,2025-04-20 01:00:00+02:00
2025-04-20 00:00:00+00:00,01.West.120,22.28333333333333,1007.7462,6.6301665,84.78333333333333,0.0,0.0,2025-04-20 02:00:00+02:00
2025-04-20 01:00:00+00:00,01.West.120,22.233333333333334,1007.4635,6.4475,85.0,0.0,0.0,2025-04-20 03:00:00+02:00
2025-04-20 02:00:00+00:00,01.West.120,22.2,1007.40594,6.1725,85.93333333333334,0.0,0.0,2025-04-20 04:00:00+02:00
2025-04-20 03:00:00+00:00,01.West.120,22.133333333333336,1007.21796,5.9235,86.0,0.0,0.0,2025-04-20 05:00:00+02:00
2025-04-20 04:00:00+00:00,01.West.120,22.133333333333336,1007.2225,5.6653337,86.33333333333333,1.6833333333333333,0.0,2025-04-20 06:00:00+02:00
2025-04-20 05:00:00+00:00,01.West.120,22.11666666666667,1007.3861,5.751333,87.0,16.733333333333334,0.0,2025-04-20 07:00:00+02:00
2025-04-20 06:00:00+00:00,01.West.120,22.566666666666666,1007.69824,7.0216665,86.08333333333333,57.75,0.0,2025-04-20 08:00:00+02:00
2025-04-20 07:00:00+00:00,01.West.120,23.5,1007.4403,8.569667,82.46666666666667,143.16666666666666,0.07450666,2025-04-20 09:00:00+02:00
2025-04-20 08:00:00+00:00,01.West.120,24.05,1007.302,10.115168,77.5,173.03333333333333,0.11176,2025-04-20 10:00:00+02:00
2025-04-20 09:00:00+00:00,01.West.120,24.349999999999998,1007.5238,12.181667,69.98333333333333,497.0,0.22352,2025-04-20 11:00:00+02:00
2025-04-20 10:00:00+00:00,01.West.120,24.400000000000002,1007.34094,14.865666,60.53333333333333,601.8666666666667,0.03725333,2025-04-20 12:00:00+02:00
2025-04-20 11:00:00+00:00,01.West.120,24.21666666666667,1007.24445,16.236166,52.96666666666667,714.1666666666666,0.15646401,2025-04-20 13:00:00+02:00
2025-04-20 12:00:00+00:00,01.West.120,23.95,1007.1971,16.978,51.9,627.3833333333333,0.03725333,2025-04-20 14:00:00+02:00
2025-04-20 13:00:00+00:00,01.West.120,23.7,1006.9611,17.948334,48.81666666666667,584.8333333333334,0.052154664,2025-04-20 15:00:00+02:00
2025-04-20 14:00:00+00:00,01.West.120,23.566666666666666,1006.8782,18.151333,53.166666666666664,465.0,0.052154664,2025-04-20 16:00:00+02:00
2025-04-20 15:00:00+00:00,01.West.120,23.46666666666667,1006.8308,16.310333,61.56666666666667,226.43333333333334,0.0074506667,2025-04-20 17:00:00+02:00
2025-04-20 16:00:00+00:00,01.West.120,23.316666666666666,1006.8245,14.929334,66.58333333333333,106.48333333333333,0.03725333,2025-04-20 18:00:00+02:00
2025-04-20 17:00:00+00:00,01.West.120,23.12,1006.81946,13.105667,74.58333333333333,23.9,0.07450666,2025-04-20 19:00:00+02:00
2025-04-20 18:00:00+00:00,01.West.120,23.05,1007.31726,12.145833,78.18333333333334,3.55,0.029802667,2025-04-20 20:00:00+02:00
2025-04-20 19:00:00+00:00,01.West.120,23.0,1007.9556,11.920834,79.28333333333333,0.0,0.0,2025-04-20 21:00:00+02:00
2025-04-20 20:00:00+00:00,01.West.120,22.95,1008.1825,11.827333,77.78333333333333,0.0,0.0,2025-04-20 22:00:00+02:00
2025-04-20 21:00:00+00:00,01.West.120,22.833333333333332,1008.50934,11.505167,76.26666666666667,0.0,0.20861866,2025-04-20 23:00:00+02:00
2025-04-20 22:00:00+00:00,01.West.120,22.833333333333332,1008.5081,11.315001,78.66666666666667,0.0,0.12666133,2025-04-21 00:00:00+02:00
2025-04-20 23:00:00+00:00,01.West.120,22.8,1008.29767,11.036333,81.56666666666666,0.0,0.0,2025-04-21 01:00:00+02:00
2025-04-21 00:00:00+00:00,01.West.120,22.8,1008.08203,11.023833,82.93333333333334,0.0,0.0,2025-04-21 02:00:00+02:00
2025-04-21 01:00:00+00:00,01.West.120,22.71666666666667,1007.8343,10.551833,85.6,0.0,0.0,2025-04-21 03:00:00+02:00
2025-04-21 02:00:00+00:00,01.West.120,22.71666666666667,1007.85345,10.3828335,86.85,0.0,0.0,2025-04-21 04:00:00+02:00
2025-04-21 03:00:00+00:00,01.West.120,22.7,1007.9551,10.354,87.0,0.0,0.0,2025-04-21 05:00:00+02:00
2025-04-21 04:00:00+00:00,01.West.120,22.61666666666667,1008.01544,10.374333,87.71666666666667,0.0,0.0,2025-04-21 06:00:00+02:00
2025-04-21 05:00:00+00:00,01.West.120,22.650000000000002,1008.1199,10.636667,88.0,10.966666666666667,0.0,2025-04-21 07:00:00+02:00
2025-04-21 06:00:00+00:00,01.West.120,22.61666666666667,1008.49744,10.986333,88.0,22.666666666666668,0.0,2025-04-21 08:00:00+02:00
2025-04-21 07:00:00+00:00,01.West.120,22.633333333333336,1008.7125,11.189834,88.0,65.2,0.0,2025-04-21 09:00:00+02:00
2025-04-21 08:00:00+00:00,01.West.120,22.71666666666667,1009.11774,11.940001,88.0,138.21666666666667,0.0074506667,2025-04-21 10:00:00+02:00
2025-04-21 09:00:00+00:00,01.West.120,22.833333333333332,1009.42303,12.854501,87.9,180.71666666666667,0.08195733,2025-04-21 11:00:00+02:00
2025-04-21 10:00:00+00:00,01.West.120,22.933333333333334,1009.5833,13.854833,85.9,217.56666666666666,0.0,2025-04-21 12:00:00+02:00
2025-04-21 11:00:00+00:00,01.West.120,23.0,1009.629,15.070333,76.11666666666666,248.9,0.0,2025-04-21 13:00:00+02:00
2025-04-21 12:00:00+00:00,01.West.120,22.95,1009.7639,15.2039995,74.28333333333333,111.71666666666667,0.0,2025-04-21 14:00:00+02:00
2025-04-21 13:00:00+00:00,01.West.120,22.766666666666666,1010.07434,14.303833,80.5,50.13333333333333,0.0,2025-04-21 15:00:00+02:00
2025-04-21 14:00:00+00:00,01.West.120,22.71666666666667,1010.27985,14.279666,80.43333333333334,63.733333333333334,0.0,2025-04-21 16:00:00+02:00
2025-04-21 15:00:00+00:00,01.West.120,22.633333333333336,1010.5603,14.478666,77.58333333333333,68.56666666666666,0.0,2025-04-21 17:00:00+02:00
2025-04-21 16:00:00+00:00,01.West.120,22.62,1010.94183,14.035999,77.08333333333333,67.2,0.0,2025-04-21 18:00:00+02:00
2025-04-21 17:00:00+00:00,01.West.120,22.583333333333332,1011.3194,13.993834,73.73333333333333,48.15,0.0,2025-04-21 19:00:00+02:00
2025-04-21 18:00:00+00:00,01.West.120,22.5,1011.7196,13.471,75.73333333333333,8.283333333333333,0.0,2025-04-21 20:00:00+02:00
2025-04-21 19:00:00+00:00,01.West.120,22.5,1012.56506,12.374666,79.76666666666667,0.0,0.0,2025-04-21 21:00:00+02:00
2025-04-21 20:00:00+00:00,01.West.120,22.5,1013.042,11.606501,84.86666666666666,0.0,0.0,2025-04-21 22:00:00+02:00
2025-04-21 21:00:00+00:00,01.West.120,22.516666666666666,1013.4884,10.942167,86.0,0.0,0.089408,2025-04-21 23:00:00+02:00
2025-04-21 22:00:00+00:00,01.West.120,22.5,1013.9879,10.506166,86.25,0.0,0.029802667,2025-04-22 00:00:00+02:00
2025-04-21 23:00:00+00:00,01.West.120,22.516666666666666,1014.1268,10.400833,86.36666666666666,0.0,0.03725333,2025-04-22 01:00:00+02:00
2025-04-22 00:00:00+00:00,01.West.120,22.483333333333334,1014.1403,10.325,86.0,0.0,0.0,2025-04-22 02:00:00+02:00
2025-04-22 01:00:00+00:00,01.West.120,22.46666666666667,1014.1905,10.739166,86.3,0.0,0.0149013335,2025-04-22 03:00:00+02:00
2025-04-22 02:00:00+00:00,01.West.120,22.45,1014.22614,11.090667,86.0,0.0,0.03725333,2025-04-22 04:00:00+02:00
2025-04-22 03:00:00+00:00,01.West.120,22.416666666666668,1014.2808,11.293667,86.0,0.0,0.0,2025-04-22 05:00:00+02:00
2025-04-22 04:00:00+00:00,01.West.120,22.399999999999995,1014.5229,11.479167,86.1,0.7,0.16391467,2025-04-22 06:00:00+02:00
2025-04-22 05:00:00+00:00,01.West.120,22.316666666666666,1015.027,11.211834,86.0,17.95,0.12666133,2025-04-22 07:00:00+02:00
2025-04-22 06:00:00+00:00,01.West.120,22.349999999999998,1015.7144,11.487166,84.8,60.38333333333333,0.13411199,2025-04-22 08:00:00+02:00
2025-04-22 07:00:00+00:00,01.West.120,22.349999999999998,1016.3284,12.1414995,82.56666666666666,109.53333333333333,0.13411199,2025-04-22 09:00:00+02:00
2025-04-22 08:00:00+00:00,01.West.120,22.5,1016.95325,12.674334,79.95,173.13333333333333,0.37253332,2025-04-22 10:00:00+02:00
2025-04-22 09:00:00+00:00,01.West.120,22.71666666666667,1017.2744,13.666667,76.78333333333333,410.4,0.43213865,2025-04-22 11:00:00+02:00
2025-04-22 10:00:00+00:00,01.West.120,22.983333333333334,1017.4449,14.789667,73.13333333333334,497.9,0.49174398,2025-04-22 12:00:00+02:00
2025-04-22 11:00:00+00:00,01.West.120,23.083333333333332,1017.49396,15.195001,68.06666666666666,619.1833333333333,0.5588,2025-04-22 13:00:00+02:00
2025-04-22 12:00:00+00:00,01.West.120,23.083333333333332,1017.6159,15.922167,63.2,724.6,0.357632,2025-04-22 14:00:00+02:00
2025-04-22 13:00:00+00:00,01.West.120,22.983333333333334,1017.652,16.402668,58.31666666666667,643.7833333333333,0.5662507,2025-04-22 15:00:00+02:00
2025-04-22 14:00:00+00:00,01.West.120,22.866666666666664,1017.6367,16.799168,52.916666666666664,575.7333333333333,0.44704,2025-04-22 16:00:00+02:00
2025-04-22 15:00:00+00:00,01.West.120,22.759999999999998,1017.5933,16.659334,55.833333333333336,414.8,0.17136532,2025-04-22 17:00:00+02:00
2025-04-22 16:00:00+00:00,01.West.120,22.666666666666668,1017.6277,16.195833,57.516666666666666,261.81666666666666,0.089408,2025-04-22 18:00:00+02:00
2025-04-22 17:00:00+00:00,01.West.120,22.583333333333332,1017.5487,14.5234995,61.78333333333333,57.833333333333336,0.0,2025-04-22 19:00:00+02:00
2025-04-22 18:00:00+00:00,01.West.120,22.600000000000005,1017.7558,13.525666,67.8,15.5,0.0,2025-04-22 20:00:00+02:00
2025-04-22 19:00:00+00:00,01.West.120,22.516666666666666,1017.98724,11.9415,74.35,0.0,0.0,2025-04-22 21:00:00+02:00
2025-04-22 20:00:00+00:00,01.West.120,22.46666666666667,1018.15094,10.782333,80.63333333333334,0.0,0.0,2025-04-22 22:00:00+02:00
2025-04-22 21:00:00+00:00,01.West.120,22.399999999999995,1017.9483,10.033667,84.16666666666667,0.0,0.0,2025-04-22 23:00:00+02:00
2025-04-22 22:00:00+00:00,01.West.120,22.366666666666664,1017.9483,9.667333,85.38333333333334,0.0,0.0,2025-04-23 00:00:00+02:00
2025-04-22 23:00:00+00:00,01.West.120,22.349999999999998,1017.9483,9.566,86.3,0.0,0.0,2025-04-23 01:00:00+02:00
2025-04-23 00:00:00+00:00,01.West.120,22.3,1017.9483,9.6105,87.0,0.0,0.0,2025-04-23 02:00:00+02:00
2025-04-23 01:00:00+00:00,01.West.120,22.28333333333333,1017.9483,9.033,87.0,0.0,0.0,2025-04-23 03:00:00+02:00
2025-04-23 02:00:00+00:00,01.West.120,22.233333333333334,1017.9483,8.438167,87.0,0.0,0.0,2025-04-23 04:00:00+02:00
2025-04-23 03:00:00+00:00,01.West.120,22.25,1016.215,7.9968333,87.16666666666667,0.0,0.0,2025-04-23 05:00:00+02:00
2025-04-23 04:00:00+00:00,01.West.120,22.2,1014.9999,7.8471665,88.0,2.433333333333333,0.0,2025-04-23 06:00:00+02:00
2025-04-23 05:00:00+00:00,01.West.120,22.183333333333334,1014.69684,8.4053335,88.0,39.75,0.0,2025-04-23 07:00:00+02:00
2025-04-23 06:00:00+00:00,01.West.120,22.5,1014.38184,10.540833,87.25,88.38333333333334,0.16391467,2025-04-23 08:00:00+02:00
2025-04-23 07:00:00+00:00,01.West.120,22.600000000000005,1014.05786,13.021,78.0,134.43333333333334,0.23842134,2025-04-23 09:00:00+02:00
2025-04-23 08:00:00+00:00,01.West.120,22.766666666666666,1014.0082,13.847,72.3,110.18333333333334,0.32037866,2025-04-23 10:00:00+02:00
2025-04-23 09:00:00+00:00,01.West.120,22.96666666666667,1013.7971,14.2415,69.73333333333333,165.51666666666668,0.27567467,2025-04-23 11:00:00+02:00
2025-04-23 10:00:00+00:00,01.West.120,23.100000000000005,1013.65546,14.652667,69.26666666666667,143.21666666666667,0.11921067,2025-04-23 12:00:00+02:00
2025-04-23 11:00:00+00:00,01.West.120,23.100000000000005,1013.62836,14.393499,71.0,83.25,0.03725333,2025-04-23 13:00:00+02:00
2025-04-23 12:00:00+00:00,01.West.120,22.983333333333334,1013.86316,12.799666,78.51666666666667,125.96666666666667,0.72271466,2025-04-23 14:00:00+02:00
2025-04-23 13:00:00+00:00,01.West.120,22.71666666666667,1013.83386,11.043166,83.56666666666666,41.05,0.29802665,2025-04-23 15:00:00+02:00
2025-04-23 14:00:00+00:00,01.West.120,22.880000000000003,1013.81696,10.874,86.51666666666667,106.38333333333334,0.12666133,2025-04-23 16:00:00+02:00
2025-04-23 15:00:00+00:00,01.West.120,23.083333333333332,1013.81696,11.886999,86.56666666666666,180.2,0.044704,2025-04-23 17:00:00+02:00
2025-04-23 16:00:00+00:00,01.West.120,22.900000000000002,1013.857,11.991,86.03333333333333,55.766666666666666,0.0,2025-04-23 18:00:00+02:00
2025-04-23 17:00:00+00:00,01.West.120,22.71666666666667,1013.87164,12.0775,87.0,45.46666666666667,0.0,2025-04-23 19:00:00+02:00
2025-04-23 18:00:00+00:00,01.West.120,22.600000000000005,1014.17413,12.0945,87.0,12.85,0.0,2025-04-23 20:00:00+02:00
2025-04-23 19:00:00+00:00,01.West.120,22.53333333333333,1014.7256,11.994333,87.0,0.0,0.0,2025-04-23 21:00:00+02:00
2025-04-23 20:00:00+00:00,01.West.120,22.53333333333333,1015.1511,12.256833,87.0,0.0,0.0,2025-04-23 22:00:00+02:00
2025-04-23 21:00:00+00:00,01.West.120,22.483333333333334,1015.4,12.240001,87.0,0.0,0.0,2025-04-23 23:00:00+02:00
2025-04-23 22:00:00+00:00,01.West.120,22.416666666666668,1015.4988,12.026,87.0,0.0,0.0,2025-04-24 00:00:00+02:00
2025-04-23 23:00:00+00:00,01.West.120,22.366666666666664,1015.7031,11.711667,87.0,0.0,0.0,2025-04-24 01:00:00+02:00
2025-04-24 00:00:00+00:00,01.West.120,22.3,1015.8899,11.241834,87.15,0.0,0.0,2025-04-24 02:00:00+02:00
2025-04-24 01:00:00+00:00,01.West.120,22.3,1015.9729,10.776334,87.36666666666666,0.0,0.0,2025-04-24 03:00:00+02:00
2025-04-24 02:00:00+00:00,01.West.120,22.25,1016.14276,10.3975,87.51666666666667,0.0,0.0,2025-04-24 04:00:00+02:00
2025-04-24 03:00:00+00:00,01.West.120,22.2,1016.30023,10.276,87.01666666666667,0.0,0.0,2025-04-24 05:00:00+02:00
2025-04-25 12:00:00+00:00,01.West.120,23.775,1018.6933,15.964001,62.083333333333336,732.0666666666667,0.044704,2025-04-25 14:00:00+02:00
2025-04-25 13:00:00+00:00,01.West.120,23.566666666666666,1018.6933,16.855501,58.916666666666664,706.0833333333334,0.052154668,2025-04-25 15:00:00+02:00
2025-04-25 14:00:00+00:00,01.West.120,23.45,1018.6933,16.538334,61.65,518.4666666666667,0.14156267,2025-04-25 16:00:00+02:00
2025-04-25 15:00:00+00:00,01.West.120,23.233333333333334,1018.6933,16.631334,62.016666666666666,465.1333333333333,0.022352,2025-04-25 17:00:00+02:00
2025-04-25 16:00:00+00:00,01.West.120,22.900000000000002,1018.6933,16.323168,62.88333333333333,308.7,0.0,2025-04-25 18:00:00+02:00
2025-04-25 17:00:00+00:00,01.West.120,22.7,1018.6933,15.345667,64.86666666666666,131.7,0.0074506667,2025-04-25 19:00:00+02:00
2025-04-25 18:00:00+00:00,01.West.120,22.566666666666666,1018.6933,13.115833,69.11666666666666,12.85,0.0,2025-04-25 20:00:00+02:00
2025-04-25 19:00:00+00:00,01.West.120,22.46,1018.6933,11.471833,74.48333333333333,0.0,0.0,2025-04-25 21:00:00+02:00
2025-04-25 20:00:00+00:00,01.West.120,22.349999999999998,1018.6933,10.651167,79.41666666666667,0.0,0.0,2025-04-25 22:00:00+02:00
2025-04-25 21:00:00+00:00,01.West.120,22.349999999999998,1018.6933,9.947666,82.88333333333334,0.0,0.0,2025-04-25 23:00:00+02:00
2025-04-25 22:00:00+00:00,01.West.120,22.28333333333333,1018.6933,9.350167,84.63333333333334,0.0,0.0,2025-04-26 00:00:00+02:00
2025-04-25 23:00:00+00:00,01.West.120,22.166666666666668,1018.6933,8.5285,85.2,0.0,0.0,2025-04-26 01:00:00+02:00
2025-04-26 00:00:00+00:00,01.West.120,22.150000000000002,1018.6933,8.128167,86.03333333333333,0.0,0.0,2025-04-26 02:00:00+02:00
2025-04-26 01:00:00+00:00,01.West.120,22.133333333333336,1018.6933,7.8929996,86.98333333333333,0.0,0.0,2025-04-26 03:00:00+02:00
2025-04-26 02:00:00+00:00,01.West.120,22.100000000000005,1018.6933,7.6055,87.0,0.0,0.0,2025-04-26 04:00:00+02:00
2025-04-26 03:00:00+00:00,01.West.120,22.066666666666666,1018.6933,7.363667,87.0,0.0,0.0,2025-04-26 05:00:00+02:00
2025-04-26 04:00:00+00:00,01.West.120,22.0,1018.6933,7.1063333,87.0,3.5166666666666666,0.0,2025-04-26 06:00:00+02:00
2025-04-26 05:00:00+00:00,01.West.120,22.016666666666666,1018.6933,7.4316664,87.18333333333334,25.45,0.0,2025-04-26 07:00:00+02:00
2025-04-26 06:00:00+00:00,01.West.120,22.5,1018.6933,8.417167,87.15,60.55,0.0074506667,2025-04-26 08:00:00+02:00
2025-04-26 07:00:00+00:00,01.West.120,23.266666666666666,1018.6933,10.4055,86.21666666666667,103.23333333333333,0.11176,2025-04-26 09:00:00+02:00
2025-04-26 08:00:00+00:00,01.West.120,23.916666666666668,1018.6933,12.376833,81.31666666666666,159.33333333333334,0.178816,2025-04-26 10:00:00+02:00
2025-04-26 09:00:00+00:00,01.West.120,24.166666666666668,1018.6933,14.3865,75.78333333333333,512.1666666666666,0.33528,2025-04-26 11:00:00+02:00
2025-04-26 10:00:00+00:00,01.West.120,24.21666666666667,1018.6933,16.018,69.0,717.05,0.38743466,2025-04-26 12:00:00+02:00
2025-04-26 11:00:00+00:00,01.West.120,24.116666666666664,1018.6933,17.090668,64.33333333333333,718.5,0.73761594,2025-04-26 13:00:00+02:00
2025-04-26 12:00:00+00:00,01.West.120,23.866666666666664,1018.6933,18.114666,57.416666666666664,720.0833333333334,0.36508268,2025-04-26 14:00:00+02:00
2025-04-26 13:00:00+00:00,01.West.120,23.566666666666666,1018.6933,18.932001,47.68333333333333,717.9,0.78231996,2025-04-26 15:00:00+02:00
2025-04-26 14:00:00+00:00,01.West.120,23.349999999999998,1018.6933,19.479166,46.833333333333336,609.5833333333334,0.29057598,2025-04-26 16:00:00+02:00
2025-04-26 15:00:00+00:00,01.West.120,23.25,1018.6933,19.42,50.36666666666667,358.85,0.052154664,2025-04-26 17:00:00+02:00
2025-04-26 16:00:00+00:00,01.West.120,23.18,1018.6933,19.613167,49.71666666666667,292.43333333333334,0.07450666,2025-04-26 18:00:00+02:00
2025-04-26 17:00:00+00:00,01.West.120,23.083333333333332,1018.6933,18.831667,52.71666666666667,122.26666666666667,0.059605334,2025-04-26 19:00:00+02:00
2025-04-26 18:00:00+00:00,01.West.120,22.983333333333334,1018.6933,16.2325,61.166666666666664,15.883333333333333,0.0,2025-04-26 20:00:00+02:00
2025-04-26 19:00:00+00:00,01.West.120,22.899999999999995,1018.6933,14.011,68.76666666666667,0.0,0.0,2025-04-26 21:00:00+02:00
2025-04-26 20:00:00+00:00,01.West.120,22.833333333333332,1018.6933,12.889001,73.45,0.0,0.0,2025-04-26 22:00:00+02:00
2025-04-26 21:00:00+00:00,01.West.120,22.8,1018.6933,12.5375,75.03333333333333,0.0,0.0,2025-04-26 23:00:00+02:00
2025-04-26 22:00:00+00:00,01.West.120,22.75,1018.6933,11.969833,78.85,0.0,0.0,2025-04-27 00:00:00+02:00
2025-04-26 23:00:00+00:00,01.West.120,22.683333333333334,1018.6933,11.3665,81.65,0.0,0.0,2025-04-27 01:00:00+02:00
2025-04-27 00:00:00+00:00,01.West.120,22.633333333333336,1018.6933,10.782833,83.31666666666666,0.0,0.0,2025-04-27 02:00:00+02:00
2025-04-27 01:00:00+00:00,01.West.120,22.566666666666666,1018.6933,10.454667,84.0,0.0,0.0,2025-04-27 03:00:00+02:00
2025-04-27 02:00:00+00:00,01.West.120,22.566666666666666,1018.6933,10.099667,84.83333333333333,0.0,0.0,2025-04-27 04:00:00+02:00
2025-04-27 03:00:00+00:00,01.West.120,22.516666666666666,1018.6933,9.547167,85.05,0.0,0.0,2025-04-27 05:00:00+02:00
2025-04-27 04:00:00+00:00,01.West.120,22.5,1018.6933,9.052167,86.0,3.6666666666666665,0.0,2025-04-27 06:00:00+02:00
2025-04-27 05:00:00+00:00,01.West.120,22.55,1018.6933,9.004167,86.0,18.483333333333334,0.0,2025-04-27 07:00:00+02:00
2025-04-27 06:00:00+00:00,01.West.120,23.133333333333336,1018.6933,10.499333,83.41666666666667,49.1,0.0,2025-04-27 08:00:00+02:00
2025-04-27 07:00:00+00:00,01.West.120,23.983333333333334,1018.6933,13.089666,73.43333333333334,76.06666666666666,0.0,2025-04-27 09:00:00+02:00
2025-04-27 08:00:00+00:00,01.West.120,24.616666666666664,1018.6933,15.001333,66.21666666666667,132.48333333333332,0.029802667,2025-04-27 10:00:00+02:00
2025-04-27 09:00:00+00:00,01.West.120,25.016666666666666,1018.6933,17.491,57.06666666666667,583.1,0.029802667,2025-04-27 11:00:00+02:00
2025-04-27 10:00:00+00:00,01.West.120,25.066666666666666,1018.6933,19.963999,49.05,726.7666666666667,0.059605334,2025-04-27 12:00:00+02:00
2025-04-27 11:00:00+00:00,01.West.120,24.883333333333336,1018.6933,20.812834,44.083333333333336,771.9333333333333,0.03725333,2025-04-27 13:00:00+02:00
2025-04-27 12:00:00+00:00,01.West.120,24.566666666666666,1018.6933,21.064833,43.55,729.1,0.06705601,2025-04-27 14:00:00+02:00
2025-04-27 13:00:00+00:00,01.West.120,24.233333333333334,1018.6933,21.043333,45.45,657.0833333333334,0.25332266,2025-04-27 15:00:00+02:00
2025-04-27 14:00:00+00:00,01.West.120,24.05,1018.6933,21.291332,44.016666666666666,597.3,0.14156267,2025-04-27 16:00:00+02:00
2025-04-27 15:00:00+00:00,01.West.120,23.96,1018.6933,21.398167,42.93333333333333,468.3,0.13411199,2025-04-27 17:00:00+02:00
2025-04-27 16:00:00+00:00,01.West.120,23.833333333333332,1018.6933,20.1575,45.46666666666667,318.6666666666667,0.14156267,2025-04-27 18:00:00+02:00
2025-04-27 17:00:00+00:00,01.West.120,23.8,1018.6933,17.950666,51.6,141.3,0.03725333,2025-04-27 19:00:00+02:00
2025-04-27 18:00:00+00:00,01.West.120,23.683333333333334,1018.6933,15.8619995,58.083333333333336,17.4,0.0149013335,2025-04-27 20:00:00+02:00
2025-04-27 19:00:00+00:00,01.West.120,23.483333333333334,1018.6933,14.326833,63.75,0.0,0.0,2025-04-27 21:00:00+02:00
2025-04-27 20:00:00+00:00,01.West.120,23.399999999999995,1018.6933,13.0835,68.36666666666666,0.0,0.0,2025-04-27 22:00:00+02:00
2025-04-27 21:00:00+00:00,01.West.120,23.349999999999998,1018.6933,12.227833,71.4,0.0,0.0,2025-04-27 23:00:00+02:00
2025-04-27 22:00:00+00:00,01.West.120,23.333333333333332,1018.6933,11.557667,75.25,0.0,0.0,2025-04-28 00:00:00+02:00
2025-04-27 23:00:00+00:00,01.West.120,23.333333333333332,1018.6933,10.412,80.55,0.0,0.0,2025-04-28 01:00:00+02:00
2025-04-28 00:00:00+00:00,01.West.120,23.25,1018.6933,9.6945,83.65,0.0,0.0,2025-04-28 02:00:00+02:00
2025-04-28 01:00:00+00:00,01.West.120,23.233333333333334,1018.6933,9.290166,84.96666666666667,0.0,0.0,2025-04-28 03:00:00+02:00
2025-04-28 02:00:00+00:00,01.West.120,23.21666666666667,1018.6933,8.616166,85.85,0.0,0.0,2025-04-28 04:00:00+02:00
2025-04-28 03:00:00+00:00,01.West.120,23.150000000000002,1018.6933,8.212333,86.0,0.0,0.0,2025-04-28 05:00:00+02:00
2025-04-28 04:00:00+00:00,01.West.120,23.100000000000005,1018.6933,8.193167,86.73333333333333,3.966666666666667,0.0,2025-04-28 06:00:00+02:00
2025-04-28 05:00:00+00:00,01.West.120,23.11666666666667,1018.6933,8.7915,87.0,19.3,0.0,2025-04-28 07:00:00+02:00
2025-04-28 06:00:00+00:00,01.West.120,23.78333333333333,1018.6933,10.653833,86.08333333333333,63.2,0.0,2025-04-28 08:00:00+02:00
2025-04-28 07:00:00+00:00,01.West.120,24.650000000000002,1018.6933,13.994333,71.9,88.35,0.0,2025-04-28 09:00:00+02:00
2025-04-28 08:00:00+00:00,01.West.120,25.366666666666664,1018.6933,16.446499,55.85,135.98333333333332,0.0149013335,2025-04-28 10:00:00+02:00
2025-04-28 09:00:00+00:00,01.West.120,25.78333333333333,1018.6933,18.537666,49.56666666666667,597.5833333333334,0.022352,2025-04-28 11:00:00+02:00
2025-04-28 10:00:00+00:00,01.West.120,25.983333333333334,1018.6933,20.5445,42.93333333333333,730.55,0.059605334,2025-04-28 12:00:00+02:00
2025-04-28 11:00:00+00:00,01.West.120,25.833333333333332,1018.6933,21.248,42.15,770.95,0.10430933,2025-04-28 13:00:00+02:00
2025-04-28 12:00:00+00:00,01.West.120,25.599999999999998,1018.6933,21.6255,42.3,750.3166666666667,0.044704,2025-04-28 14:00:00+02:00
2025-04-28 13:00:00+00:00,01.West.120,25.583333333333332,1018.6933,21.984001,41.21666666666667,673.05,0.029802667,2025-04-28 15:00:00+02:00
2025-04-28 14:00:00+00:00,01.West.120,25.4,1018.6933,22.369667,39.46666666666667,609.7833333333333,0.11921067,2025-04-28 16:00:00+02:00
2025-04-28 15:00:00+00:00,01.West.120,25.28333333333333,1018.6933,21.9685,39.61666666666667,474.73333333333335,0.12666133,2025-04-28 17:00:00+02:00
2025-04-28 16:00:00+00:00,01.West.120,24.766666666666666,1018.6933,21.146502,42.05,307.46666666666664,0.03725333,2025-04-28 18:00:00+02:00
2025-04-28 17:00:00+00:00,01.West.120,24.28333333333333,1018.6933,19.959333,44.06666666666667,154.05,0.0149013335,2025-04-28 19:00:00+02:00
2025-04-28 18:00:00+00:00,01.West.120,23.933333333333334,1018.6933,16.954,48.1,19.483333333333334,0.0,2025-04-28 20:00:00+02:00
2025-04-28 19:00:00+00:00,01.West.120,23.616666666666664,1018.6933,15.0325,52.71666666666667,0.16666666666666666,0.0,2025-04-28 21:00:00+02:00
2025-04-28 20:00:00+00:00,01.West.120,23.333333333333332,1018.6933,13.600333,58.61666666666667,0.0,0.0,2025-04-28 22:00:00+02:00
2025-04-28 21:00:00+00:00,01.West.120,23.116666666666664,1018.6933,12.676167,61.8,0.0,0.0,2025-04-28 23:00:00+02:00
2025-04-28 22:00:00+00:00,01.West.120,22.883333333333336,1018.6933,12.187166,65.41666666666667,0.0,0.0,2025-04-29 00:00:00+02:00
2025-04-28 23:00:00+00:00,01.West.120,22.75,1018.6933,11.6241665,69.18333333333334,0.0,0.0,2025-04-29 01:00:00+02:00
2025-04-29 00:00:00+00:00,01.West.120,22.583333333333332,1018.6933,11.0164995,72.6,0.0,0.0,2025-04-29 02:00:00+02:00
2025-04-29 01:00:00+00:00,01.West.120,22.483333333333334,1018.6933,10.637166,74.91666666666667,0.0,0.0,2025-04-29 03:00:00+02:00
2025-04-29 02:00:00+00:00,01.West.120,22.266666666666666,1018.6933,9.934667,78.1,0.0,0.0,2025-04-29 04:00:00+02:00
2025-04-29 03:00:00+00:00,01.West.120,22.116666666666664,1018.6933,9.711166,80.98333333333333,0.0,0.0,2025-04-29 05:00:00+02:00
2025-04-29 04:00:00+00:00,01.West.120,22.03333333333333,1018.6933,9.554833,82.85,4.066666666666666,0.0,2025-04-29 06:00:00+02:00
2025-04-29 05:00:00+00:00,01.West.120,22.083333333333332,1018.6933,10.158334,84.3,20.733333333333334,0.0,2025-04-29 07:00:00+02:00
2025-04-29 06:00:00+00:00,01.West.120,22.650000000000002,1018.6933,11.888,83.68333333333334,76.21666666666667,0.0149013335,2025-04-29 08:00:00+02:00
2025-04-29 07:00:00+00:00,01.West.120,25.766666666666666,1018.6933,14.164667,78.55,104.58333333333333,0.0149013335,2025-04-29 09:00:00+02:00
2025-04-29 08:00:00+00:00,01.West.120,24.933333333333334,1018.6933,16.321667,69.86666666666666,146.33333333333334,0.0149013335,2025-04-29 10:00:00+02:00
2025-04-29 09:00:00+00:00,01.West.120,25.05,1018.6933,18.406166,59.55,594.8166666666667,0.11176,2025-04-29 11:00:00+02:00
2025-04-29 10:00:00+00:00,01.West.120,25.233333333333334,1018.6933,20.559334,53.916666666666664,724.1,0.18626666,2025-04-29 12:00:00+02:00
2025-04-29 11:00:00+00:00,01.West.120,25.25,1018.6933,21.819832,48.38333333333333,762.0666666666667,0.16391467,2025-04-29 13:00:00+02:00
2025-04-29 12:00:00+00:00,01.West.120,25.150000000000002,1018.6933,22.720833,44.75,758.9333333333333,0.18626666,2025-04-29 14:00:00+02:00
2025-04-29 13:00:00+00:00,01.West.120,25.100000000000005,1018.6933,23.831,42.75,695.6333333333333,0.14156267,2025-04-29 15:00:00+02:00
2025-04-29 14:00:00+00:00,01.West.120,25.1,1018.6933,24.172499,42.083333333333336,606.05,0.06705599,2025-04-29 16:00:00+02:00
2025-04-29 15:00:00+00:00,01.West.120,25.016666666666666,1018.6933,23.507168,47.81666666666667,457.48333333333335,0.07450666,2025-04-29 17:00:00+02:00
2025-04-29 16:00:00+00:00,01.West.120,24.8,1018.6933,23.128332,49.86666666666667,279.3833333333333,0.0,2025-04-29 18:00:00+02:00
2025-04-29 17:00:00+00:00,01.West.120,24.53333333333333,1018.6933,22.306667,51.333333333333336,148.85,0.0,2025-04-29 19:00:00+02:00
2025-04-29 18:00:00+00:00,01.West.120,24.46666666666667,1018.6933,20.103666,51.96666666666667,18.633333333333333,0.0,2025-04-29 20:00:00+02:00
2025-04-29 19:00:00+00:00,01.West.120,24.349999999999998,1018.6933,17.918333,60.31666666666667,0.0,0.0,2025-04-29 21:00:00+02:00
2025-04-29 20:00:00+00:00,01.West.120,24.183333333333334,1018.6933,16.537333,68.06666666666666,0.0,0.0,2025-04-29 22:00:00+02:00
2025-04-29 21:00:00+00:00,01.West.120,24.05,1018.6933,15.623334,73.98333333333333,0.0,0.0,2025-04-29 23:00:00+02:00
2025-04-29 22:00:00+00:00,01.West.120,24.0,1018.6933,14.904833,78.7,0.0,0.0,2025-04-30 00:00:00+02:00
2025-04-29 23:00:00+00:00,01.West.120,23.933333333333334,1018.6933,14.2635,81.45,0.0,0.0074506667,2025-04-30 01:00:00+02:00
2025-04-30 00:00:00+00:00,01.West.120,23.899999999999995,1018.6933,13.761834,82.83333333333333,0.0,0.0,2025-04-30 02:00:00+02:00
2025-04-30 01:00:00+00:00,01.West.120,23.833333333333332,1018.6933,13.127,83.4,0.0,0.0149013335,2025-04-30 03:00:00+02:00
2025-04-30 02:00:00+00:00,01.West.120,23.75,1018.6933,12.512166,84.25,0.0,0.0,2025-04-30 04:00:00+02:00
2025-04-30 03:00:00+00:00,01.West.120,23.633333333333336,1018.6933,12.037667,85.0,0.0,0.0,2025-04-30 05:00:00+02:00
2025-04-30 04:00:00+00:00,01.West.120,23.61666666666667,1018.6933,11.683834,85.8,5.666666666666667,0.0,2025-04-30 06:00:00+02:00
2025-04-30 05:00:00+00:00,01.West.120,23.78333333333333,1018.6933,11.975666,86.0,27.516666666666666,0.0,2025-04-30 07:00:00+02:00
2025-04-30 06:00:00+00:00,01.West.120,24.25,1018.6933,13.339001,85.16666666666667,79.11666666666666,0.052154664,2025-04-30 08:00:00+02:00
2025-04-30 07:00:00+00:00,01.West.120,26.616666666666664,1018.6933,15.5255,80.3,97.5,0.03725333,2025-04-30 09:00:00+02:00
2025-04-30 08:00:00+00:00,01.West.120,26.316666666666666,1018.6933,17.691833,73.26666666666667,161.38333333333333,0.029802667,2025-04-30 10:00:00+02:00
2025-04-30 09:00:00+00:00,01.West.120,26.416666666666668,1018.6933,20.920166,61.75,606.25,0.0074506667,2025-04-30 11:00:00+02:00
2025-04-30 10:00:00+00:00,01.West.120,26.583333333333332,1018.6933,23.223835,51.05,707.7,0.044704,2025-04-30 12:00:00+02:00
2025-04-30 11:00:00+00:00,01.West.120,26.666666666666668,1018.6933,24.298,47.416666666666664,758.55,0.03725333,2025-04-30 13:00:00+02:00
2025-04-30 12:00:00+00:00,01.West.120,26.55,1018.6933,25.095499,41.81666666666667,763.7833333333333,0.059605334,2025-04-30 14:00:00+02:00
2025-04-30 13:00:00+00:00,01.West.120,26.183333333333334,1018.6933,25.641666,39.15,712.8,0.044704,2025-04-30 15:00:00+02:00
2025-04-30 14:00:00+00:00,01.West.120,26.03333333333333,1018.6933,26.492,39.71666666666667,611.3166666666667,0.0149013335,2025-04-30 16:00:00+02:00
2025-04-30 15:00:00+00:00,01.West.120,25.666666666666668,1018.6933,25.838665,43.63333333333333,483.0833333333333,0.03725333,2025-04-30 17:00:00+02:00
2025-04-30 16:00:00+00:00,01.West.120,25.5,1018.6933,25.016167,46.3,331.6166666666667,0.029802667,2025-04-30 18:00:00+02:00
2025-04-30 17:00:00+00:00,01.West.120,25.333333333333332,1018.6933,23.724833,48.46666666666667,147.78333333333333,0.0,2025-04-30 19:00:00+02:00
2025-04-30 18:00:00+00:00,01.West.120,25.05,1018.6933,21.079668,55.38333333333333,21.633333333333333,0.0,2025-04-30 20:00:00+02:00
2025-04-30 19:00:00+00:00,01.West.120,24.833333333333332,1018.6933,19.081,61.88333333333333,0.48333333333333334,0.0,2025-04-30 21:00:00+02:00
2025-04-30 20:00:00+00:00,01.West.120,24.566666666666666,1018.6933,17.366833,69.21666666666667,0.0,0.0,2025-04-30 22:00:00+02:00
2025-04-30 21:00:00+00:00,01.West.120,24.366666666666664,1018.6933,16.289999,74.4,0.0,0.0,2025-04-30 23:00:00+02:00
2025-04-30 22:00:00+00:00,01.West.120,24.133333333333336,1018.6933,15.392333,78.51666666666667,0.0,0.0,2025-05-01 00:00:00+02:00
2025-04-30 23:00:00+00:00,01.West.120,24.05,1018.6933,14.637834,81.1,0.0,0.0,2025-05-01 01:00:00+02:00
2025-05-01 00:00:00+00:00,01.West.120,23.883333333333336,1018.6933,13.989333,83.23333333333333,0.0,0.0,2025-05-01 02:00:00+02:00
2025-05-01 01:00:00+00:00,01.West.120,23.683333333333334,1018.6933,13.769333,84.66666666666667,0.0,0.0,2025-05-01 03:00:00+02:00
2025-05-01 02:00:00+00:00,01.West.120,23.55,1018.6933,13.352167,85.08333333333333,0.0,0.0,2025-05-01 04:00:00+02:00
2025-05-01 03:00:00+00:00,01.West.120,23.416666666666668,1018.6933,12.997499,85.98333333333333,0.0,0.0,2025-05-01 05:00:00+02:00
2025-05-01 04:00:00+00:00,01.West.120,23.316666666666666,1018.6933,12.723666,86.0,5.083333333333333,0.0,2025-05-01 06:00:00+02:00
2025-05-01 05:00:00+00:00,01.West.120,23.349999999999998,1018.6933,13.126,86.58333333333333,21.983333333333334,0.0,2025-05-01 07:00:00+02:00
2025-05-01 06:00:00+00:00,01.West.120,23.866666666666664,1018.6933,15.171332,85.8,84.41666666666667,0.0,2025-05-01 08:00:00+02:00
2025-05-01 07:00:00+00:00,01.West.120,25.016666666666666,1018.6933,18.726002,75.16666666666667,88.3,0.022352,2025-05-01 09:00:00+02:00
2025-05-01 08:00:00+00:00,01.West.120,25.95,1018.6933,21.133333,64.71666666666667,159.38333333333333,0.0,2025-05-01 10:00:00+02:00
2025-05-01 09:00:00+00:00,01.West.120,26.416666666666668,1018.6933,24.098501,51.083333333333336,612.8,0.11921067,2025-05-01 11:00:00+02:00
2025-05-01 10:00:00+00:00,01.West.120,26.600000000000005,1018.6933,26.531166,41.016666666666666,722.7833333333333,0.13411199,2025-05-01 12:00:00+02:00
2025-05-01 11:00:00+00:00,01.West.120,26.46666666666667,1018.6933,27.182833,35.46666666666667,755.65,0.096858665,2025-05-01 13:00:00+02:00
2025-05-01 12:00:00+00:00,01.West.120,26.03333333333333,1018.6933,27.603666,31.7,751.9833333333333,0.19371733,2025-05-01 14:00:00+02:00
2025-05-01 13:00:00+00:00,01.West.120,25.883333333333336,1018.6933,27.508501,33.65,655.4833333333333,0.25332266,2025-05-01 15:00:00+02:00
2025-05-01 14:00:00+00:00,01.West.120,25.8,1018.6933,27.685167,32.65,510.3666666666667,0.0074506667,2025-05-01 16:00:00+02:00
2025-05-01 15:00:00+00:00,01.West.120,25.8,1018.6933,27.903002,33.11666666666667,438.48333333333335,0.06705599,2025-05-01 17:00:00+02:00
2025-05-01 16:00:00+00:00,01.West.120,25.75,1018.6933,27.638166,34.3,299.31666666666666,0.0149013335,2025-05-01 18:00:00+02:00
2025-05-01 17:00:00+00:00,01.West.120,25.583333333333332,1018.6933,26.201666,36.516666666666666,111.31666666666666,0.0,2025-05-01 19:00:00+02:00
2025-05-01 18:00:00+00:00,01.West.120,25.45,1018.6933,23.874166,39.9,24.55,0.0,2025-05-01 20:00:00+02:00
2025-05-01 19:00:00+00:00,01.West.120,25.36,1018.6933,21.096167,51.6,0.0,0.0,2025-05-01 21:00:00+02:00
2025-05-01 20:00:00+00:00,01.West.120,25.28333333333333,1018.6933,18.9715,59.266666666666666,0.0,0.0,2025-05-01 22:00:00+02:00
2025-05-01 21:00:00+00:00,01.West.120,25.25,1018.6933,17.670166,64.71666666666667,0.0,0.0,2025-05-01 23:00:00+02:00
2025-05-01 22:00:00+00:00,01.West.120,25.266666666666666,1018.6933,16.776167,70.83333333333333,0.0,0.0,2025-05-02 00:00:00+02:00
2025-05-01 23:00:00+00:00,01.West.120,25.25,1018.6933,16.1775,74.06666666666666,0.0,0.0,2025-05-02 01:00:00+02:00
2025-05-02 00:00:00+00:00,01.West.120,25.21666666666667,1018.6933,15.660501,73.73333333333333,0.0,0.0,2025-05-02 02:00:00+02:00
2025-05-02 01:00:00+00:00,01.West.120,25.133333333333336,1016.80035,15.1135,76.46666666666667,0.0,0.0,2025-05-02 03:00:00+02:00
2025-05-02 02:00:00+00:00,01.West.120,25.100000000000005,1014.3248,14.661166,79.65,0.0,0.0,2025-05-02 04:00:00+02:00
2025-05-02 03:00:00+00:00,01.West.120,25.100000000000005,1014.3248,14.7175,79.35,0.0,0.0,2025-05-02 05:00:00+02:00
2025-05-02 04:00:00+00:00,01.West.120,25.100000000000005,1014.3248,15.508333,74.41666666666667,8.133333333333333,0.022352,2025-05-02 06:00:00+02:00
2025-05-02 05:00:00+00:00,01.West.120,25.133333333333336,1014.3248,17.953001,61.28333333333333,35.983333333333334,0.0,2025-05-02 07:00:00+02:00
2025-05-02 06:00:00+00:00,01.West.120,25.483333333333334,1014.3248,18.311,60.31666666666667,83.13333333333334,0.0,2025-05-02 08:00:00+02:00
2025-05-02 07:00:00+00:00,01.West.120,26.016666666666666,1014.3248,20.497797,57.932203389830505,135.32203389830508,0.0,2025-05-02 09:00:00+02:00
2025-05-02 08:00:00+00:00,01.West.120,26.366666666666664,1014.3248,22.671764,51.03921568627451,239.92156862745097,0.0,2025-05-02 10:00:00+02:00
2025-05-02 09:00:00+00:00,01.West.120,26.416666666666668,1014.3248,24.229668,46.016666666666666,307.56666666666666,0.0,2025-05-02 11:00:00+02:00
2025-05-02 10:00:00+00:00,01.West.120,26.349999999999998,1014.3248,23.966833,45.43333333333333,448.4166666666667,0.15646401,2025-05-02 12:00:00+02:00
2025-05-02 11:00:00+00:00,01.West.120,26.700000000000003,1014.3248,22.567667,48.2,682.7666666666667,0.26077333,2025-05-02 13:00:00+02:00
2025-05-02 12:00:00+00:00,01.West.120,26.866666666666664,1014.3248,22.704039,48.84615384615385,723.9807692307693,0.4040554,2025-05-02 14:00:00+02:00
2025-05-02 13:00:00+00:00,01.West.120,26.666666666666668,1014.3248,23.371334,48.233333333333334,673.5166666666667,0.104309335,2025-05-02 15:00:00+02:00
2025-05-02 14:00:00+00:00,01.West.120,26.116666666666664,1014.3248,22.710333,51.233333333333334,585.3666666666667,0.178816,2025-05-02 16:00:00+02:00
2025-05-02 15:00:00+00:00,01.West.120,25.983333333333334,1014.3248,21.721668,54.0,462.6,0.07450666,2025-05-02 17:00:00+02:00
2025-05-02 16:00:00+00:00,01.West.120,26.066666666666666,1014.3248,21.315832,54.416666666666664,293.8,0.029802667,2025-05-02 18:00:00+02:00
2025-05-02 17:00:00+00:00,01.West.120,25.866666666666664,1014.3248,18.507166,65.48333333333333,135.03333333333333,0.11921067,2025-05-02 19:00:00+02:00
2025-05-02 18:00:00+00:00,01.West.120,25.650000000000002,1014.3248,15.9279995,73.1,25.45,0.052154664,2025-05-02 20:00:00+02:00
2025-05-02 19:00:00+00:00,01.West.120,25.5,1014.3248,14.803166,77.48333333333333,0.3333333333333333,0.10430933,2025-05-02 21:00:00+02:00
2025-05-02 20:00:00+00:00,01.West.120,25.32,1014.3248,14.114333,81.2,0.0,0.029802667,2025-05-02 22:00:00+02:00
2025-05-02 21:00:00+00:00,01.West.120,25.25,1014.3248,13.990001,82.73333333333333,0.0,0.0,2025-05-02 23:00:00+02:00
2025-05-02 22:00:00+00:00,01.West.120,25.166666666666668,1014.3248,13.523666,82.13333333333334,0.0,0.029802667,2025-05-03 00:00:00+02:00
2025-05-02 23:00:00+00:00,01.West.120,25.100000000000005,1014.3248,12.682333,82.0,0.0,0.0,2025-05-03 01:00:00+02:00
2025-05-03 00:00:00+00:00,01.West.120,25.05,1014.8678,11.8345,81.18333333333334,0.0,0.0,2025-05-03 02:00:00+02:00
2025-05-03 01:00:00+00:00,01.West.120,24.96666666666667,1015.4085,11.3914995,68.81666666666666,0.0,0.0,2025-05-03 03:00:00+02:00
2025-05-03 02:00:00+00:00,01.West.120,24.866666666666664,1015.4085,10.991834,67.68333333333334,0.0,0.0,2025-05-03 04:00:00+02:00
2025-05-03 03:00:00+00:00,01.West.120,24.78333333333333,1015.4085,10.284834,71.1,0.0,0.0,2025-05-03 05:00:00+02:00
2025-05-03 04:00:00+00:00,01.West.120,24.75,1015.4085,9.878833,74.35,7.833333333333333,0.0,2025-05-03 06:00:00+02:00
2025-05-03 05:00:00+00:00,01.West.120,24.833333333333332,1015.4085,10.460166,75.96666666666667,24.033333333333335,0.0,2025-05-03 07:00:00+02:00
2025-05-03 06:00:00+00:00,01.West.120,25.400000000000002,1015.4085,11.966666,70.55,87.66666666666667,0.11176,2025-05-03 08:00:00+02:00
2025-05-03 07:00:00+00:00,01.West.120,26.683333333333334,1015.4085,13.622499,63.38333333333333,87.3,0.06705601,2025-05-03 09:00:00+02:00
2025-05-03 08:00:00+00:00,01.West.120,26.95,1015.4085,14.650333,59.85,206.63333333333333,0.12666133,2025-05-03 10:00:00+02:00
2025-05-03 09:00:00+00:00,01.West.120,27.05,1015.4085,16.366333,55.3,632.1333333333333,0.11176,2025-05-03 11:00:00+02:00
2025-05-03 10:00:00+00:00,01.West.120,27.100000000000005,1015.4085,17.953667,52.666666666666664,730.9333333333333,0.0149013335,2025-05-03 12:00:00+02:00
2025-05-03 11:00:00+00:00,01.West.120,26.983333333333334,1015.4085,18.406,50.666666666666664,790.85,0.23097067,2025-05-03 13:00:00+02:00
2025-05-03 12:00:00+00:00,01.West.120,26.616666666666664,1015.4085,18.829166,45.233333333333334,768.2,0.14156267,2025-05-03 14:00:00+02:00
2025-05-03 13:00:00+00:00,01.West.120,26.28333333333333,1015.4085,18.952168,41.71666666666667,592.2833333333333,0.08195733,2025-05-03 15:00:00+02:00
2025-05-03 14:00:00+00:00,01.West.120,26.099999999999998,1015.4085,18.051832,45.483333333333334,622.0,0.30547732,2025-05-03 16:00:00+02:00
2025-05-03 15:00:00+00:00,01.West.120,25.95,1015.4085,16.912333,50.53333333333333,462.2,0.33528,2025-05-03 17:00:00+02:00
2025-05-03 16:00:00+00:00,01.West.120,25.8,1015.4085,14.760834,61.266666666666666,204.66666666666666,0.48429334,2025-05-03 18:00:00+02:00
2025-05-03 17:00:00+00:00,01.West.120,25.583333333333332,1015.4085,13.113667,72.36666666666666,39.016666666666666,0.44704,2025-05-03 19:00:00+02:00
2025-05-03 18:00:00+00:00,01.West.120,25.349999999999998,1015.4085,11.935834,72.88333333333334,18.766666666666666,0.916432,2025-05-03 20:00:00+02:00
2025-05-03 19:00:00+00:00,01.West.120,25.150000000000002,1015.4085,11.164333,70.85,0.0,0.32782933,2025-05-03 21:00:00+02:00
2025-05-03 20:00:00+00:00,01.West.120,25.083333333333332,1015.4085,10.809,70.8,0.0,0.4172373,2025-05-03 22:00:00+02:00
2025-05-03 21:00:00+00:00,01.West.120,25.03333333333333,1015.4085,11.010834,70.96666666666667,0.0,0.3501813,2025-05-03 23:00:00+02:00
2025-05-03 22:00:00+00:00,01.West.120,24.96666666666667,1015.4085,10.888999,73.0,0.0,0.15646401,2025-05-04 00:00:00+02:00
2025-05-03 23:00:00+00:00,01.West.120,24.95,1015.4085,10.5845,74.1,0.0,0.096858665,2025-05-04 01:00:00+02:00
2025-05-04 00:00:00+00:00,01.West.120,24.919999999999998,1015.4085,10.6705,75.63333333333334,0.0,0.11176,2025-05-04 02:00:00+02:00
2025-05-04 01:00:00+00:00,01.West.120,24.816666666666666,1015.4085,10.530167,76.46666666666667,0.0,0.059605334,2025-05-04 03:00:00+02:00
2025-05-04 02:00:00+00:00,01.West.120,24.75,1015.4085,10.631,78.0,0.0,0.11921067,2025-05-04 04:00:00+02:00
2025-05-04 03:00:00+00:00,01.West.120,24.633333333333336,1015.4085,10.457667,77.46666666666667,0.0,0.20861866,2025-05-04 05:00:00+02:00
2025-05-04 04:00:00+00:00,01.West.120,24.61666666666667,1015.4085,10.3475,77.48333333333333,1.5833333333333333,0.089408,2025-05-04 06:00:00+02:00
2025-05-04 05:00:00+00:00,01.West.120,24.566666666666666,1015.4085,10.197167,76.53333333333333,33.63333333333333,0.089408,2025-05-04 07:00:00+02:00
2025-05-04 06:00:00+00:00,01.West.120,24.61666666666667,1015.4085,10.403,72.98333333333333,72.73333333333333,0.12666133,2025-05-04 08:00:00+02:00
2025-05-04 07:00:00+00:00,01.West.120,25.05,1015.4085,10.537833,72.66666666666667,108.91666666666667,0.11176,2025-05-04 09:00:00+02:00
2025-05-04 08:00:00+00:00,01.West.120,24.95,1015.4085,10.660167,73.95,240.55,0.11921067,2025-05-04 10:00:00+02:00
2025-05-04 09:00:00+00:00,01.West.120,25.46666666666667,1015.4085,11.8625,65.98333333333333,406.73333333333335,0.44704,2025-05-04 11:00:00+02:00
2025-05-04 10:00:00+00:00,01.West.120,25.55,1015.4085,12.268833,60.81666666666667,352.25,0.30547732,2025-05-04 12:00:00+02:00
2025-05-04 11:00:00+00:00,01.West.120,25.46666666666667,1015.4085,12.6565,62.88333333333333,499.3,0.64820796,2025-05-04 13:00:00+02:00
2025-05-04 12:00:00+00:00,01.West.120,25.400000000000002,1015.4085,12.920333,59.71666666666667,439.6166666666667,0.29802665,2025-05-04 14:00:00+02:00
2025-05-04 13:00:00+00:00,01.West.120,25.183333333333334,1015.4085,13.756166,55.36666666666667,761.0833333333334,0.46194133,2025-05-04 15:00:00+02:00
2025-05-04 14:00:00+00:00,01.West.120,25.03333333333333,1015.4085,13.808,53.916666666666664,581.45,0.30547732,2025-05-04 16:00:00+02:00
2025-05-04 15:00:00+00:00,01.West.120,24.833333333333332,1015.4085,13.265166,55.3,329.65,0.14156267,2025-05-04 17:00:00+02:00
2025-05-04 16:00:00+00:00,01.West.120,24.633333333333336,1015.4085,12.312667,58.15,298.53333333333336,0.22352,2025-05-04 18:00:00+02:00
2025-05-04 17:00:00+00:00,01.West.120,24.5,1015.4085,10.939834,63.166666666666664,64.75,0.08195733,2025-05-04 19:00:00+02:00
2025-05-04 18:00:00+00:00,01.West.120,24.333333333333332,1015.4085,9.979666,67.61666666666666,25.0,0.059605334,2025-05-04 20:00:00+02:00
2025-05-04 19:00:00+00:00,01.West.120,24.150000000000002,1015.4085,9.004667,70.43333333333334,0.5,0.052154664,2025-05-04 21:00:00+02:00
2025-05-04 20:00:00+00:00,01.West.120,24.03333333333333,1015.4085,8.569834,71.05,0.0,0.022352,2025-05-04 22:00:00+02:00
2025-05-04 21:00:00+00:00,01.West.120,23.96666666666667,1015.4085,8.196166,71.41666666666667,0.0,0.0074506667,2025-05-04 23:00:00+02:00
2025-05-04 22:00:00+00:00,01.West.120,23.900000000000002,1015.4085,7.819,72.01666666666667,0.0,0.0,2025-05-05 00:00:00+02:00
2025-05-04 23:00:00+00:00,01.West.120,23.833333333333332,1015.4085,7.5631666,73.56666666666666,0.0,0.0,2025-05-05 01:00:00+02:00
2025-05-05 00:00:00+00:00,01.West.120,23.71666666666667,1015.4085,6.6721663,76.78333333333333,0.0,0.0,2025-05-05 02:00:00+02:00
2025-05-05 01:00:00+00:00,01.West.120,23.61666666666667,1015.4085,5.7503333,80.9,0.0,0.0,2025-05-05 03:00:00+02:00
2025-05-05 02:00:00+00:00,01.West.120,23.55,1015.4085,5.1601663,83.28333333333333,0.0,0.0,2025-05-05 04:00:00+02:00
2025-05-05 03:00:00+00:00,01.West.120,23.5,1015.4085,4.9191666,84.58333333333333,0.0,0.0,2025-05-05 05:00:00+02:00
2025-05-05 04:00:00+00:00,01.West.120,23.416666666666668,1015.4085,5.0161667,85.0,6.5,0.0,2025-05-05 06:00:00+02:00
2025-05-05 05:00:00+00:00,01.West.120,23.399999999999995,1015.4085,5.7796664,85.05,21.85,0.0,2025-05-05 07:00:00+02:00
2025-05-05 06:00:00+00:00,01.West.120,23.8,1015.4085,8.015,79.26666666666667,91.6,0.08195733,2025-05-05 08:00:00+02:00
2025-05-05 07:00:00+00:00,01.West.120,25.133333333333336,1015.4085,10.229334,67.53333333333333,92.16666666666667,0.15646401,2025-05-05 09:00:00+02:00
2025-05-05 08:00:00+00:00,01.West.120,25.016666666666666,1015.4085,11.381333,62.666666666666664,191.2,0.25332266,2025-05-05 10:00:00+02:00
2025-05-05 09:00:00+00:00,01.West.120,24.383333333333336,1015.4085,11.975167,62.4,216.68333333333334,0.178816,2025-05-05 11:00:00+02:00
2025-05-05 10:00:00+00:00,01.West.120,24.083333333333332,1015.4085,12.774,58.18333333333333,439.15,0.21606933,2025-05-05 12:00:00+02:00
2025-05-05 11:00:00+00:00,01.West.120,24.2,1015.4085,14.029166,52.05,328.3,0.24587199,2025-05-05 13:00:00+02:00
2025-05-05 12:00:00+00:00,01.West.120,24.083333333333332,1015.4085,14.725666,47.75,591.2666666666667,0.11921067,2025-05-05 14:00:00+02:00
2025-05-05 13:00:00+00:00,01.West.120,23.866666666666664,1015.4085,16.553501,38.4,757.5166666666667,0.23842134,2025-05-05 15:00:00+02:00
2025-05-05 14:00:00+00:00,01.West.120,23.71666666666667,1015.4085,16.763666,36.333333333333336,667.5833333333334,0.20861866,2025-05-05 16:00:00+02:00
2025-05-05 15:00:00+00:00,01.West.120,23.61666666666667,1015.4085,16.513332,39.31666666666667,477.6,0.19371733,2025-05-05 17:00:00+02:00
2025-05-05 16:00:00+00:00,01.West.120,23.5,1015.4085,15.334667,44.15,323.85,0.25332266,2025-05-05 18:00:00+02:00
2025-05-05 17:00:00+00:00,01.West.120,23.349999999999998,1015.4085,14.083166,46.38333333333333,190.21666666666667,0.21606933,2025-05-05 19:00:00+02:00
2025-05-05 18:00:00+00:00,01.West.120,23.166666666666668,1015.4085,11.761667,50.166666666666664,24.75,0.089408,2025-05-05 20:00:00+02:00
2025-05-05 19:00:00+00:00,01.West.120,23.03333333333333,1015.4085,10.373,53.9,1.15,0.052154668,2025-05-05 21:00:00+02:00
2025-05-05 20:00:00+00:00,01.West.120,22.96666666666667,1015.4085,9.554334,57.4,0.0,0.022352,2025-05-05 22:00:00+02:00
2025-05-05 21:00:00+00:00,01.West.120,22.88333333333333,1015.4085,8.938167,62.6,0.0,0.0,2025-05-05 23:00:00+02:00
2025-05-05 22:00:00+00:00,01.West.120,22.8,1015.4085,8.3914995,66.13333333333334,0.0,0.0,2025-05-06 00:00:00+02:00
2025-05-05 23:00:00+00:00,01.West.120,22.816666666666666,1015.4085,7.9544997,67.15,0.0,0.0074506667,2025-05-06 01:00:00+02:00
2025-05-06 00:00:00+00:00,01.West.120,22.733333333333334,1015.4085,7.552333,70.16666666666667,0.0,0.022352,2025-05-06 02:00:00+02:00
2025-05-06 01:00:00+00:00,01.West.120,22.633333333333336,1015.4085,7.2535,74.18333333333334,0.0,0.0,2025-05-06 03:00:00+02:00
2025-05-06 02:00:00+00:00,01.West.120,22.566666666666666,1015.4085,6.998,76.73333333333333,0.0,0.0074506667,2025-05-06 04:00:00+02:00
2025-05-06 03:00:00+00:00,01.West.120,22.53333333333333,1015.4085,6.5905,78.7,0.0,0.0074506667,2025-05-06 05:00:00+02:00
2025-05-06 04:00:00+00:00,01.West.120,22.46666666666667,1015.4085,6.2563334,80.0,6.65,0.0074506667,2025-05-06 06:00:00+02:00
2025-05-06 05:00:00+00:00,01.West.120,22.5,1015.4085,7.2075,78.15,22.366666666666667,0.0074506667,2025-05-06 07:00:00+02:00
2025-05-06 06:00:00+00:00,01.West.120,22.8,1015.4085,8.945167,71.1,88.2,0.10430933,2025-05-06 08:00:00+02:00
2025-05-06 07:00:00+00:00,01.West.120,24.03333333333333,1015.4085,10.428166,62.28333333333333,70.03333333333333,0.052154664,2025-05-06 09:00:00+02:00
2025-05-06 08:00:00+00:00,01.West.120,24.45,1015.4085,11.125167,59.53333333333333,191.4,0.089408,2025-05-06 10:00:00+02:00
2025-05-06 09:00:00+00:00,01.West.120,24.666666666666668,1015.4085,12.630334,57.11666666666667,338.5,0.19371733,2025-05-06 11:00:00+02:00
2025-05-06 10:00:00+00:00,01.West.120,24.5,1015.4085,13.203167,61.05,306.76666666666665,0.044704,2025-05-06 12:00:00+02:00
2025-05-06 11:00:00+00:00,01.West.120,23.979999999999997,1015.4085,12.3758335,68.33333333333333,204.11666666666667,0.11176,2025-05-06 13:00:00+02:00
2025-05-06 12:00:00+00:00,01.West.120,23.983333333333334,1015.4085,12.602666,71.93333333333334,265.31666666666666,0.11921067,2025-05-06 14:00:00+02:00
2025-05-06 13:00:00+00:00,01.West.120,24.1,1015.4085,12.699167,73.2,182.43333333333334,0.10430933,2025-05-06 15:00:00+02:00
2025-05-06 14:00:00+00:00,01.West.120,24.05,1015.4085,12.985167,72.21666666666667,138.95,0.17136532,2025-05-06 16:00:00+02:00
2025-05-06 15:00:00+00:00,01.West.120,23.733333333333334,1015.4085,12.384833,72.86666666666666,93.06666666666666,0.25332266,2025-05-06 17:00:00+02:00
2025-05-06 16:00:00+00:00,01.West.120,23.366666666666664,1015.4085,11.968,73.56666666666666,70.8,0.23842134,2025-05-06 18:00:00+02:00
2025-05-06 17:00:00+00:00,01.West.120,23.133333333333336,1015.4085,11.4525,72.53333333333333,29.5,0.25332266,2025-05-06 19:00:00+02:00
2025-05-06 18:00:00+00:00,01.West.120,22.96666666666667,1015.4085,10.882667,75.66666666666667,6.55,0.07450666,2025-05-06 20:00:00+02:00
2025-05-06 19:00:00+00:00,01.West.120,22.833333333333332,1015.4085,10.806666,74.01666666666667,0.0,0.059605334,2025-05-06 21:00:00+02:00
2025-05-06 20:00:00+00:00,01.West.120,22.71666666666667,1015.4085,10.6693325,77.25,0.0,0.0074506667,2025-05-06 22:00:00+02:00
2025-05-06 21:00:00+00:00,01.West.120,22.61666666666667,1015.4085,10.211,81.63333333333334,0.0,0.0,2025-05-06 23:00:00+02:00
2025-05-06 22:00:00+00:00,01.West.120,22.600000000000005,1015.4085,9.952167,76.98333333333333,0.0,0.17136532,2025-05-07 00:00:00+02:00
2025-05-06 23:00:00+00:00,01.West.120,22.53333333333333,1015.4085,9.275,77.25,0.0,0.0149013335,2025-05-07 01:00:00+02:00
2025-05-07 00:00:00+00:00,01.West.120,22.516666666666666,1015.4085,9.130334,77.63333333333334,0.0,0.0149013335,2025-05-07 02:00:00+02:00
2025-05-07 01:00:00+00:00,01.West.120,22.433333333333334,1015.4085,9.3125,75.7,0.0,0.089408,2025-05-07 03:00:00+02:00
2025-05-07 02:00:00+00:00,01.West.120,22.333333333333332,1015.4085,9.328167,72.36666666666666,0.0,0.052154664,2025-05-07 04:00:00+02:00
2025-05-07 03:00:00+00:00,01.West.120,22.3,1015.4085,9.004,72.76666666666667,0.0,0.0149013335,2025-05-07 05:00:00+02:00
2025-05-07 04:00:00+00:00,01.West.120,22.233333333333334,1015.4085,8.979,71.3,6.083333333333333,0.022352,2025-05-07 06:00:00+02:00
2025-05-07 05:00:00+00:00,01.West.120,22.183333333333334,1015.4085,9.070833,71.63333333333334,32.21666666666667,0.029802667,2025-05-07 07:00:00+02:00
2025-05-07 06:00:00+00:00,01.West.120,22.2,1015.4085,9.802167,71.46666666666667,89.61666666666666,0.029802667,2025-05-07 08:00:00+02:00
2025-05-07 07:00:00+00:00,01.West.120,22.21666666666667,1015.4085,10.523334,70.31666666666666,127.6,0.11921067,2025-05-07 09:00:00+02:00
2025-05-07 08:00:00+00:00,01.West.120,22.46,1015.4085,11.3975,69.03333333333333,177.43333333333334,0.052154664,2025-05-07 10:00:00+02:00
2025-05-07 09:00:00+00:00,01.West.120,22.650000000000002,1015.4085,11.819667,68.7,200.06666666666666,0.0149013335,2025-05-07 11:00:00+02:00
2025-05-07 10:00:00+00:00,01.West.120,22.916666666666668,1015.4085,12.4695,67.98333333333333,229.1,0.059605334,2025-05-07 12:00:00+02:00
2025-05-07 11:00:00+00:00,01.West.120,22.8,1015.4085,13.393666,66.93333333333334,243.25,0.07450666,2025-05-07 13:00:00+02:00
2025-05-07 12:00:00+00:00,01.West.120,22.766666666666666,1015.4085,14.0789995,66.35,303.05,0.0,2025-05-07 14:00:00+02:00
2025-05-07 13:00:00+00:00,01.West.120,22.833333333333332,1015.4085,14.741667,64.86666666666666,453.3666666666667,0.16391467,2025-05-07 15:00:00+02:00
2025-05-07 14:00:00+00:00,01.West.120,22.816666666666666,1015.4085,14.763834,65.9,371.71666666666664,0.29057598,2025-05-07 16:00:00+02:00
2025-05-07 15:00:00+00:00,01.West.120,22.71666666666667,1015.4085,15.292001,65.16666666666667,425.0833333333333,0.26077333,2025-05-07 17:00:00+02:00
2025-05-07 16:00:00+00:00,01.West.120,22.566666666666666,1015.4085,14.4605,67.86666666666666,173.01666666666668,0.23097067,2025-05-07 18:00:00+02:00
2025-05-07 17:00:00+00:00,01.West.120,22.383333333333336,1015.4085,12.967,72.0,40.36666666666667,0.07450666,2025-05-07 19:00:00+02:00
2025-05-07 18:00:00+00:00,01.West.120,22.25,1015.4085,12.194,73.98333333333333,23.25,0.03725333,2025-05-07 20:00:00+02:00
2025-05-07 19:00:00+00:00,01.West.120,22.11666666666667,1015.4085,11.468167,74.0,1.7,0.03725333,2025-05-07 21:00:00+02:00
2025-05-07 20:00:00+00:00,01.West.120,22.066666666666666,1015.4085,10.973333,75.13333333333334,0.0,0.0074506667,2025-05-07 22:00:00+02:00
2025-05-07 21:00:00+00:00,01.West.120,21.96666666666667,1015.4085,10.0245,77.55,0.0,0.059605334,2025-05-07 23:00:00+02:00
2025-05-07 22:00:00+00:00,01.West.120,21.88333333333333,1015.4085,9.469167,80.6,0.0,0.0149013335,2025-05-08 00:00:00+02:00
2025-05-07 23:00:00+00:00,01.West.120,21.866666666666664,1015.4085,9.109166,82.58333333333333,0.0,0.0074506667,2025-05-08 01:00:00+02:00
2025-05-08 00:00:00+00:00,01.West.120,21.866666666666664,1015.4085,8.957,83.81666666666666,0.0,0.022352,2025-05-08 02:00:00+02:00
2025-05-08 01:00:00+00:00,01.West.120,21.816666666666666,1015.4085,8.671666,84.61666666666666,0.0,0.0,2025-05-08 03:00:00+02:00
2025-05-08 02:00:00+00:00,01.West.120,21.78333333333333,1015.4085,8.284166,85.26666666666667,0.0,0.0,2025-05-08 04:00:00+02:00
2025-05-08 03:00:00+00:00,01.West.120,21.75,1015.4085,8.1175,86.0,0.0,0.0,2025-05-08 05:00:00+02:00
2025-05-08 04:00:00+00:00,01.West.120,21.7,1015.4085,8.159167,86.0,7.666666666666667,0.0,2025-05-08 06:00:00+02:00
2025-05-08 05:00:00+00:00,01.West.120,21.683333333333334,1015.4085,8.493834,86.0,22.516666666666666,0.0,2025-05-08 07:00:00+02:00
2025-05-08 06:00:00+00:00,01.West.120,21.849999999999998,1015.4085,9.572167,85.4,77.98333333333333,0.044704,2025-05-08 08:00:00+02:00
2025-05-08 07:00:00+00:00,01.West.120,22.8,1015.4085,11.464499,82.83333333333333,74.66666666666667,0.17136532,2025-05-08 09:00:00+02:00
2025-05-08 08:00:00+00:00,01.West.120,23.416666666666668,1015.4085,13.483334,77.0,324.9,0.044704,2025-05-08 10:00:00+02:00
2025-05-08 09:00:00+00:00,01.West.120,23.75,1015.4085,15.826,67.38333333333334,590.1666666666666,0.052154664,2025-05-08 11:00:00+02:00
2025-05-08 10:00:00+00:00,01.West.120,23.72,1015.4085,17.004665,58.31666666666667,431.4166666666667,0.0074506667,2025-05-08 12:00:00+02:00
2025-05-08 11:00:00+00:00,01.West.120,23.28333333333333,1015.4085,16.594334,63.583333333333336,324.01666666666665,0.10430933,2025-05-08 13:00:00+02:00
2025-05-08 12:00:00+00:00,01.West.120,22.983333333333334,1015.4085,16.319,67.06666666666666,358.23333333333335,0.059605334,2025-05-08 14:00:00+02:00
2025-05-08 13:00:00+00:00,01.West.120,22.849999999999998,1015.4085,18.029667,61.8,551.5333333333333,0.096858665,2025-05-08 15:00:00+02:00
2025-05-08 14:00:00+00:00,01.West.120,22.71666666666667,1015.4085,16.817167,64.48333333333333,223.23333333333332,0.14156267,2025-05-08 16:00:00+02:00
2025-05-08 15:00:00+00:00,01.West.120,22.600000000000005,1015.4085,16.4135,63.983333333333334,165.83333333333334,0.059605334,2025-05-08 17:00:00+02:00
2025-05-08 16:00:00+00:00,01.West.120,22.5,1015.4085,17.082832,59.333333333333336,257.0833333333333,0.022352,2025-05-08 18:00:00+02:00
2025-05-08 17:00:00+00:00,01.West.120,22.483333333333334,1015.4085,17.898335,40.766666666666666,116.35,0.03725333,2025-05-08 19:00:00+02:00
2025-05-08 18:00:00+00:00,01.West.120,22.333333333333332,1015.4085,16.0595,45.45,27.85,0.0,2025-05-08 20:00:00+02:00
2025-05-08 19:00:00+00:00,01.West.120,22.2,1015.4085,14.665,51.38333333333333,1.9666666666666666,0.0,2025-05-08 21:00:00+02:00
2025-05-08 20:00:00+00:00,01.West.120,22.100000000000005,1015.4085,13.888166,58.06666666666667,0.0,0.0,2025-05-08 22:00:00+02:00
2025-05-08 21:00:00+00:00,01.West.120,22.066666666666666,1015.4085,12.9545,59.983333333333334,0.0,0.0,2025-05-08 23:00:00+02:00
2025-05-08 22:00:00+00:00,01.West.120,22.05,1015.4085,12.0815,56.983333333333334,0.0,0.0,2025-05-09 00:00:00+02:00
2025-05-08 23:00:00+00:00,01.West.120,22.05,1015.4085,10.8758335,59.666666666666664,0.0,0.0,2025-05-09 01:00:00+02:00
2025-05-09 00:00:00+00:00,01.West.120,22.0,1015.4085,9.9818325,61.666666666666664,0.0,0.0,2025-05-09 02:00:00+02:00
2025-05-09 01:00:00+00:00,01.West.120,21.983333333333334,1015.4085,9.230667,64.31666666666666,0.0,0.0,2025-05-09 03:00:00+02:00
2025-05-09 02:00:00+00:00,01.West.120,21.95,1015.4085,8.5325,66.6,0.0,0.0,2025-05-09 04:00:00+02:00
2025-05-09 03:00:00+00:00,01.West.120,21.866666666666664,1015.4085,8.014167,68.75,0.0,0.0,2025-05-09 05:00:00+02:00
2025-05-09 04:00:00+00:00,01.West.120,21.899999999999995,1015.4085,7.756,70.48333333333333,7.966666666666667,0.0074506667,2025-05-09 06:00:00+02:00
2025-05-09 05:00:00+00:00,01.West.120,21.833333333333332,1015.4085,8.220667,72.71666666666667,21.616666666666667,0.0,2025-05-09 07:00:00+02:00
2025-05-09 06:00:00+00:00,01.West.120,22.383333333333336,1015.4085,10.403833,67.33333333333333,68.65,0.0074506667,2025-05-09 08:00:00+02:00
2025-05-09 07:00:00+00:00,01.West.120,23.483333333333334,1015.4085,13.372334,56.68333333333333,59.016666666666666,0.029802667,2025-05-09 09:00:00+02:00
2025-05-09 08:00:00+00:00,01.West.120,23.96666666666667,1015.4085,15.563833,47.233333333333334,313.1166666666667,0.38743466,2025-05-09 10:00:00+02:00
2025-05-09 09:00:00+00:00,01.West.120,24.2,1015.4085,17.438168,39.86666666666667,645.55,0.7748693,2025-05-09 11:00:00+02:00
2025-05-09 10:00:00+00:00,01.West.120,24.21666666666667,1015.4085,18.795834,37.06666666666667,760.8,0.603504,2025-05-09 12:00:00+02:00
2025-05-09 11:00:00+00:00,01.West.120,24.0,1015.4085,19.526667,35.88333333333333,813.0166666666667,0.8642773,2025-05-09 13:00:00+02:00
2025-05-09 12:00:00+00:00,01.West.120,23.64,1015.4085,20.239,35.2,798.6,1.0803467,2025-05-09 14:00:00+02:00
2025-05-09 13:00:00+00:00,01.West.120,23.349999999999998,1015.4085,20.870667,34.11666666666667,750.4666666666667,0.7301653,2025-05-09 15:00:00+02:00
2025-05-09 14:00:00+00:00,01.West.120,23.166666666666668,1015.4085,21.505499,33.833333333333336,585.0166666666667,0.43213865,2025-05-09 16:00:00+02:00
2025-05-09 15:00:00+00:00,01.West.120,23.016666666666666,1015.4085,21.254,35.53333333333333,374.43333333333334,0.11176,2025-05-09 17:00:00+02:00
2025-05-09 16:00:00+00:00,01.West.120,22.96666666666667,1015.4085,21.118666,36.916666666666664,359.6,0.11176,2025-05-09 18:00:00+02:00
2025-05-09 17:00:00+00:00,01.West.120,22.899999999999995,1015.4085,20.583166,38.93333333333333,197.95,0.052154664,2025-05-09 19:00:00+02:00
2025-05-09 18:00:00+00:00,01.West.120,22.849999999999998,1015.4085,18.583166,45.0,29.016666666666666,0.0,2025-05-09 20:00:00+02:00
2025-05-09 19:00:00+00:00,01.West.120,22.7,1015.4085,16.586166,53.31666666666667,2.4833333333333334,0.0,2025-05-09 21:00:00+02:00
2025-05-09 20:00:00+00:00,01.West.120,22.600000000000005,1015.4085,15.026,58.6,0.0,0.0,2025-05-09 22:00:00+02:00
2025-05-09 21:00:00+00:00,01.West.120,22.566666666666666,1015.4085,14.251333,62.6,0.0,0.0149013335,2025-05-09 23:00:00+02:00
2025-05-09 22:00:00+00:00,01.West.120,22.5,1015.4085,13.712833,62.9,0.0,0.0074506667,2025-05-10 00:00:00+02:00
2025-05-09 23:00:00+00:00,01.West.120,22.5,1015.4085,12.590166,65.76666666666667,0.0,0.0,2025-05-10 01:00:00+02:00
2025-05-10 00:00:00+00:00,01.West.120,22.45,1015.4085,11.5181675,68.98333333333333,0.0,0.0,2025-05-10 02:00:00+02:00
2025-05-10 01:00:00+00:00,01.West.120,22.349999999999998,1015.4085,10.743834,71.35,0.0,0.0,2025-05-10 03:00:00+02:00
2025-05-10 02:00:00+00:00,01.West.120,22.28333333333333,1015.4085,10.1915,72.68333333333334,0.0,0.0149013335,2025-05-10 04:00:00+02:00
2025-05-10 03:00:00+00:00,01.West.120,22.28333333333333,1015.4085,9.4895,74.76666666666667,0.0,0.0,2025-05-10 05:00:00+02:00
2025-05-10 04:00:00+00:00,01.West.120,22.25,1015.4085,9.072666,76.71666666666667,8.05,0.0,2025-05-10 06:00:00+02:00
2025-05-10 05:00:00+00:00,01.West.120,22.3,1015.4085,9.601334,75.68333333333334,21.233333333333334,0.0,2025-05-10 07:00:00+02:00
2025-05-10 06:00:00+00:00,01.West.120,22.816666666666666,1015.4085,11.605333,71.16666666666667,55.78333333333333,0.0,2025-05-10 08:00:00+02:00
2025-05-10 07:00:00+00:00,01.West.120,23.883333333333336,1015.4085,14.2225,62.3,51.583333333333336,0.0149013335,2025-05-10 09:00:00+02:00
2025-05-10 08:00:00+00:00,01.West.120,24.416666666666668,1015.4085,16.638166,53.35,279.73333333333335,0.14901333,2025-05-10 10:00:00+02:00
2025-05-10 09:00:00+00:00,01.West.120,24.683333333333334,1015.4085,19.7275,40.96666666666667,640.65,0.19371733,2025-05-10 11:00:00+02:00
2025-05-10 10:00:00+00:00,01.West.120,24.683333333333334,1015.4085,21.317167,35.56666666666667,761.2,0.36508268,2025-05-10 12:00:00+02:00
2025-05-10 11:00:00+00:00,01.West.120,24.46666666666667,1015.4085,22.2515,34.4,803.8833333333333,0.54389864,2025-05-10 13:00:00+02:00
2025-05-10 12:00:00+00:00,01.West.120,24.150000000000002,1015.4085,22.446001,33.46666666666667,796.2166666666667,0.78977066,2025-05-10 14:00:00+02:00
2025-05-10 13:00:00+00:00,01.West.120,23.900000000000002,1015.4085,23.227667,31.716666666666665,747.85,0.7301653,2025-05-10 15:00:00+02:00
2025-05-10 14:00:00+00:00,01.West.120,23.683333333333334,1015.4085,23.2375,30.316666666666666,651.5166666666667,1.274064,2025-05-10 16:00:00+02:00
2025-05-10 15:00:00+00:00,01.West.120,23.560000000000002,1015.4085,23.187334,30.933333333333334,525.9166666666666,1.3262187,2025-05-10 17:00:00+02:00
2025-05-10 16:00:00+00:00,01.West.120,23.516666666666666,1015.4085,23.233667,30.266666666666666,376.8333333333333,0.84937596,2025-05-10 18:00:00+02:00
2025-05-10 17:00:00+00:00,01.West.120,23.416666666666668,1015.4085,22.733334,31.783333333333335,215.5,0.52154666,2025-05-10 19:00:00+02:00
2025-05-10 18:00:00+00:00,01.West.120,23.349999999999998,1015.4085,21.0655,35.6,34.36666666666667,0.089408,2025-05-10 20:00:00+02:00
2025-05-10 19:00:00+00:00,01.West.120,23.3,1015.9819,19.314833,40.63333333333333,2.45,0.0,2025-05-10 21:00:00+02:00
2025-05-10 20:00:00+00:00,01.West.120,23.233333333333334,1016.8245,17.878834,45.0,0.0,0.0,2025-05-10 22:00:00+02:00
2025-05-10 21:00:00+00:00,01.West.120,23.11666666666667,1016.8646,16.161167,53.7,0.0,0.0,2025-05-10 23:00:00+02:00
2025-05-10 22:00:00+00:00,01.West.120,23.03333333333333,1016.8646,14.867666,58.81666666666667,0.0,0.0,2025-05-11 00:00:00+02:00
2025-05-10 23:00:00+00:00,01.West.120,22.916666666666668,1016.8646,13.902833,63.78333333333333,0.0,0.0,2025-05-11 01:00:00+02:00
2025-05-11 00:00:00+00:00,01.West.120,22.8,1016.8646,13.056334,66.7,0.0,0.0,2025-05-11 02:00:00+02:00
2025-05-11 01:00:00+00:00,01.West.120,22.733333333333334,1016.8646,12.3984995,68.15,0.0,0.0,2025-05-11 03:00:00+02:00
2025-05-11 02:00:00+00:00,01.West.120,22.650000000000002,1016.8646,11.631166,70.6,0.0,0.0,2025-05-11 04:00:00+02:00
2025-05-11 03:00:00+00:00,01.West.120,22.566666666666666,1016.8646,10.9125,74.15,0.0,0.0,2025-05-11 05:00:00+02:00
2025-05-11 04:00:00+00:00,01.West.120,22.566666666666666,1016.8646,10.640167,76.33333333333333,8.35,0.0,2025-05-11 06:00:00+02:00
2025-05-11 05:00:00+00:00,01.West.120,22.733333333333334,1016.8646,11.321334,75.91666666666667,21.266666666666666,0.11176,2025-05-11 07:00:00+02:00
2025-05-11 06:00:00+00:00,01.West.120,23.349999999999998,1016.8646,13.714833,69.68333333333334,54.43333333333333,0.156464,2025-05-11 08:00:00+02:00
2025-05-11 07:00:00+00:00,01.West.120,24.383333333333336,1016.8646,16.435333,60.483333333333334,53.38333333333333,0.28312534,2025-05-11 09:00:00+02:00
2025-05-11 08:00:00+00:00,01.West.120,24.900000000000002,1016.8646,18.6745,51.05,324.8666666666667,0.62585604,2025-05-11 10:00:00+02:00
2025-05-11 09:00:00+00:00,01.West.120,25.150000000000002,1016.8646,21.192667,41.1,687.7333333333333,1.2517121,2025-05-11 11:00:00+02:00
2025-05-11 10:00:00+00:00,01.West.120,25.183333333333334,1016.8646,23.001667,34.95,766.6166666666667,1.3783734,2025-05-11 12:00:00+02:00
2025-05-11 11:00:00+00:00,01.West.120,25.016666666666666,1016.8646,24.383167,29.733333333333334,807.7666666666667,1.5050347,2025-05-11 13:00:00+02:00
2025-05-11 12:00:00+00:00,01.West.120,24.683333333333334,1015.9057,25.203001,28.066666666666666,799.5,1.3262187,2025-05-11 14:00:00+02:00
2025-05-11 13:00:00+00:00,01.West.120,24.433333333333334,1012.36127,25.831667,26.883333333333333,745.1166666666667,1.4230772,2025-05-11 15:00:00+02:00
2025-05-11 14:00:00+00:00,01.West.120,24.266666666666666,1011.9916,26.375334,24.2,653.5666666666667,1.184656,2025-05-11 16:00:00+02:00
2025-05-11 15:00:00+00:00,01.West.120,24.150000000000002,1011.3499,26.310167,22.566666666666666,527.3,1.1548533,2025-05-11 17:00:00+02:00
2025-05-11 16:00:00+00:00,01.West.120,24.100000000000005,1011.0852,26.354334,23.9,376.35,0.66310936,2025-05-11 18:00:00+02:00
2025-05-11 17:00:00+00:00,01.West.120,24.04,1010.91815,25.709002,25.583333333333332,216.16666666666666,0.6780107,2025-05-11 19:00:00+02:00
2025-05-11 18:00:00+00:00,01.West.120,24.0,1010.63934,23.723,29.916666666666668,38.1,0.059605334,2025-05-11 20:00:00+02:00
2025-05-11 19:00:00+00:00,01.West.120,23.95,1010.72345,21.484335,38.86666666666667,2.65,0.0,2025-05-11 21:00:00+02:00
2025-05-11 20:00:00+00:00,01.West.120,23.88333333333333,1010.9661,19.5145,47.0,0.0,0.0074506667,2025-05-11 22:00:00+02:00
2025-05-11 21:00:00+00:00,01.West.120,23.866666666666664,1011.28674,18.088999,53.43333333333333,0.0,0.0,2025-05-11 23:00:00+02:00
2025-05-11 22:00:00+00:00,01.West.120,23.849999999999998,1011.4475,16.795332,59.233333333333334,0.0,0.0,2025-05-12 00:00:00+02:00
2025-05-11 23:00:00+00:00,01.West.120,23.75,1011.5328,15.9175,62.85,0.0,0.0,2025-05-12 01:00:00+02:00
2025-05-12 00:00:00+00:00,01.West.120,23.633333333333336,1011.54803,15.462999,65.65,0.0,0.0,2025-05-12 02:00:00+02:00
2025-05-12 01:00:00+00:00,01.West.120,23.55,1011.54803,15.017333,67.08333333333333,0.0,0.0,2025-05-12 03:00:00+02:00
2025-05-12 02:00:00+00:00,01.West.120,23.45,1011.64514,14.491834,68.08333333333333,0.0,0.0,2025-05-12 04:00:00+02:00
2025-05-12 03:00:00+00:00,01.West.120,23.349999999999998,1011.76587,13.753833,70.13333333333334,0.0,0.0,2025-05-12 05:00:00+02:00
2025-05-12 04:00:00+00:00,01.West.120,23.333333333333332,1011.8302,13.483334,70.91666666666667,8.433333333333334,0.029802667,2025-05-12 06:00:00+02:00
2025-05-12 05:00:00+00:00,01.West.120,23.46666666666667,1012.2772,14.343333,67.71666666666667,21.366666666666667,0.17136532,2025-05-12 07:00:00+02:00
2025-05-12 06:00:00+00:00,01.West.120,24.099999999999998,1012.46796,16.348,61.7,54.61666666666667,0.5737013,2025-05-12 08:00:00+02:00
2025-05-12 07:00:00+00:00,01.West.120,25.03333333333333,1012.66547,18.2175,57.0,62.083333333333336,0.20861866,2025-05-12 09:00:00+02:00
2025-05-12 08:00:00+00:00,01.West.120,25.583333333333332,1012.8484,19.642834,53.68333333333333,254.88333333333333,0.14156267,2025-05-12 10:00:00+02:00
2025-05-12 09:00:00+00:00,01.West.120,25.866666666666664,1012.98724,21.659498,47.86666666666667,655.2166666666667,0.54389864,2025-05-12 11:00:00+02:00
2025-05-12 10:00:00+00:00,01.West.120,25.933333333333334,1012.98553,23.738667,42.86666666666667,724.1166666666667,0.6407573,2025-05-12 12:00:00+02:00
2025-05-12 11:00:00+00:00,01.West.120,25.78333333333333,1012.8055,24.684,36.43333333333333,801.5166666666667,1.1623039,2025-05-12 13:00:00+02:00
2025-05-12 12:00:00+00:00,01.West.120,25.400000000000002,1012.72144,25.375668,34.85,796.25,1.1325014,2025-05-12 14:00:00+02:00
2025-05-12 13:00:00+00:00,01.West.120,25.150000000000002,1012.7344,25.807167,31.966666666666665,747.9,1.0207413,2025-05-12 15:00:00+02:00
2025-05-12 14:00:00+00:00,01.West.120,24.983333333333334,1012.665,25.888666,31.4,649.35,1.3187679,2025-05-12 16:00:00+02:00
2025-05-12 15:00:00+00:00,01.West.120,24.849999999999998,1012.54193,25.96,31.633333333333333,521.1,0.871728,2025-05-12 17:00:00+02:00
2025-05-12 16:00:00+00:00,01.West.120,24.8,1012.4945,25.367,31.683333333333334,376.46666666666664,0.66310936,2025-05-12 18:00:00+02:00
2025-05-12 17:00:00+00:00,01.West.120,24.7,1012.48944,24.704,32.43333333333333,219.95,0.58860266,2025-05-12 19:00:00+02:00
2025-05-12 18:00:00+00:00,01.West.120,24.683333333333334,1012.9551,22.608166,34.53333333333333,42.65,0.42468798,2025-05-12 20:00:00+02:00
2025-05-12 19:00:00+00:00,01.West.120,24.600000000000005,1013.7633,20.549665,40.86666666666667,3.816666666666667,0.029802667,2025-05-12 21:00:00+02:00
2025-05-12 20:00:00+00:00,01.West.120,24.580000000000002,1014.50885,18.631166,48.083333333333336,0.0,0.0,2025-05-12 22:00:00+02:00
2025-05-12 21:00:00+00:00,01.West.120,24.46666666666667,1014.9903,17.2545,51.916666666666664,0.0,0.0,2025-05-12 23:00:00+02:00
2025-05-12 22:00:00+00:00,01.West.120,24.316666666666666,1015.54675,16.132833,53.666666666666664,0.0,0.0,2025-05-13 00:00:00+02:00
2025-05-12 23:00:00+00:00,01.West.120,24.25,1015.81604,15.157667,54.3,0.0,0.0,2025-05-13 01:00:00+02:00
2025-05-13 00:00:00+00:00,01.West.120,24.11666666666667,1016.01575,14.228,56.43333333333333,0.0,0.0,2025-05-13 02:00:00+02:00
2025-05-13 01:00:00+00:00,01.West.120,24.03333333333333,1016.49835,13.472,58.166666666666664,0.0,0.0,2025-05-13 03:00:00+02:00
2025-05-13 02:00:00+00:00,01.West.120,23.96666666666667,1016.82684,12.979501,59.75,0.0,0.0,2025-05-13 04:00:00+02:00
2025-05-13 03:00:00+00:00,01.West.120,23.88333333333333,1017.04016,12.2905,62.36666666666667,0.08333333333333333,0.0,2025-05-13 05:00:00+02:00
2025-05-13 04:00:00+00:00,01.West.120,23.866666666666664,1017.46857,11.700666,64.76666666666667,13.166666666666666,0.0,2025-05-13 06:00:00+02:00
2025-05-13 05:00:00+00:00,01.West.120,23.96666666666667,1017.9968,12.188833,63.6,24.866666666666667,0.10430933,2025-05-13 07:00:00+02:00
2025-05-13 06:00:00+00:00,01.West.120,24.583333333333332,1018.3885,14.4415,54.55,59.2,0.26822397,2025-05-13 08:00:00+02:00
2025-05-13 07:00:00+00:00,01.West.120,25.45,1018.63965,16.390001,48.56666666666667,68.01666666666667,0.47684267,2025-05-13 09:00:00+02:00
2025-05-13 08:00:00+00:00,01.West.120,26.0,1018.7147,18.160833,42.75,248.55,0.92388266,2025-05-13 10:00:00+02:00
2025-05-13 09:00:00+00:00,01.West.120,26.21666666666667,1018.70685,20.085333,36.63333333333333,575.3166666666667,0.8344746,2025-05-13 11:00:00+02:00
2025-05-13 10:00:00+00:00,01.West.120,26.183333333333334,1018.612,21.894667,32.583333333333336,745.3,0.759968,2025-05-13 12:00:00+02:00
2025-05-13 11:00:00+00:00,01.West.120,25.933333333333334,1018.5212,22.921333,28.733333333333334,826.7333333333333,0.715264,2025-05-13 13:00:00+02:00
2025-05-13 12:00:00+00:00,01.West.120,25.683333333333334,1018.2666,23.790167,27.383333333333333,816.6833333333333,0.5960533,2025-05-13 14:00:00+02:00
2025-05-13 13:00:00+00:00,01.West.120,25.75,1017.95337,24.532167,25.783333333333335,761.3666666666667,0.40978667,2025-05-13 15:00:00+02:00
2025-05-13 14:00:00+00:00,01.West.120,25.55,1017.6836,24.841333,25.15,666.5833333333334,0.29057598,2025-05-13 16:00:00+02:00
2025-05-13 15:00:00+00:00,01.West.120,25.5,1017.3455,24.781668,25.533333333333335,538.1166666666667,0.38743466,2025-05-13 17:00:00+02:00
2025-05-13 16:00:00+00:00,01.West.120,25.366666666666664,1017.1231,24.9075,27.516666666666666,383.71666666666664,0.11921067,2025-05-13 18:00:00+02:00
2025-05-13 17:00:00+00:00,01.West.120,25.11666666666667,1017.0379,23.863832,30.75,222.76666666666668,0.03725333,2025-05-13 19:00:00+02:00
2025-05-13 18:00:00+00:00,01.West.120,25.03333333333333,1017.2823,21.465502,35.45,46.083333333333336,0.044704,2025-05-13 20:00:00+02:00
2025-05-13 19:00:00+00:00,01.West.120,24.933333333333334,1017.5566,19.338001,40.333333333333336,3.45,0.0074506667,2025-05-13 21:00:00+02:00
2025-05-13 20:00:00+00:00,01.West.120,24.75,1017.90424,17.614834,56.56666666666667,0.0,0.0074506667,2025-05-13 22:00:00+02:00
2025-05-13 21:00:00+00:00,01.West.120,24.633333333333336,1018.467,16.197166,63.78333333333333,0.0,0.0074506667,2025-05-13 23:00:00+02:00
2025-05-13 22:00:00+00:00,01.West.120,24.600000000000005,1018.86096,15.093833,67.45,0.0,0.0,2025-05-14 00:00:00+02:00
2025-05-13 23:00:00+00:00,01.West.120,24.53333333333333,1018.967,14.122,71.9,0.0,0.0,2025-05-14 01:00:00+02:00
2025-05-14 00:00:00+00:00,01.West.120,24.439999999999998,1019.0246,13.1665,75.46666666666667,0.0,0.0,2025-05-14 02:00:00+02:00
2025-05-14 01:00:00+00:00,01.West.120,24.366666666666664,1019.0246,12.6985,75.73333333333333,0.0,0.0,2025-05-14 03:00:00+02:00
2025-05-14 02:00:00+00:00,01.West.120,24.3,1019.20233,12.254667,75.31666666666666,0.0,0.0,2025-05-14 04:00:00+02:00
2025-05-14 03:00:00+00:00,01.West.120,24.21666666666667,1019.13293,11.562834,77.11666666666666,0.0,0.0,2025-05-14 05:00:00+02:00
2025-05-14 04:00:00+00:00,01.West.120,24.166666666666668,1019.208,11.244833,78.68333333333334,6.866666666666666,0.0,2025-05-14 06:00:00+02:00
2025-05-14 05:00:00+00:00,01.West.120,24.233333333333334,1019.471,11.951,77.56666666666666,25.483333333333334,0.0149013335,2025-05-14 07:00:00+02:00
2025-05-14 06:00:00+00:00,01.West.120,24.7,1019.5704,14.047667,70.91666666666667,59.05,0.029802667,2025-05-14 08:00:00+02:00
2025-05-14 07:00:00+00:00,01.West.120,25.516666666666666,1019.79047,15.737834,65.83333333333333,72.38333333333334,0.03725333,2025-05-14 09:00:00+02:00
2025-05-14 08:00:00+00:00,01.West.120,25.883333333333336,1020.0128,17.272,59.483333333333334,236.65,0.0,2025-05-14 10:00:00+02:00
2025-05-14 09:00:00+00:00,01.West.120,25.96666666666667,1020.1308,18.4825,57.93333333333333,373.3666666666667,0.022352,2025-05-14 11:00:00+02:00
2025-05-14 10:00:00+00:00,01.West.120,25.916666666666668,1020.1274,19.320333,53.516666666666666,455.98333333333335,0.044704,2025-05-14 12:00:00+02:00
2025-05-14 11:00:00+00:00,01.West.120,25.8,1019.9948,19.279667,57.81666666666667,568.3333333333334,0.13411199,2025-05-14 13:00:00+02:00
2025-05-14 12:00:00+00:00,01.West.120,25.8,1019.9457,19.899834,51.083333333333336,682.5833333333334,0.14901333,2025-05-14 14:00:00+02:00
2025-05-14 13:00:00+00:00,01.West.120,25.683333333333334,1019.8723,19.992668,46.06666666666667,742.1,0.26077333,2025-05-14 15:00:00+02:00
2025-05-14 14:00:00+00:00,01.West.120,25.46666666666667,1020.0868,19.171,48.53333333333333,663.75,0.28312534,2025-05-14 16:00:00+02:00
2025-05-14 15:00:00+00:00,01.West.120,25.433333333333334,1020.168,17.2335,59.13333333333333,528.7333333333333,0.39488533,2025-05-14 17:00:00+02:00
2025-05-14 16:00:00+00:00,01.West.120,25.349999999999998,1020.01,16.588,58.8,382.03333333333336,0.052154664,2025-05-14 18:00:00+02:00
2025-05-14 17:00:00+00:00,01.West.120,24.96666666666667,1020.07043,15.369666,63.3,227.43333333333334,0.18626666,2025-05-14 19:00:00+02:00
2025-05-14 18:00:00+00:00,01.West.120,24.650000000000002,1020.03033,13.660334,68.3,53.8,0.08195733,2025-05-14 20:00:00+02:00
2025-05-14 19:00:00+00:00,01.West.120,24.53333333333333,1020.0823,12.191667,73.41666666666667,4.883333333333334,0.09685866,2025-05-14 21:00:00+02:00
2025-05-14 20:00:00+00:00,01.West.120,24.433333333333334,1020.3594,11.583667,74.0,0.0,0.11176,2025-05-14 22:00:00+02:00
2025-05-14 21:00:00+00:00,01.West.120,24.333333333333332,1020.2008,11.439834,73.16666666666667,0.0,0.044704,2025-05-14 23:00:00+02:00
2025-05-14 22:00:00+00:00,01.West.120,24.316666666666666,1020.15735,11.5045,72.11666666666666,0.0,0.022352,2025-05-15 00:00:00+02:00
2025-05-14 23:00:00+00:00,01.West.120,24.25,1020.0896,11.6925,71.66666666666667,0.0,0.029802667,2025-05-15 01:00:00+02:00
2025-05-15 00:00:00+00:00,01.West.120,24.150000000000002,1019.8633,11.893666,73.08333333333333,0.0,0.029802667,2025-05-15 02:00:00+02:00
2025-05-15 01:00:00+00:00,01.West.120,24.11666666666667,1019.73914,11.990001,74.0,0.0,0.029802667,2025-05-15 03:00:00+02:00
2025-05-15 02:00:00+00:00,01.West.120,24.100000000000005,1019.5839,11.946,74.2,0.0,0.044704,2025-05-15 04:00:00+02:00
2025-05-15 03:00:00+00:00,01.West.120,24.080000000000002,1019.44,11.769,74.38333333333334,0.0,0.08195733,2025-05-15 05:00:00+02:00
2025-05-15 04:00:00+00:00,01.West.120,24.03333333333333,1019.6742,11.652666,74.13333333333334,6.933333333333334,0.059605334,2025-05-15 06:00:00+02:00
2025-05-15 05:00:00+00:00,01.West.120,24.016666666666666,1020.0354,11.7890005,73.8,25.7,0.052154664,2025-05-15 07:00:00+02:00
2025-05-15 06:00:00+00:00,01.West.120,24.0,1020.347,11.949833,74.43333333333334,55.71666666666667,0.0149013335,2025-05-15 08:00:00+02:00
2025-05-15 07:00:00+00:00,01.West.120,24.116666666666664,1020.65796,12.7625,73.05,148.16666666666666,0.029802667,2025-05-15 09:00:00+02:00
2025-05-15 08:00:00+00:00,01.West.120,24.7,1020.882,14.247499,67.73333333333333,238.83333333333334,0.052154664,2025-05-15 10:00:00+02:00
2025-05-15 09:00:00+00:00,01.West.120,25.2,1021.16815,15.440166,65.81666666666666,301.45,0.06705599,2025-05-15 11:00:00+02:00
2025-05-20 07:00:00+00:00,01.West.120,24.183333333333334,1019.7459,15.824499,57.36666666666667,73.2,0.0,2025-05-20 09:00:00+02:00
2025-05-20 08:00:00+00:00,01.West.120,25.05,1019.77466,17.710167,49.333333333333336,170.38333333333333,0.0,2025-05-20 10:00:00+02:00
2025-05-20 09:00:00+00:00,01.West.120,25.316666666666666,1019.7357,18.944334,45.7,434.1166666666667,0.022352,2025-05-20 11:00:00+02:00
2025-05-20 10:00:00+00:00,01.West.120,25.183333333333334,1019.5207,19.807499,42.416666666666664,770.7666666666667,0.029802667,2025-05-20 12:00:00+02:00
2025-05-20 11:00:00+00:00,01.West.120,25.05,1019.26276,20.344168,40.516666666666666,822.1166666666667,0.104309335,2025-05-20 13:00:00+02:00
2025-05-20 12:00:00+00:00,01.West.120,24.866666666666664,1019.08105,20.640501,43.46666666666667,793.8,0.10430933,2025-05-20 14:00:00+02:00
2025-05-20 13:00:00+00:00,01.West.120,24.899999999999995,1019.0562,19.836168,51.766666666666666,775.4,0.11176,2025-05-20 15:00:00+02:00
2025-05-20 14:00:00+00:00,01.West.120,24.816666666666666,1019.0048,18.188833,58.55,680.9666666666667,0.29802665,2025-05-20 16:00:00+02:00
2025-05-20 15:00:00+00:00,01.West.120,24.583333333333332,1018.78357,17.915998,60.516666666666666,557.3,0.14901333,2025-05-20 17:00:00+02:00
2025-05-20 16:00:00+00:00,01.West.120,24.21666666666667,1018.51154,17.110666,64.28333333333333,410.18333333333334,0.201168,2025-05-20 18:00:00+02:00
2025-05-20 17:00:00+00:00,01.West.120,24.066666666666666,1018.2683,16.3985,67.11666666666666,251.51666666666668,0.13411199,2025-05-20 19:00:00+02:00
2025-05-20 18:00:00+00:00,01.West.120,23.983333333333334,1018.30383,14.853,71.71666666666667,68.35,0.052154664,2025-05-20 20:00:00+02:00
2025-05-20 19:00:00+00:00,01.West.120,23.78333333333333,1018.2852,13.165667,77.98333333333333,6.3,0.12666133,2025-05-20 21:00:00+02:00
2025-05-20 20:00:00+00:00,01.West.120,23.61666666666667,1018.3366,12.374666,81.33333333333333,0.0,0.0,2025-05-20 22:00:00+02:00
2025-05-20 21:00:00+00:00,01.West.120,23.55,1018.384,11.8085,83.25,0.0,0.0,2025-05-20 23:00:00+02:00
2025-05-20 22:00:00+00:00,01.West.120,23.583333333333332,1018.1458,11.533667,84.0,0.0,0.0,2025-05-21 00:00:00+02:00
2025-05-20 23:00:00+00:00,01.West.120,23.433333333333334,1017.7265,11.212333,84.38333333333334,0.0,0.0,2025-05-21 01:00:00+02:00
2025-05-21 00:00:00+00:00,01.West.120,23.46666666666667,1017.2225,11.228666,85.0,0.0,0.0,2025-05-21 02:00:00+02:00
2025-05-21 01:00:00+00:00,01.West.120,23.416666666666668,1016.7247,10.573667,85.06666666666666,0.0,0.0,2025-05-21 03:00:00+02:00
2025-05-21 02:00:00+00:00,01.West.120,23.32,1016.43396,10.2369995,86.0,0.0,0.0,2025-05-21 04:00:00+02:00
2025-05-21 03:00:00+00:00,01.West.120,23.3,1016.03326,10.381166,86.0,0.16666666666666666,0.0,2025-05-21 05:00:00+02:00
2025-05-21 04:00:00+00:00,01.West.120,23.28333333333333,1015.8978,11.038166,86.0,16.116666666666667,0.0,2025-05-21 06:00:00+02:00
2025-05-21 05:00:00+00:00,01.West.120,23.433333333333334,1015.9074,11.9425,85.48333333333333,35.61666666666667,0.059605334,2025-05-21 07:00:00+02:00
2025-05-21 06:00:00+00:00,01.West.120,23.7,1015.8019,13.523167,79.31666666666666,105.33333333333333,0.044704,2025-05-21 08:00:00+02:00
2025-05-21 07:00:00+00:00,01.West.120,23.916666666666668,1015.67596,14.697333,70.33333333333333,141.03333333333333,0.10430933,2025-05-21 09:00:00+02:00
2025-05-21 08:00:00+00:00,01.West.120,24.083333333333332,1015.52423,15.521334,66.61666666666666,190.56666666666666,0.19371732,2025-05-21 10:00:00+02:00
2025-05-21 09:00:00+00:00,01.West.120,24.25,1015.49146,16.334833,62.65,312.51666666666665,0.24587199,2025-05-21 11:00:00+02:00
2025-05-21 10:00:00+00:00,01.West.120,24.46666666666667,1015.3712,16.321499,64.81666666666666,408.01666666666665,0.36508268,2025-05-21 12:00:00+02:00
2025-05-21 11:00:00+00:00,01.West.120,24.666666666666668,1015.2166,16.029333,68.83333333333333,359.15,0.201168,2025-05-21 13:00:00+02:00
2025-05-21 12:00:00+00:00,01.West.120,24.683333333333334,1015.14154,15.4713335,69.96666666666667,380.05,0.178816,2025-05-21 14:00:00+02:00
2025-05-21 13:00:00+00:00,01.West.120,24.78333333333333,1015.106,15.692,65.68333333333334,531.4333333333333,0.357632,2025-05-21 15:00:00+02:00
2025-05-21 14:00:00+00:00,01.West.120,24.61666666666667,1015.13477,14.674833,65.98333333333333,367.6,0.29057598,2025-05-21 16:00:00+02:00
2025-05-21 15:00:00+00:00,01.West.120,24.400000000000002,1014.9361,14.173,64.25,279.05,0.20861866,2025-05-21 17:00:00+02:00
2025-05-21 16:00:00+00:00,01.West.120,24.060000000000002,1014.5873,13.472667,66.1,167.3,0.14901333,2025-05-21 18:00:00+02:00
2025-05-21 17:00:00+00:00,01.West.120,23.7,1014.5094,12.820499,66.55,73.28333333333333,0.178816,2025-05-21 19:00:00+02:00
2025-05-21 18:00:00+00:00,01.West.120,23.483333333333334,1014.6612,12.7115,65.9,46.4,0.089408,2025-05-21 20:00:00+02:00
2025-05-21 19:00:00+00:00,01.West.120,23.28333333333333,1014.9671,12.0859995,66.05,5.416666666666667,0.059605334,2025-05-21 21:00:00+02:00
2025-05-21 20:00:00+00:00,01.West.120,23.166666666666668,1015.1918,12.017,66.3,0.0,0.0074506667,2025-05-21 22:00:00+02:00
2025-05-21 21:00:00+00:00,01.West.120,23.100000000000005,1015.0851,11.6375,68.4,0.0,0.0,2025-05-21 23:00:00+02:00
2025-05-21 22:00:00+00:00,01.West.120,23.083333333333332,1015.1449,11.398833,70.6,0.0,0.0,2025-05-22 00:00:00+02:00
2025-05-21 23:00:00+00:00,01.West.120,23.03333333333333,1015.19293,10.9075,73.3,0.0,0.0,2025-05-22 01:00:00+02:00
2025-05-22 00:00:00+00:00,01.West.120,22.983333333333334,1015.09186,10.500167,74.21666666666667,0.0,0.0,2025-05-22 02:00:00+02:00
2025-05-22 01:00:00+00:00,01.West.120,22.916666666666668,1014.98065,10.574,73.81666666666666,0.0,0.0074506667,2025-05-22 03:00:00+02:00
2025-05-22 02:00:00+00:00,01.West.120,22.816666666666666,1014.7961,11.12,71.58333333333333,0.0,0.059605334,2025-05-22 04:00:00+02:00
2025-05-22 03:00:00+00:00,01.West.120,22.8,1014.71423,11.281333,69.7,0.5,0.0,2025-05-22 05:00:00+02:00
2025-05-22 04:00:00+00:00,01.West.120,22.78333333333333,1014.80963,11.3365,72.06666666666666,11.733333333333333,0.044704,2025-05-22 06:00:00+02:00
2025-05-22 05:00:00+00:00,01.West.120,22.75,1015.20355,11.619167,69.71666666666667,27.983333333333334,0.08195733,2025-05-22 07:00:00+02:00
2025-05-22 06:00:00+00:00,01.West.120,22.650000000000002,1015.8588,11.045333,72.86666666666666,52.016666666666666,0.11921067,2025-05-22 08:00:00+02:00
2025-05-22 07:00:00+00:00,01.West.120,22.733333333333334,1016.3934,11.8105,65.86666666666666,147.11666666666667,0.13411199,2025-05-22 09:00:00+02:00
2025-05-22 08:00:00+00:00,01.West.120,23.066666666666666,1016.5147,12.439166,58.95,173.48333333333332,0.24587199,2025-05-22 10:00:00+02:00
2025-05-22 09:00:00+00:00,01.West.120,23.633333333333336,1016.846,13.366166,50.516666666666666,407.73333333333335,0.26822397,2025-05-22 11:00:00+02:00
2025-05-22 10:00:00+00:00,01.West.120,23.88333333333333,1017.1491,14.044666,49.7,657.8166666666667,0.245872,2025-05-22 12:00:00+02:00
2025-05-22 11:00:00+00:00,01.West.120,23.71666666666667,1017.2428,14.334333,51.11666666666667,589.45,0.21606933,2025-05-22 13:00:00+02:00
2025-05-22 12:00:00+00:00,01.West.120,23.46666666666667,1017.3449,14.793667,50.68333333333333,730.1,0.33528,2025-05-22 14:00:00+02:00
2025-05-22 13:00:00+00:00,01.West.120,23.3,1017.5893,13.682333,56.85,432.3,0.44704,2025-05-22 15:00:00+02:00
2025-05-22 14:00:00+00:00,01.West.120,23.21666666666667,1017.6497,14.336667,51.85,576.95,0.47684267,2025-05-22 16:00:00+02:00
2025-05-22 15:00:00+00:00,01.West.120,23.11666666666667,1017.8856,14.221,50.2,380.56666666666666,0.36508265,2025-05-22 17:00:00+02:00
2025-05-22 16:00:00+00:00,01.West.120,23.03333333333333,1017.9951,13.3845005,52.833333333333336,278.28333333333336,0.5737013,2025-05-22 18:00:00+02:00
2025-05-22 17:00:00+00:00,01.West.120,22.866666666666664,1018.17065,13.278833,53.43333333333333,178.36666666666667,0.201168,2025-05-22 19:00:00+02:00
2025-05-22 18:00:00+00:00,01.West.120,22.78333333333333,1018.3575,12.140333,59.63333333333333,86.63333333333334,0.32782933,2025-05-22 20:00:00+02:00
2025-05-22 19:00:00+00:00,01.West.120,22.66,1018.5166,11.394667,61.21666666666667,9.5,0.089408,2025-05-22 21:00:00+02:00
2025-05-22 20:00:00+00:00,01.West.120,22.55,1018.67865,10.812166,63.5,0.0,0.178816,2025-05-22 22:00:00+02:00
2025-05-22 21:00:00+00:00,01.West.120,22.5,1018.51324,10.160833,69.63333333333334,0.0,0.28312534,2025-05-22 23:00:00+02:00
2025-05-22 22:00:00+00:00,01.West.120,22.5,1018.23615,10.132,69.5,0.0,0.14156267,2025-05-23 00:00:00+02:00
2025-05-22 23:00:00+00:00,01.West.120,22.516666666666666,1018.0222,10.1855,67.41666666666667,0.0,0.23842134,2025-05-23 01:00:00+02:00
2025-05-23 00:00:00+00:00,01.West.120,22.46666666666667,1017.7846,10.280666,66.15,0.0,0.27567467,2025-05-23 02:00:00+02:00
2025-05-23 01:00:00+00:00,01.West.120,22.399999999999995,1017.51086,9.7255,70.91666666666667,0.0,0.06705599,2025-05-23 03:00:00+02:00
2025-05-23 02:00:00+00:00,01.West.120,22.316666666666666,1017.32294,9.5345,71.08333333333333,0.0,0.15646401,2025-05-23 04:00:00+02:00
2025-05-23 03:00:00+00:00,01.West.120,22.21666666666667,1017.2529,8.758667,78.05,0.55,0.12666133,2025-05-23 05:00:00+02:00
2025-05-23 04:00:00+00:00,01.West.120,22.183333333333334,1017.23206,9.1075,75.71666666666667,16.833333333333332,0.21606933,2025-05-23 06:00:00+02:00
2025-05-23 05:00:00+00:00,01.West.120,22.3,1017.4206,9.970333,72.1,36.68333333333333,0.37253332,2025-05-23 07:00:00+02:00
2025-05-23 06:00:00+00:00,01.West.120,22.599999999999998,1017.61926,10.5633335,68.68333333333334,111.13333333333334,0.51409596,2025-05-23 08:00:00+02:00
2025-05-23 07:00:00+00:00,01.West.120,22.833333333333332,1017.92175,10.5925,70.15,113.03333333333333,0.491744,2025-05-23 09:00:00+02:00
2025-05-23 08:00:00+00:00,01.West.120,23.55,1018.05664,11.532667,66.11666666666666,179.91666666666666,0.9685867,2025-05-23 10:00:00+02:00
2025-05-23 09:00:00+00:00,01.West.120,23.666666666666668,1018.2598,12.0215,66.71666666666667,279.3833333333333,0.78231996,2025-05-23 11:00:00+02:00
2025-05-23 10:00:00+00:00,01.West.120,23.88333333333333,1018.248,13.084167,58.75,618.25,1.095248,2025-05-23 12:00:00+02:00
2025-05-23 11:00:00+00:00,01.West.120,24.05,1018.32245,13.5275,53.21666666666667,569.3666666666667,1.0430933,2025-05-23 13:00:00+02:00
2025-05-23 12:00:00+00:00,01.West.120,23.983333333333334,1018.5183,13.4485,54.016666666666666,530.2333333333333,0.8866293,2025-05-23 14:00:00+02:00
2025-05-23 13:00:00+00:00,01.West.120,23.666666666666668,1018.6549,13.802334,54.81666666666667,420.1333333333333,1.1474026,2025-05-23 15:00:00+02:00
2025-05-23 14:00:00+00:00,01.West.120,23.600000000000005,1018.70795,12.895167,58.85,266.95,1.0356426,2025-05-23 16:00:00+02:00
2025-05-23 15:00:00+00:00,01.West.120,23.416666666666668,1018.6165,13.8835,54.06666666666667,426.68333333333334,0.759968,2025-05-23 17:00:00+02:00
2025-05-23 16:00:00+00:00,01.West.120,23.133333333333336,1018.5804,13.709834,53.35,350.2,0.5737013,2025-05-23 18:00:00+02:00
2025-05-23 17:00:00+00:00,01.West.120,22.933333333333334,1018.5832,13.818666,55.36666666666667,248.53333333333333,0.28312534,2025-05-23 19:00:00+02:00
2025-05-23 18:00:00+00:00,01.West.120,22.766666666666666,1018.7553,12.535167,60.45,77.23333333333333,0.379984,2025-05-23 20:00:00+02:00
2025-05-23 19:00:00+00:00,01.West.120,22.650000000000002,1018.8728,11.566166,64.65,7.883333333333334,0.022352,2025-05-23 21:00:00+02:00
2025-05-23 20:00:00+00:00,01.West.120,22.55,1018.73505,10.378,70.11666666666666,0.0,0.0,2025-05-23 22:00:00+02:00
2025-05-23 21:00:00+00:00,01.West.120,22.5,1018.26263,9.0875,76.36666666666666,0.0,0.0,2025-05-23 23:00:00+02:00
2025-05-23 22:00:00+00:00,01.West.120,22.399999999999995,1017.661,8.753167,80.1,0.0,0.0074506667,2025-05-24 00:00:00+02:00
2025-05-23 23:00:00+00:00,01.West.120,22.349999999999998,1017.15985,9.000167,81.01666666666667,0.0,0.0,2025-05-24 01:00:00+02:00
2025-05-24 00:00:00+00:00,01.West.120,22.38333333333333,1016.32904,9.604334,80.21666666666667,0.0,0.089408,2025-05-24 02:00:00+02:00
2025-05-24 01:00:00+00:00,01.West.120,22.316666666666666,1015.56256,10.598499,74.28333333333333,0.0,0.14156267,2025-05-24 03:00:00+02:00
2025-05-24 02:00:00+00:00,01.West.120,22.28333333333333,1014.91864,10.848333,69.11666666666666,0.0,0.096858665,2025-05-24 04:00:00+02:00
2025-05-24 03:00:00+00:00,01.West.120,22.183333333333334,1014.3254,11.242833,66.71666666666667,1.1,0.052154664,2025-05-24 05:00:00+02:00
2025-05-24 04:00:00+00:00,01.West.120,22.183333333333334,1013.8096,11.584,66.88333333333334,20.516666666666666,0.096858665,2025-05-24 06:00:00+02:00
2025-05-24 05:00:00+00:00,01.West.120,22.166666666666668,1013.511,12.146833,69.36666666666666,40.55,0.21606933,2025-05-24 07:00:00+02:00
2025-05-24 06:00:00+00:00,01.West.120,22.183333333333334,1013.2294,12.924,73.56666666666666,71.65,0.54389864,2025-05-24 08:00:00+02:00
2025-05-24 07:00:00+00:00,01.West.120,22.21666666666667,1012.9336,14.026334,76.31666666666666,130.6,0.72271466,2025-05-24 09:00:00+02:00
2025-05-24 08:00:00+00:00,01.West.120,22.28333333333333,1013.14417,14.267333,76.0,150.88333333333333,1.0579946,2025-05-24 10:00:00+02:00
2025-05-24 09:00:00+00:00,01.West.120,22.3,1013.05835,13.4705,81.98333333333333,103.51666666666667,0.5588,2025-05-24 11:00:00+02:00
2025-05-24 10:00:00+00:00,01.West.120,22.266666666666666,1012.53455,13.207833,84.0,114.05,0.46194133,2025-05-24 12:00:00+02:00
2025-05-24 11:00:00+00:00,01.West.120,22.183333333333334,1012.0836,12.765333,85.06666666666666,62.083333333333336,0.871728,2025-05-24 13:00:00+02:00
2025-05-24 12:00:00+00:00,01.West.120,22.066666666666666,1011.6942,12.677833,85.96666666666667,48.083333333333336,0.54389864,2025-05-24 14:00:00+02:00
2025-05-24 13:00:00+00:00,01.West.120,22.05,1011.46844,13.142834,86.0,42.5,0.0,2025-05-24 15:00:00+02:00
2025-05-24 14:00:00+00:00,01.West.120,22.05,1011.16534,14.1335,86.31666666666666,30.083333333333332,0.0,2025-05-24 16:00:00+02:00
2025-05-24 15:00:00+00:00,01.West.120,22.100000000000005,1010.8431,15.042001,86.01666666666667,66.78333333333333,0.0,2025-05-24 17:00:00+02:00
2025-05-24 16:00:00+00:00,01.West.120,22.100000000000005,1010.8549,15.613667,86.0,77.76666666666667,0.34273064,2025-05-24 18:00:00+02:00
2025-05-24 17:00:00+00:00,01.West.120,22.066666666666666,1010.6613,15.921666,85.58333333333333,39.416666666666664,0.37253332,2025-05-24 19:00:00+02:00
2025-05-24 18:00:00+00:00,01.West.120,22.03333333333333,1010.6331,15.661166,85.0,17.816666666666666,0.65565866,2025-05-24 20:00:00+02:00
2025-05-24 19:00:00+00:00,01.West.120,22.0,1010.74316,15.232667,85.03333333333333,2.3666666666666667,0.53644794,2025-05-24 21:00:00+02:00
2025-05-24 20:00:00+00:00,01.West.120,21.95,1010.6856,14.940833,85.96666666666667,0.0,0.65565866,2025-05-24 22:00:00+02:00
2025-05-24 21:00:00+00:00,01.West.120,21.866666666666664,1010.46606,14.827666,86.0,0.0,0.55134934,2025-05-24 23:00:00+02:00
2025-05-24 22:00:00+00:00,01.West.120,21.849999999999998,1010.334,14.7325,86.0,0.0,0.58115196,2025-05-25 00:00:00+02:00
2025-05-24 23:00:00+00:00,01.West.120,21.84,1010.21716,14.646,86.0,0.0,0.9909386,2025-05-25 01:00:00+02:00
2025-05-25 00:00:00+00:00,01.West.120,21.8,1009.7301,14.4165,86.0,0.0,1.139952,2025-05-25 02:00:00+02:00
2025-05-25 01:00:00+00:00,01.West.120,21.8,1009.09174,14.587,86.0,0.0,0.85682666,2025-05-25 03:00:00+02:00
2025-05-25 02:00:00+00:00,01.West.120,21.75,1008.406,14.977666,85.36666666666666,0.0,1.2368107,2025-05-25 04:00:00+02:00
2025-05-25 03:00:00+00:00,01.West.120,21.666666666666668,1008.0352,15.054334,83.33333333333333,0.0,1.7211039,2025-05-25 05:00:00+02:00
2025-05-25 04:00:00+00:00,01.West.120,21.583333333333332,1008.0188,14.322666,84.93333333333334,6.433333333333334,1.6018933,2025-05-25 06:00:00+02:00
2025-05-25 05:00:00+00:00,01.West.120,21.61666666666667,1007.78235,14.210833,86.0,17.733333333333334,0.9760373,2025-05-25 07:00:00+02:00
2025-05-25 06:00:00+00:00,01.West.120,21.650000000000002,1007.6384,14.2475,86.21666666666667,20.133333333333333,0.53644794,2025-05-25 08:00:00+02:00
2025-05-25 07:00:00+00:00,01.West.120,21.583333333333332,1007.58875,14.435166,86.45,72.83333333333333,0.11176,2025-05-25 09:00:00+02:00
2025-05-25 08:00:00+00:00,01.West.120,21.583333333333332,1007.4646,14.880167,85.9,96.08333333333333,1.6242453,2025-05-25 10:00:00+02:00
2025-05-25 09:00:00+00:00,01.West.120,21.683333333333334,1007.38104,15.801666,81.9,211.41666666666666,1.7136533,2025-05-25 11:00:00+02:00
2025-05-25 10:00:00+00:00,01.West.120,22.0,1007.7965,16.829334,78.48333333333333,291.6666666666667,1.8924693,2025-05-25 12:00:00+02:00
2025-05-25 11:00:00+00:00,01.West.120,22.166666666666668,1008.11755,17.708668,74.51666666666667,581.8333333333334,1.385824,2025-05-25 13:00:00+02:00
2025-05-25 12:00:00+00:00,01.West.120,22.2,1008.26044,17.747166,72.9,298.4,1.3709226,2025-05-25 14:00:00+02:00
2025-05-25 13:00:00+00:00,01.West.120,22.100000000000005,1008.5759,17.8375,73.16666666666667,351.65,1.5795413,2025-05-25 15:00:00+02:00
2025-05-25 14:00:00+00:00,01.West.120,22.05,1008.9958,17.631834,72.91666666666667,258.68333333333334,1.6614987,2025-05-25 16:00:00+02:00
2025-05-25 15:00:00+00:00,01.West.120,22.0,1009.7374,17.117334,72.38333333333334,332.3666666666667,1.430528,2025-05-25 17:00:00+02:00
2025-05-25 16:00:00+00:00,01.West.120,22.0,1009.9903,17.316334,71.73333333333333,310.3666666666667,0.54389864,2025-05-25 18:00:00+02:00
2025-05-25 17:00:00+00:00,01.West.120,22.0,1010.6061,17.271168,70.73333333333333,187.73333333333332,0.12666133,2025-05-25 19:00:00+02:00
2025-05-25 18:00:00+00:00,01.West.120,22.0,1011.00616,17.564833,67.13333333333334,97.13333333333334,0.059605334,2025-05-25 20:00:00+02:00
2025-05-25 19:00:00+00:00,01.West.120,21.883333333333336,1011.0739,16.172333,70.65,7.566666666666666,0.06705599,2025-05-25 21:00:00+02:00
2025-05-25 20:00:00+00:00,01.West.120,21.78333333333333,1011.9222,15.359667,75.81666666666666,0.0,0.201168,2025-05-25 22:00:00+02:00
2025-05-25 21:00:00+00:00,01.West.120,21.7,1012.20953,14.660501,80.08333333333333,0.0,0.28312534,2025-05-25 23:00:00+02:00
2025-05-25 22:00:00+00:00,01.West.120,21.733333333333334,1012.4262,14.512,81.0,0.0,0.17136532,2025-05-26 00:00:00+02:00
2025-05-25 23:00:00+00:00,01.West.120,21.7,1012.4877,14.469,80.98333333333333,0.0,0.08195733,2025-05-26 01:00:00+02:00
2025-05-26 00:00:00+00:00,01.West.120,21.666666666666668,1012.5798,14.487667,78.68333333333334,0.0,0.11176,2025-05-26 02:00:00+02:00
2025-05-26 01:00:00+00:00,01.West.120,21.62,1012.9962,14.081333,73.91666666666667,0.0,0.11921067,2025-05-26 03:00:00+02:00
2025-05-26 02:00:00+00:00,01.West.120,21.53333333333333,1013.28125,13.872833,71.51666666666667,0.0,0.22352,2025-05-26 04:00:00+02:00
2025-05-26 03:00:00+00:00,01.West.120,21.5,1013.6064,13.505666,72.18333333333334,1.0333333333333334,0.10430933,2025-05-26 05:00:00+02:00
2025-05-26 04:00:00+00:00,01.West.120,21.5,1014.0748,13.2445,74.8,23.816666666666666,0.23842134,2025-05-26 06:00:00+02:00
2025-05-26 05:00:00+00:00,01.West.120,21.5,1014.733,13.556834,74.91666666666667,56.166666666666664,0.44704,2025-05-26 07:00:00+02:00
2025-05-26 06:00:00+00:00,01.West.120,21.75,1014.8328,13.9625,74.08333333333333,95.56666666666666,0.357632,2025-05-26 08:00:00+02:00
2025-05-26 07:00:00+00:00,01.West.120,22.3,1014.8328,14.409333,71.8,113.78333333333333,0.34273064,2025-05-26 09:00:00+02:00
2025-05-26 08:00:00+00:00,01.West.120,22.516666666666666,1014.8328,14.904166,68.4,175.28333333333333,0.5066453,2025-05-26 10:00:00+02:00
2025-05-26 09:00:00+00:00,01.West.120,22.78333333333333,1015.29504,15.513834,67.35,255.53333333333333,0.5066453,2025-05-26 11:00:00+02:00
2025-05-26 10:00:00+00:00,01.West.120,22.71666666666667,1016.6953,16.174334,60.78333333333333,660.0666666666667,0.961136,2025-05-26 12:00:00+02:00
2025-05-26 11:00:00+00:00,01.West.120,22.816666666666666,1016.8223,17.063833,53.416666666666664,814.3166666666667,1.00584,2025-05-26 13:00:00+02:00
2025-05-26 12:00:00+00:00,01.West.120,22.8,1016.8646,17.573334,52.916666666666664,822.2833333333333,1.2219093,2025-05-26 14:00:00+02:00
2025-05-26 13:00:00+00:00,01.West.120,22.633333333333336,1016.77094,17.779167,55.06666666666667,697.6,1.207008,2025-05-26 15:00:00+02:00
2025-05-26 14:00:00+00:00,01.West.120,22.55,1016.73254,17.46,56.11666666666667,442.9,1.3038667,2025-05-26 16:00:00+02:00
2025-05-26 15:00:00+00:00,01.West.120,22.5,1016.7111,17.637333,53.06666666666667,413.21666666666664,1.743456,2025-05-26 17:00:00+02:00
2025-05-26 16:00:00+00:00,01.West.120,22.25,1016.37585,17.220499,53.45,229.25,1.7062027,2025-05-26 18:00:00+02:00
2025-05-26 17:00:00+00:00,01.West.120,22.066666666666666,1016.24493,16.483667,57.68333333333333,127.01666666666667,1.7285546,2025-05-26 19:00:00+02:00
2025-05-26 18:00:00+00:00,01.West.120,22.0,1016.1383,16.008,60.75,28.283333333333335,1.8179626,2025-05-26 20:00:00+02:00
2025-05-26 19:00:00+00:00,01.West.120,21.916666666666668,1016.06323,15.550833,63.31666666666667,4.133333333333334,1.832864,2025-05-26 21:00:00+02:00
2025-05-26 20:00:00+00:00,01.West.120,21.866666666666664,1015.92664,15.3995,63.8,0.0,1.8552159,2025-05-26 22:00:00+02:00
2025-05-26 21:00:00+00:00,01.West.120,21.816666666666666,1015.7144,15.171334,64.73333333333333,0.0,1.2517121,2025-05-26 23:00:00+02:00
2025-05-26 22:00:00+00:00,01.West.120,21.816666666666666,1015.2504,14.9210005,66.51666666666667,0.0,1.7583574,2025-05-27 00:00:00+02:00
2025-05-26 23:00:00+00:00,01.West.120,21.78333333333333,1014.9451,14.0945,73.51666666666667,0.0,1.5348374,2025-05-27 01:00:00+02:00
2025-05-27 00:00:00+00:00,01.West.120,21.71666666666667,1014.567,13.043333,80.55,0.0,0.9909386,2025-05-27 02:00:00+02:00
2025-05-27 01:00:00+00:00,01.West.120,21.733333333333334,1013.95514,13.088166,79.4,0.0,0.9685867,2025-05-27 03:00:00+02:00
2025-05-27 02:00:00+00:00,01.West.120,21.7,1013.2237,13.557,78.81666666666666,0.0,1.1995574,2025-05-27 04:00:00+02:00
2025-05-27 03:00:00+00:00,01.West.120,21.683333333333334,1012.7801,13.966833,78.0,0.0,1.609344,2025-05-27 05:00:00+02:00
2025-05-27 04:00:00+00:00,01.West.120,21.7,1012.4872,14.166834,78.05,8.333333333333334,1.5795413,2025-05-27 06:00:00+02:00
2025-05-27 05:00:00+00:00,01.West.120,21.666666666666668,1012.83655,13.329166,83.26666666666667,20.166666666666668,1.2666132,2025-05-27 07:00:00+02:00
2025-05-27 06:00:00+00:00,01.West.120,21.666666666666668,1012.98267,13.288,85.33333333333333,45.75,1.2591627,2025-05-27 08:00:00+02:00
2025-05-27 07:00:00+00:00,01.West.120,21.733333333333334,1013.30444,13.564,86.0,81.25,1.184656,2025-05-27 09:00:00+02:00
2025-05-27 08:00:00+00:00,01.West.120,21.849999999999998,1013.5573,14.112834,86.0,160.91666666666666,0.73761594,2025-05-27 10:00:00+02:00
2025-05-27 09:00:00+00:00,01.West.120,22.03333333333333,1013.78754,15.386834,84.45,225.83333333333334,1.1176,2025-05-27 11:00:00+02:00
2025-05-27 10:00:00+00:00,01.West.120,22.066666666666666,1013.8694,16.341,77.73333333333333,293.9166666666667,1.1026987,2025-05-27 12:00:00+02:00
2025-05-27 11:00:00+00:00,01.West.120,22.25,1013.94446,17.214834,70.6,422.21666666666664,1.1548533,2025-05-27 13:00:00+02:00
2025-05-27 12:00:00+00:00,01.West.120,22.266666666666666,1013.9264,17.419832,69.68333333333334,350.0833333333333,2.056384,2025-05-27 14:00:00+02:00
2025-05-27 13:00:00+00:00,01.West.120,22.25,1014.0827,16.479334,74.21666666666667,132.4,1.6242453,2025-05-27 15:00:00+02:00
2025-05-27 14:00:00+00:00,01.West.120,22.100000000000005,1013.61365,13.8705,79.11666666666666,77.21666666666667,0.93133336,2025-05-27 16:00:00+02:00
2025-05-27 15:00:00+00:00,01.West.120,22.083333333333332,1012.1361,12.811334,84.66666666666667,33.43333333333333,0.052154664,2025-05-27 17:00:00+02:00
2025-05-27 16:00:00+00:00,01.West.120,22.0,1011.48364,14.052334,86.0,15.116666666666667,0.7003626,2025-05-27 18:00:00+02:00
2025-05-27 17:00:00+00:00,01.West.120,21.983333333333334,1011.23865,14.928333,86.0,22.95,1.4752319,2025-05-27 19:00:00+02:00
2025-05-27 18:00:00+00:00,01.West.120,21.95,1010.9244,14.752833,86.0,7.85,0.9909386,2025-05-27 20:00:00+02:00
2025-05-27 19:00:00+00:00,01.West.120,21.900000000000002,1010.8707,14.764001,86.0,0.0,1.6913013,2025-05-27 21:00:00+02:00
2025-05-27 20:00:00+00:00,01.West.120,21.88333333333333,1011.05817,14.894167,85.43333333333334,0.0,1.7285546,2025-05-27 22:00:00+02:00
2025-05-27 21:00:00+00:00,01.West.120,21.849999999999998,1010.952,14.9175,85.0,0.0,1.89992,2025-05-27 23:00:00+02:00
2025-05-27 23:00:00+00:00,01.West.120,21.7,1010.55133,15.045,85.0,0.0,1.6913013,2025-05-28 01:00:00+02:00
2025-05-28 00:00:00+00:00,01.West.120,21.78333333333333,1010.4643,15.050501,85.0,0.0,1.4826827,2025-05-28 02:00:00+02:00
2025-05-28 01:00:00+00:00,01.West.120,21.78333333333333,1010.4288,15.106334,85.0,0.0,1.7360053,2025-05-28 03:00:00+02:00
2025-05-28 02:00:00+00:00,01.West.120,21.7,1010.28937,15.0615,85.0,0.0,1.3113173,2025-05-28 04:00:00+02:00
2025-05-28 03:00:00+00:00,01.West.120,21.7,1010.4389,15.138834,85.0,0.0,1.1026987,2025-05-28 05:00:00+02:00
2025-05-28 04:00:00+00:00,01.West.120,21.666666666666668,1010.4982,15.181667,85.0,10.916666666666666,0.81957334,2025-05-28 06:00:00+02:00
2025-05-28 05:00:00+00:00,01.West.120,21.683333333333334,1010.4982,15.205999,85.0,29.966666666666665,0.75251734,2025-05-28 07:00:00+02:00
2025-05-28 06:00:00+00:00,01.West.120,21.7,1010.4982,15.483834,84.46666666666667,63.65,0.804672,2025-05-28 08:00:00+02:00
2025-05-28 07:00:00+00:00,01.West.120,21.740000000000002,1010.4982,15.656833,83.43333333333334,79.15,0.94623464,2025-05-28 09:00:00+02:00
2025-05-28 08:00:00+00:00,01.West.120,21.95,1010.4982,16.289667,81.38333333333334,183.08333333333334,1.0877973,2025-05-28 10:00:00+02:00
2025-05-28 09:00:00+00:00,01.West.120,22.433333333333334,1010.4982,16.780832,78.15,206.6,1.2368107,2025-05-28 11:00:00+02:00
2025-05-28 10:00:00+00:00,01.West.120,22.349999999999998,1010.4982,17.0065,75.21666666666667,277.3833333333333,1.4156266,2025-05-28 12:00:00+02:00
2025-05-28 11:00:00+00:00,01.West.120,22.53333333333333,1011.07166,17.631166,71.35,337.5,1.4826827,2025-05-28 13:00:00+02:00
2025-05-28 12:00:00+00:00,01.West.120,22.45,1013.6137,16.407667,75.88333333333334,260.1333333333333,0.961136,2025-05-28 14:00:00+02:00
2025-05-28 13:00:00+00:00,01.West.120,22.583333333333332,1013.6137,16.153666,77.81666666666666,346.3833333333333,0.42468798,2025-05-28 15:00:00+02:00
2025-05-28 14:00:00+00:00,01.West.120,22.566666666666666,1013.6137,16.993168,70.28333333333333,424.8666666666667,0.379984,2025-05-28 16:00:00+02:00
2025-05-28 15:00:00+00:00,01.West.120,22.416666666666668,1013.6137,16.927668,68.11666666666666,483.06666666666666,0.581152,2025-05-28 17:00:00+02:00
2025-05-28 16:00:00+00:00,01.West.120,22.233333333333334,1013.6137,17.275167,64.05,416.4166666666667,0.14901333,2025-05-28 18:00:00+02:00
2025-05-28 17:00:00+00:00,01.West.120,22.083333333333332,1013.6137,16.847,63.05,220.7,0.08195733,2025-05-28 19:00:00+02:00
2025-05-28 18:00:00+00:00,01.West.120,22.016666666666666,1013.6137,15.727334,68.43333333333334,101.08333333333333,0.022352,2025-05-28 20:00:00+02:00
2025-05-28 19:00:00+00:00,01.West.120,21.916666666666668,1013.6137,14.384667,72.41666666666667,9.466666666666667,0.0,2025-05-28 21:00:00+02:00
2025-05-28 20:00:00+00:00,01.West.120,21.866666666666664,1013.6137,13.460834,78.3,0.0,0.0,2025-05-28 22:00:00+02:00
2025-05-28 21:00:00+00:00,01.West.120,21.78333333333333,1018.3614,12.712333,82.21666666666667,0.0,0.0,2025-05-28 23:00:00+02:00
2025-05-28 22:00:00+00:00,01.West.120,21.816666666666666,1021.54517,12.022,84.35,0.0,0.0,2025-05-29 00:00:00+02:00
2025-05-28 23:00:00+00:00,01.West.120,21.8,1021.40857,11.6068325,85.0,0.0,0.0,2025-05-29 01:00:00+02:00
2025-05-29 00:00:00+00:00,01.West.120,21.71666666666667,1021.4498,11.2895,85.96666666666667,0.0,0.0,2025-05-29 02:00:00+02:00
2025-05-29 01:00:00+00:00,01.West.120,21.666666666666668,1021.1066,11.439166,86.0,0.0,0.0,2025-05-29 03:00:00+02:00
2025-05-29 02:00:00+00:00,01.West.120,21.633333333333336,1021.2274,11.7305,86.0,0.0,0.0,2025-05-29 04:00:00+02:00
2025-05-29 03:00:00+00:00,01.West.120,21.600000000000005,1021.12305,11.987166,86.0,0.3333333333333333,0.0,2025-05-29 05:00:00+02:00
2025-05-29 04:00:00+00:00,01.West.120,21.600000000000005,1020.5987,12.6895,86.0,16.016666666666666,0.0,2025-05-29 06:00:00+02:00
2025-05-29 05:00:00+00:00,01.West.120,21.633333333333336,1020.5942,13.366834,86.0,30.516666666666666,0.0,2025-05-29 07:00:00+02:00
2025-05-29 06:00:00+00:00,01.West.120,21.633333333333336,1020.7211,14.061,86.0,42.6,0.06705599,2025-05-29 08:00:00+02:00
2025-05-29 07:00:00+00:00,01.West.120,21.600000000000005,1020.7443,14.409834,86.0,82.81666666666666,0.06705599,2025-05-29 09:00:00+02:00
2025-05-29 08:00:00+00:00,01.West.120,21.633333333333336,1020.42487,14.606167,86.0,107.26666666666667,0.32037866,2025-05-29 10:00:00+02:00
2025-05-29 09:00:00+00:00,01.West.120,21.66,1020.2177,14.946667,84.76666666666667,129.33333333333334,0.36508268,2025-05-29 11:00:00+02:00
2025-05-29 10:00:00+00:00,01.West.120,21.7,1019.839,15.571,80.61666666666666,132.6,1.0356426,2025-05-29 12:00:00+02:00
2025-05-29 11:00:00+00:00,01.West.120,21.7,1019.8108,16.527834,77.23333333333333,151.81666666666666,1.2219093,2025-05-29 13:00:00+02:00
2025-05-29 12:00:00+00:00,01.West.120,21.75,1019.4981,17.447666,77.88333333333334,211.18333333333334,1.095248,2025-05-29 14:00:00+02:00
2025-05-29 13:00:00+00:00,01.West.120,21.833333333333332,1018.8925,18.219168,78.7,265.71666666666664,1.5571893,2025-05-29 15:00:00+02:00
2025-05-29 14:00:00+00:00,01.West.120,21.95,1018.45624,19.650667,76.2,358.96666666666664,1.8105121,2025-05-29 16:00:00+02:00
2025-05-29 15:00:00+00:00,01.West.120,21.95,1018.43933,19.114666,77.51666666666667,269.03333333333336,2.0489333,2025-05-29 17:00:00+02:00
2025-05-29 17:00:00+00:00,01.West.120,21.88333333333333,1018.1808,18.227835,78.08333333333333,222.78333333333333,2.0042293,2025-05-29 19:00:00+02:00
2025-05-29 18:00:00+00:00,01.West.120,21.78333333333333,1018.1882,17.782331,79.68333333333334,65.28333333333333,1.8552159,2025-05-29 20:00:00+02:00
2025-05-29 19:00:00+00:00,01.West.120,21.733333333333334,1018.4049,17.055,81.41666666666667,10.216666666666667,1.8105121,2025-05-29 21:00:00+02:00
2025-05-29 20:00:00+00:00,01.West.120,21.683333333333334,1018.65826,16.241833,83.66666666666667,0.0,1.0430933,2025-05-29 22:00:00+02:00
2025-05-29 21:00:00+00:00,01.West.120,21.61666666666667,1018.94446,16.077333,84.5,0.0,0.804672,2025-05-29 23:00:00+02:00
2025-05-29 22:00:00+00:00,01.West.120,21.683333333333334,1019.17523,16.166834,84.0,0.0,1.1101493,2025-05-30 00:00:00+02:00
2025-05-29 23:00:00+00:00,01.West.120,21.666666666666668,1019.2109,15.975,84.0,0.0,0.85682666,2025-05-30 01:00:00+02:00
2025-05-30 00:00:00+00:00,01.West.120,21.53333333333333,1019.2074,15.472334,84.8,0.0,0.61840534,2025-05-30 02:00:00+02:00
2025-05-30 01:00:00+00:00,01.West.120,21.516666666666666,1019.1375,15.066167,85.36666666666666,0.0,0.715264,2025-05-30 03:00:00+02:00
2025-05-30 02:00:00+00:00,01.West.120,21.516666666666666,1018.99414,14.769834,86.0,0.0,0.692912,2025-05-30 04:00:00+02:00
2025-05-30 03:00:00+00:00,01.West.120,21.516666666666666,1018.9924,14.4956665,86.01666666666667,0.08333333333333333,0.5737013,2025-05-30 05:00:00+02:00
2025-05-30 04:00:00+00:00,01.West.120,21.55,1019.3102,14.421666,87.0,11.15,0.25332266,2025-05-30 06:00:00+02:00
2025-05-30 05:00:00+00:00,01.West.120,21.599999999999998,1019.5878,14.348001,87.0,30.75,0.26822397,2025-05-30 07:00:00+02:00
2025-05-30 06:00:00+00:00,01.West.120,21.5,1019.67535,14.491,87.0,50.916666666666664,0.15646401,2025-05-30 08:00:00+02:00
2025-05-30 07:00:00+00:00,01.West.120,21.53333333333333,1020.1291,14.855166,87.0,97.31666666666666,0.46194133,2025-05-30 09:00:00+02:00
2025-05-30 08:00:00+00:00,01.West.120,21.583333333333332,1020.24646,15.6825,86.38333333333334,171.4,0.5066453,2025-05-30 10:00:00+02:00
2025-05-30 09:00:00+00:00,01.West.120,21.68,1020.26794,16.354834,84.43333333333334,177.8,0.41723734,2025-05-30 11:00:00+02:00
2025-05-30 10:00:00+00:00,01.West.120,21.78333333333333,1019.983,17.609667,81.18333333333334,408.95,0.581152,2025-05-30 12:00:00+02:00
2025-05-30 11:00:00+00:00,01.West.120,22.05,1019.8469,19.594334,73.56666666666666,834.5,1.0877973,2025-05-30 13:00:00+02:00
2025-05-30 12:00:00+00:00,01.West.120,22.083333333333332,1019.57996,20.252834,69.68333333333334,810.8666666666667,1.4379786,2025-05-30 14:00:00+02:00
2025-05-30 13:00:00+00:00,01.West.120,22.0,1019.4338,20.4955,68.45,755.0,1.2368107,2025-05-30 15:00:00+02:00
2025-05-30 14:00:00+00:00,01.West.120,21.96666666666667,1019.3383,20.664667,67.1,663.2833333333333,1.2591627,2025-05-30 16:00:00+02:00
2025-05-30 15:00:00+00:00,01.West.120,21.899999999999995,1019.3017,20.810833,66.73333333333333,539.5,1.0207413,2025-05-30 17:00:00+02:00
2025-05-30 16:00:00+00:00,01.West.120,21.899999999999995,1019.21765,20.402668,67.0,392.76666666666665,0.81212264,2025-05-30 18:00:00+02:00
2025-05-30 17:00:00+00:00,01.West.120,21.866666666666664,1018.9631,19.973835,66.68333333333334,181.5,0.34273064,2025-05-30 19:00:00+02:00
2025-05-30 18:00:00+00:00,01.West.120,21.866666666666664,1018.81177,19.176167,70.71666666666667,97.46666666666667,0.08195733,2025-05-30 20:00:00+02:00
2025-05-30 19:00:00+00:00,01.West.120,21.816666666666666,1018.726,17.897833,75.05,12.516666666666667,0.0149013335,2025-05-30 21:00:00+02:00
2025-05-30 20:00:00+00:00,01.West.120,21.733333333333334,1018.7841,16.51,79.83333333333333,0.0,0.0,2025-05-30 22:00:00+02:00
2025-05-30 21:00:00+00:00,01.West.120,21.666666666666668,1018.8135,15.236166,83.11666666666666,0.0,0.0,2025-05-30 23:00:00+02:00
2025-05-30 22:00:00+00:00,01.West.120,21.633333333333336,1018.6594,14.559,84.46666666666667,0.0,0.0,2025-05-31 00:00:00+02:00
2025-05-30 23:00:00+00:00,01.West.120,21.61666666666667,1018.68036,13.995167,85.35,0.0,0.0,2025-05-31 01:00:00+02:00
2025-05-31 00:00:00+00:00,01.West.120,21.61666666666667,1018.62213,13.5775,86.0,0.0,0.0,2025-05-31 02:00:00+02:00
2025-05-31 01:00:00+00:00,01.West.120,21.61666666666667,1018.6007,13.2825,86.18333333333334,0.0,0.0,2025-05-31 03:00:00+02:00
2025-05-31 02:00:00+00:00,01.West.120,21.566666666666666,1018.3434,13.382334,87.0,0.0,0.0,2025-05-31 04:00:00+02:00
2025-05-31 03:00:00+00:00,01.West.120,21.53333333333333,1018.12665,13.4845,87.0,2.2666666666666666,0.0,2025-05-31 05:00:00+02:00
2025-05-31 04:00:00+00:00,01.West.120,21.55,1017.972,13.647666,87.0,25.983333333333334,0.0,2025-05-31 06:00:00+02:00
2025-05-31 05:00:00+00:00,01.West.120,21.600000000000005,1018.0696,14.663,87.0,39.36666666666667,0.0,2025-05-31 07:00:00+02:00
2025-05-31 06:00:00+00:00,01.West.120,21.916666666666668,1018.0194,16.134333,86.5,133.68333333333334,0.0,2025-05-31 08:00:00+02:00
2025-05-31 07:00:00+00:00,01.West.120,22.183333333333334,1018.04987,17.960167,83.28333333333333,142.45,0.0,2025-05-31 09:00:00+02:00
2025-05-31 08:00:00+00:00,01.West.120,22.46,1018.04987,19.836832,76.58333333333333,246.16666666666666,0.029802667,2025-05-31 10:00:00+02:00
2025-05-31 09:00:00+00:00,01.West.120,22.5,1017.7112,21.056166,72.6,292.21666666666664,0.059605334,2025-05-31 11:00:00+02:00
2025-05-31 10:00:00+00:00,01.West.120,22.7,1017.5103,22.642668,65.95,507.06666666666666,0.052154664,2025-05-31 12:00:00+02:00
2025-05-31 11:00:00+00:00,01.West.120,22.8,1017.08246,24.292,56.38333333333333,725.9166666666666,0.052154668,2025-05-31 13:00:00+02:00
2025-05-31 12:00:00+00:00,01.West.120,22.766666666666666,1016.8816,25.088833,53.7,801.4,0.12666133,2025-05-31 14:00:00+02:00
2025-05-31 13:00:00+00:00,01.West.120,22.683333333333334,1016.38715,25.648998,51.63333333333333,714.3333333333334,0.13411199,2025-05-31 15:00:00+02:00
2025-05-31 14:00:00+00:00,01.West.120,22.600000000000005,1015.64557,25.345667,50.2,604.2833333333333,0.11176,2025-05-31 16:00:00+02:00
2025-05-31 15:00:00+00:00,01.West.120,22.600000000000005,1015.18616,25.637333,54.1,506.2,0.178816,2025-05-31 17:00:00+02:00
2025-05-31 16:00:00+00:00,01.West.120,22.583333333333332,1014.9203,24.827833,54.666666666666664,253.76666666666668,0.11921067,2025-05-31 18:00:00+02:00
2025-05-31 17:00:00+00:00,01.West.120,22.5,1014.46655,23.355165,60.483333333333334,127.55,0.059605334,2025-05-31 19:00:00+02:00
2025-05-31 18:00:00+00:00,01.West.120,22.5,1014.1476,21.983166,62.36666666666667,46.65,0.0074506667,2025-05-31 20:00:00+02:00
2025-05-31 19:00:00+00:00,01.West.120,22.433333333333334,1014.2498,21.247334,61.11666666666667,5.716666666666667,0.0,2025-05-31 21:00:00+02:00
2025-05-31 20:00:00+00:00,01.West.120,22.38333333333333,1014.25714,20.834167,59.86666666666667,0.0,0.0,2025-05-31 22:00:00+02:00
2025-05-31 21:00:00+00:00,01.West.120,22.399999999999995,1014.25714,20.279501,64.56666666666666,0.0,0.0,2025-05-31 23:00:00+02:00
2025-05-31 22:00:00+00:00,01.West.120,22.366666666666664,1014.25714,19.3955,65.91666666666667,0.0,0.06705599,2025-06-01 00:00:00+02:00
2025-05-31 23:00:00+00:00,01.West.120,22.38333333333333,1014.25714,18.468166,69.18333333333334,0.0,0.12666133,2025-06-01 01:00:00+02:00
2025-03-23 12:00:00+00:00,BG.West.010,23.0,1003.9608,17.6245,52.38333333333333,566.6666666666666,0.23097067,2025-03-23 13:00:00+01:00
2025-03-23 13:00:00+00:00,BG.West.010,22.96666666666667,1004.0534,17.818666,50.083333333333336,307.76666666666665,0.089408,2025-03-23 14:00:00+01:00
2025-03-23 14:00:00+00:00,BG.West.010,22.816666666666666,1004.26166,17.683332,50.2,207.26666666666668,0.0,2025-03-23 15:00:00+01:00
2025-03-23 15:00:00+00:00,BG.West.010,22.766666666666666,1004.6798,17.728,51.38333333333333,174.1,0.03725333,2025-03-23 16:00:00+01:00
2025-03-23 16:00:00+00:00,BG.West.010,22.416666666666668,1005.53656,15.142,61.35,40.85,0.029802667,2025-03-23 17:00:00+01:00
2025-03-23 17:00:00+00:00,BG.West.010,21.96666666666667,1006.27203,14.380666,63.56666666666667,5.466666666666667,0.022352,2025-03-23 18:00:00+01:00
2025-03-23 18:00:00+00:00,BG.West.010,21.766666666666666,1007.0983,13.851666,65.93333333333334,0.0,0.0,2025-03-23 19:00:00+01:00
2025-03-23 19:00:00+00:00,BG.West.010,21.55,1008.0177,12.9748335,70.7,0.0,0.0,2025-03-23 20:00:00+01:00
2025-03-23 20:00:00+00:00,BG.West.010,21.516666666666666,1008.8485,12.4205,73.11666666666666,0.0,0.0,2025-03-23 21:00:00+01:00
2025-03-23 21:00:00+00:00,BG.West.010,21.53333333333333,1009.4812,12.320833,74.33333333333333,0.0,0.0,2025-03-23 22:00:00+01:00
2025-03-23 22:00:00+00:00,BG.West.010,21.560000000000002,1009.8627,12.309999,74.46666666666667,0.0,0.0,2025-03-23 23:00:00+01:00
2025-03-23 23:00:00+00:00,BG.West.010,21.55,1010.1545,12.1255,73.81666666666666,0.0,0.0,2025-03-24 00:00:00+01:00
2025-03-24 00:00:00+00:00,BG.West.010,21.53333333333333,1010.46155,11.731334,74.38333333333334,0.0,0.0,2025-03-24 01:00:00+01:00
2025-03-24 01:00:00+00:00,BG.West.010,21.55,1010.781,11.3306675,77.91666666666667,0.0,0.0,2025-03-24 02:00:00+01:00
2025-03-24 02:00:00+00:00,BG.West.010,21.61666666666667,1010.8588,11.025333,80.71666666666667,0.0,0.0,2025-03-24 03:00:00+01:00
2025-03-24 03:00:00+00:00,BG.West.010,21.566666666666666,1011.07336,10.3815,83.18333333333334,0.0,0.0,2025-03-24 04:00:00+01:00
2025-03-24 04:00:00+00:00,BG.West.010,21.55,1011.54407,10.476,84.95,0.0,0.0,2025-03-24 05:00:00+01:00
2025-03-24 05:00:00+00:00,BG.West.010,21.433333333333334,1012.332,9.938833,85.11666666666666,0.5833333333333334,0.23097067,2025-03-24 06:00:00+01:00
2025-03-24 06:00:00+00:00,BG.West.010,21.266666666666666,1013.32355,9.0789995,87.05,17.916666666666668,0.0,2025-03-24 07:00:00+01:00
2025-03-24 07:00:00+00:00,BG.West.010,20.516666666666666,1014.0985,9.310333,87.25,75.28333333333333,0.0149013335,2025-03-24 08:00:00+01:00
2025-03-24 08:00:00+00:00,BG.West.010,18.116666666666667,1014.61945,10.5145,85.85,203.58333333333334,0.0,2025-03-24 09:00:00+01:00
2025-03-24 09:00:00+00:00,BG.West.010,21.060000000000002,1015.2076,11.006333,82.08333333333333,228.85,0.029802667,2025-03-24 10:00:00+01:00
2025-03-24 11:00:00+00:00,BG.West.010,22.6,1016.24097,12.478167,70.88333333333334,484.73333333333335,0.24587199,2025-03-24 12:00:00+01:00
2025-03-24 12:00:00+00:00,BG.West.010,22.7,1016.7117,12.597334,69.25,354.6,0.24587199,2025-03-24 13:00:00+01:00
2025-03-24 13:00:00+00:00,BG.West.010,22.316666666666666,1017.1869,10.96,74.76666666666667,203.21666666666667,0.096858665,2025-03-24 14:00:00+01:00
2025-03-24 14:00:00+00:00,BG.West.010,22.183333333333334,1017.60455,9.999499,77.55,193.01666666666668,0.30547732,2025-03-24 15:00:00+01:00
2025-03-24 15:00:00+00:00,BG.West.010,22.016666666666666,1017.8202,9.335,79.03333333333333,135.58333333333334,0.044704,2025-03-24 16:00:00+01:00
2025-03-24 16:00:00+00:00,BG.West.010,21.52,1018.1723,8.08,81.93333333333334,39.13333333333333,0.30547732,2025-03-24 17:00:00+01:00
2025-03-24 17:00:00+00:00,BG.West.010,21.183333333333334,1018.6041,7.4931664,83.21666666666667,10.35,0.36508265,2025-03-24 18:00:00+01:00
2025-03-24 18:00:00+00:00,BG.West.010,20.95,1019.08105,7.041,83.28333333333333,0.0,0.0,2025-03-24 19:00:00+01:00
2025-03-24 19:00:00+00:00,BG.West.010,20.566666666666666,1019.6561,6.4385,83.11666666666666,0.0,0.0,2025-03-24 20:00:00+01:00
2025-03-24 20:00:00+00:00,BG.West.010,20.416666666666668,1020.16077,6.250833,84.0,0.0,0.0,2025-03-24 21:00:00+01:00
2025-03-24 21:00:00+00:00,BG.West.010,20.366666666666664,1020.5304,6.1731668,84.31666666666666,0.0,0.0,2025-03-24 22:00:00+01:00
2025-03-24 22:00:00+00:00,BG.West.010,20.66,1020.7347,6.7166667,83.9,0.0,0.0149013335,2025-03-24 23:00:00+01:00
2025-03-25 11:00:00+00:00,BG.West.010,22.15,1020.9012,10.248334,79.31666666666666,354.48333333333335,1.1101494,2025-03-25 12:00:00+01:00
2025-03-25 12:00:00+00:00,BG.West.010,22.516666666666666,1020.8442,10.707167,77.66666666666667,455.9,0.46939197,2025-03-25 13:00:00+01:00
2025-03-25 13:00:00+00:00,BG.West.010,22.583333333333332,1020.61053,11.0303335,75.96666666666667,298.96666666666664,0.0,2025-03-25 14:00:00+01:00
2025-03-25 14:00:00+00:00,BG.West.010,22.28333333333333,1020.6828,10.976833,73.78333333333333,159.25,0.625856,2025-03-25 15:00:00+01:00
2025-03-25 15:00:00+00:00,BG.West.010,22.03333333333333,1020.6591,10.2975,75.01666666666667,75.03333333333333,0.65565866,2025-03-25 16:00:00+01:00
2025-03-25 16:00:00+00:00,BG.West.010,21.45,1020.8267,9.929999,79.25,33.81666666666667,0.07450666,2025-03-25 17:00:00+01:00
2025-03-25 17:00:00+00:00,BG.West.010,20.733333333333334,1021.1366,9.2755,84.95,9.016666666666667,0.06705599,2025-03-25 18:00:00+01:00
2025-03-25 18:00:00+00:00,BG.West.010,20.5,1021.69025,8.925,86.03333333333333,0.0,0.029802667,2025-03-25 19:00:00+01:00
2025-03-25 19:00:00+00:00,BG.West.010,20.433333333333334,1022.1643,8.9585,86.28333333333333,0.0,0.0149013335,2025-03-25 20:00:00+01:00
2025-03-25 20:00:00+00:00,BG.West.010,20.383333333333333,1022.3822,8.951,87.1,0.0,0.0,2025-03-25 21:00:00+01:00
2025-03-25 21:00:00+00:00,BG.West.010,20.266666666666666,1022.6847,8.774,87.88333333333334,0.0,0.0149013335,2025-03-25 22:00:00+01:00
2025-03-25 22:00:00+00:00,BG.West.010,20.599999999999998,1023.0104,8.4715,88.0,0.0,0.0,2025-03-25 23:00:00+01:00
2025-03-25 23:00:00+00:00,BG.West.010,20.716666666666665,1023.18365,7.853667,88.0,0.0,0.0,2025-03-26 00:00:00+01:00
2025-03-26 00:00:00+00:00,BG.West.010,20.666666666666668,1023.3338,7.3353333,88.0,0.0,0.0,2025-03-26 01:00:00+01:00
2025-03-26 01:00:00+00:00,BG.West.010,20.633333333333336,1023.2751,7.3575,88.0,0.0,0.0,2025-03-26 02:00:00+01:00
2025-03-26 02:00:00+00:00,BG.West.010,20.7,1023.40717,7.5338335,88.0,0.0,0.0,2025-03-26 03:00:00+01:00
2025-03-26 03:00:00+00:00,BG.West.010,20.733333333333334,1023.62274,7.7730002,88.0,0.0,0.0,2025-03-26 04:00:00+01:00
2025-03-26 04:00:00+00:00,BG.West.010,20.7,1023.92926,7.75,88.0,0.0,0.0,2025-03-26 05:00:00+01:00
2025-03-26 05:00:00+00:00,BG.West.010,20.7,1024.4146,7.6301665,88.0,1.0833333333333333,0.0,2025-03-26 06:00:00+01:00
2025-03-26 06:00:00+00:00,BG.West.010,20.52,1024.7922,7.9708333,87.63333333333334,28.55,0.0,2025-03-26 07:00:00+01:00
2025-03-26 07:00:00+00:00,BG.West.010,20.3,1025.1567,8.533,86.48333333333333,95.33333333333333,0.0149013335,2025-03-26 08:00:00+01:00
2025-03-26 08:00:00+00:00,BG.West.010,20.7,1025.483,9.4445,83.8,152.5,0.08195733,2025-03-26 09:00:00+01:00
2025-03-26 09:00:00+00:00,BG.West.010,21.116666666666667,1025.8352,10.364166,80.15,200.75,0.059605334,2025-03-26 10:00:00+01:00
2025-03-26 10:00:00+00:00,BG.West.010,20.85,1026.1039,9.7126665,80.28333333333333,123.45,0.14901333,2025-03-26 11:00:00+01:00
2025-03-26 11:00:00+00:00,BG.West.010,20.933333333333334,1025.9,10.1433325,78.68333333333334,185.46666666666667,0.03725333,2025-03-26 12:00:00+01:00
2025-03-26 12:00:00+00:00,BG.West.010,20.9,1025.6287,11.378,73.01666666666667,268.2,0.022352,2025-03-26 13:00:00+01:00
2025-03-26 13:00:00+00:00,BG.West.010,21.099999999999998,1025.255,12.224167,68.3,256.3833333333333,0.06705599,2025-03-26 14:00:00+01:00
2025-03-26 14:00:00+00:00,BG.West.010,21.05,1025.1134,12.273666,67.11666666666666,205.15,0.07450666,2025-03-26 15:00:00+01:00
2025-03-26 15:00:00+00:00,BG.West.010,20.95,1024.7125,12.225666,66.36666666666666,151.5,0.044704,2025-03-26 16:00:00+01:00
2025-03-26 16:00:00+00:00,BG.West.010,21.583333333333332,1024.6578,12.703334,64.11666666666666,150.11666666666667,0.0074506667,2025-03-26 17:00:00+01:00
2025-03-26 17:00:00+00:00,BG.West.010,20.983333333333334,1024.7922,11.168,67.93333333333334,33.13333333333333,0.0,2025-03-26 18:00:00+01:00
2025-03-26 18:00:00+00:00,BG.West.010,20.45,1025.053,10.137333,72.33333333333333,0.48333333333333334,0.0,2025-03-26 19:00:00+01:00
2025-03-26 19:00:00+00:00,BG.West.010,20.216666666666665,1025.1466,9.12,75.23333333333333,0.0,0.0,2025-03-26 20:00:00+01:00
2025-03-26 20:00:00+00:00,BG.West.010,20.066666666666666,1025.1472,7.723167,79.85,0.0,0.0,2025-03-26 21:00:00+01:00
2025-03-26 21:00:00+00:00,BG.West.010,19.916666666666668,1025.0427,6.6823335,83.76666666666667,0.0,0.0,2025-03-26 22:00:00+01:00
2025-03-26 22:00:00+00:00,BG.West.010,20.333333333333332,1024.8977,5.9925,85.76666666666667,0.0,0.0,2025-03-26 23:00:00+01:00
2025-03-26 23:00:00+00:00,BG.West.010,20.433333333333334,1024.7843,5.324667,86.93333333333334,0.0,0.0,2025-03-27 00:00:00+01:00
2025-03-27 00:00:00+00:00,BG.West.010,20.32,1024.4784,4.8463335,87.76666666666667,0.0,0.0,2025-03-27 01:00:00+01:00
2025-03-27 01:00:00+00:00,BG.West.010,20.2,1024.1409,4.3495,88.0,0.0,0.0,2025-03-27 02:00:00+01:00
2025-03-27 02:00:00+00:00,BG.West.010,20.133333333333336,1023.7881,3.8103333,88.0,0.0,0.0,2025-03-27 03:00:00+01:00
2025-03-27 03:00:00+00:00,BG.West.010,20.1,1023.6493,3.5193334,88.81666666666666,0.0,0.0,2025-03-27 04:00:00+01:00
2025-03-27 04:00:00+00:00,BG.West.010,19.966666666666665,1023.2406,3.3586667,89.0,0.0,0.0,2025-03-27 05:00:00+01:00
2025-03-27 05:00:00+00:00,BG.West.010,19.933333333333334,1023.1046,3.12,89.0,3.5166666666666666,0.0,2025-03-27 06:00:00+01:00
2025-03-27 06:00:00+00:00,BG.West.010,20.083333333333332,1022.90936,4.5975003,89.0,62.95,0.0,2025-03-27 07:00:00+01:00
2025-03-27 07:00:00+00:00,BG.West.010,20.5,1022.73663,6.986,88.78333333333333,146.2,0.13411199,2025-03-27 08:00:00+01:00
2025-03-27 08:00:00+00:00,BG.West.010,21.45,1022.6779,9.302667,83.86666666666666,174.48333333333332,0.26822397,2025-03-27 09:00:00+01:00
2025-03-27 09:00:00+00:00,BG.West.010,22.183333333333334,1022.5058,10.985999,73.81666666666666,347.4,0.78232,2025-03-27 10:00:00+01:00
2025-03-27 10:00:00+00:00,BG.West.010,21.883333333333336,1022.3777,12.3446665,68.38333333333334,525.6833333333333,0.603504,2025-03-27 11:00:00+01:00
2025-03-27 11:00:00+00:00,BG.West.010,22.0,1021.82574,13.401334,63.21666666666667,591.2833333333333,0.36508268,2025-03-27 12:00:00+01:00
2025-03-27 12:00:00+00:00,BG.West.010,22.416666666666668,1021.15063,14.559,57.93333333333333,582.7666666666667,0.21606933,2025-03-27 13:00:00+01:00
2025-03-27 13:00:00+00:00,BG.West.010,22.683333333333334,1020.3182,15.356334,56.81666666666667,519.0666666666667,0.16391467,2025-03-27 14:00:00+01:00
2025-03-27 14:00:00+00:00,BG.West.010,23.233333333333334,1019.6246,15.6405,54.05,436.31666666666666,0.16391467,2025-03-27 15:00:00+01:00
2025-03-27 15:00:00+00:00,BG.West.010,22.666666666666668,1018.92755,15.6865,55.05,324.95,0.044704,2025-03-27 16:00:00+01:00
2025-03-27 16:00:00+00:00,BG.West.010,22.133333333333336,1018.42633,15.052334,56.18333333333333,176.05,0.14901333,2025-03-27 17:00:00+01:00
2025-03-27 17:00:00+00:00,BG.West.010,21.383333333333336,1018.318,13.390667,59.9,25.333333333333332,0.022352,2025-03-27 18:00:00+01:00
2025-03-27 18:00:00+00:00,BG.West.010,20.866666666666664,1018.33997,11.832667,65.26666666666667,0.65,0.0,2025-03-27 19:00:00+01:00
2025-03-27 19:00:00+00:00,BG.West.010,20.66,1018.0606,9.6536665,72.73333333333333,0.0,0.0,2025-03-27 20:00:00+01:00
2025-03-27 20:00:00+00:00,BG.West.010,20.533333333333335,1017.665,8.1785,78.48333333333333,0.0,0.0,2025-03-27 21:00:00+01:00
2025-03-27 21:00:00+00:00,BG.West.010,20.45,1017.2298,7.3066664,81.88333333333334,0.0,0.0,2025-03-27 22:00:00+01:00
2025-03-27 22:00:00+00:00,BG.West.010,20.633333333333333,1016.4921,6.5315003,84.0,0.0,0.0,2025-03-27 23:00:00+01:00
2025-03-27 23:00:00+00:00,BG.West.010,20.73333333333333,1015.7065,6.1721663,85.46666666666667,0.0,0.0,2025-03-28 00:00:00+01:00
2025-03-28 00:00:00+00:00,BG.West.010,20.7,1015.0682,6.1076665,86.13333333333334,0.0,0.0,2025-03-28 01:00:00+01:00
2025-03-28 01:00:00+00:00,BG.West.010,20.666666666666668,1014.52576,6.6091666,86.01666666666667,0.0,0.0074506667,2025-03-28 02:00:00+01:00
2025-03-28 02:00:00+00:00,BG.West.010,20.616666666666667,1013.9817,6.188333,86.26666666666667,0.0,0.0,2025-03-28 03:00:00+01:00
2025-03-28 03:00:00+00:00,BG.West.010,20.5,1013.5144,6.5559998,87.1,0.0,0.07450666,2025-03-28 04:00:00+01:00
2025-03-28 04:00:00+00:00,BG.West.010,20.483333333333334,1013.25476,6.7823334,88.0,0.0,0.06705599,2025-03-28 05:00:00+01:00
2025-03-28 05:00:00+00:00,BG.West.010,20.566666666666666,1012.9195,6.927,88.03333333333333,0.7833333333333333,0.16391467,2025-03-28 06:00:00+01:00
2025-03-28 06:00:00+00:00,BG.West.010,20.466666666666665,1012.9088,7.1246667,88.2,25.7,0.31292802,2025-03-28 07:00:00+01:00
2025-03-28 07:00:00+00:00,BG.West.010,20.466666666666665,1012.8512,7.9046664,86.2,80.7,1.6540481,2025-03-28 08:00:00+01:00
2025-03-28 08:00:00+00:00,BG.West.010,20.7,1012.7976,8.542666,82.16666666666667,113.5,1.8254132,2025-03-28 09:00:00+01:00
2025-03-28 09:00:00+00:00,BG.West.010,20.6,1012.7513,9.371667,79.2,125.66666666666667,1.7062027,2025-03-28 10:00:00+01:00
2025-03-28 10:00:00+00:00,BG.West.010,20.766666666666666,1012.33923,10.239333,76.88333333333334,171.33333333333334,1.3113173,2025-03-28 11:00:00+01:00
2025-03-28 11:00:00+00:00,BG.West.010,20.933333333333334,1011.9583,11.0175,75.58333333333333,193.01666666666668,1.7285546,2025-03-28 12:00:00+01:00
2025-03-28 12:00:00+00:00,BG.West.010,20.9,1011.62305,10.8376665,78.75,126.78333333333333,1.4826827,2025-03-28 13:00:00+01:00
2025-03-28 13:00:00+00:00,BG.West.010,20.7,1011.1811,10.908,81.88333333333334,131.98333333333332,1.2442613,2025-03-28 14:00:00+01:00
2025-03-28 14:00:00+00:00,BG.West.010,20.7,1010.7155,11.364333,81.53333333333333,78.91666666666667,1.34112,2025-03-28 15:00:00+01:00
2025-03-28 15:00:00+00:00,BG.West.010,20.583333333333332,1010.5936,10.906834,84.01666666666667,47.85,0.89408,2025-03-28 16:00:00+01:00
2025-03-28 16:00:00+00:00,BG.West.010,20.466666666666665,1010.88654,10.0494995,86.25,15.5,0.81212264,2025-03-28 17:00:00+01:00
2025-03-28 17:00:00+00:00,BG.West.010,20.216666666666665,1011.22125,9.305667,86.55,10.433333333333334,0.20861866,2025-03-28 18:00:00+01:00
2025-03-28 18:00:00+00:00,BG.West.010,20.25,1011.7399,8.981999,83.88333333333334,1.1,0.0149013335,2025-03-28 19:00:00+01:00
2025-03-28 19:00:00+00:00,BG.West.010,20.283333333333335,1012.4889,8.740666,83.6,0.0,0.0,2025-03-28 20:00:00+01:00
2025-03-28 20:00:00+00:00,BG.West.010,20.666666666666668,1013.1345,8.431666,84.36666666666666,0.0,0.0,2025-03-28 21:00:00+01:00
2025-03-28 21:00:00+00:00,BG.West.010,20.616666666666667,1013.60974,8.032833,85.78333333333333,0.0,0.0149013335,2025-03-28 22:00:00+01:00
2025-03-28 22:00:00+00:00,BG.West.010,20.466666666666665,1014.0861,7.5958333,86.83333333333333,0.0,0.0,2025-03-28 23:00:00+01:00
2025-03-28 23:00:00+00:00,BG.West.010,20.383333333333333,1014.3746,7.3398337,87.0,0.0,0.0,2025-03-29 00:00:00+01:00
2025-03-29 00:00:00+00:00,BG.West.010,20.233333333333334,1014.7516,6.6905,87.0,0.0,0.0,2025-03-29 01:00:00+01:00
2025-03-29 01:00:00+00:00,BG.West.010,20.166666666666668,1015.2403,5.8053336,87.25,0.0,0.0,2025-03-29 02:00:00+01:00
2025-03-29 02:00:00+00:00,BG.West.010,20.1,1015.63367,5.4698334,87.96666666666667,0.0,0.0,2025-03-29 03:00:00+01:00
2025-03-29 03:00:00+00:00,BG.West.010,20.016666666666666,1016.2359,6.0331664,87.56666666666666,0.0,0.0,2025-03-29 04:00:00+01:00
2025-03-29 04:00:00+00:00,BG.West.010,20.05,1017.0137,6.123667,87.0,0.0,0.0,2025-03-29 05:00:00+01:00
2025-03-29 05:00:00+00:00,BG.West.010,19.966666666666665,1017.81793,6.359,86.03333333333333,3.75,0.0,2025-03-29 06:00:00+01:00
2025-03-29 06:00:00+00:00,BG.West.010,20.349999999999998,1018.83887,6.9166665,85.56666666666666,58.833333333333336,0.11921067,2025-03-29 07:00:00+01:00
2025-03-29 07:00:00+00:00,BG.West.010,21.116666666666667,1019.65784,8.173666,81.46666666666667,117.26666666666667,0.64820796,2025-03-29 08:00:00+01:00
2025-03-29 08:00:00+00:00,BG.West.010,21.733333333333334,1020.44855,8.817,77.85,151.15,0.9015306,2025-03-29 09:00:00+01:00
2025-03-29 09:00:00+00:00,BG.West.010,22.416666666666668,1020.97174,9.709,73.26666666666667,342.35,0.8419253,2025-03-29 10:00:00+01:00
2025-03-29 10:00:00+00:00,BG.West.010,22.2,1021.3956,10.656167,69.35,566.7333333333333,0.8419253,2025-03-29 11:00:00+01:00
2025-03-29 11:00:00+00:00,BG.West.010,22.21666666666667,1021.6879,10.882999,68.11666666666666,510.3833333333333,0.7748693,2025-03-29 12:00:00+01:00
2025-03-29 12:00:00+00:00,BG.West.010,22.433333333333334,1021.80145,11.092167,66.65,592.4166666666666,1.4826827,2025-03-29 13:00:00+01:00
2025-04-04 10:00:00+00:00,BG.West.010,23.4,1021.0931,19.9905,44.0,606.9166666666666,0.65565866,2025-04-04 12:00:00+02:00
2025-04-04 11:00:00+00:00,BG.West.010,23.53333333333333,1020.5676,21.365665,40.05,643.4833333333333,0.9909386,2025-04-04 13:00:00+02:00
2025-04-04 12:00:00+00:00,BG.West.010,23.683333333333334,1019.94116,22.726166,35.46666666666667,634.9833333333333,0.7003626,2025-04-04 14:00:00+02:00
2025-04-04 13:00:00+00:00,BG.West.010,23.599999999999998,1019.20404,23.1665,34.61666666666667,579.15,0.34273064,2025-04-04 15:00:00+02:00
2025-04-04 14:00:00+00:00,BG.West.010,23.3,1018.58606,23.897667,32.016666666666666,490.18333333333334,0.31292802,2025-04-04 16:00:00+02:00
2025-04-05 06:00:00+00:00,BG.West.010,22.1,1019.77747,7.8108335,86.66666666666667,64.53333333333333,0.029802667,2025-04-05 08:00:00+02:00
2025-04-05 07:00:00+00:00,BG.West.010,22.65,1020.1291,9.976666,76.18333333333334,145.4,0.16391467,2025-04-05 09:00:00+02:00
2025-04-05 11:00:00+00:00,BG.West.010,23.9,1020.3881,16.309,48.7,661.1166666666667,0.23842134,2025-04-05 13:00:00+02:00
2025-04-05 12:00:00+00:00,BG.West.010,23.983333333333334,1020.14264,17.003,44.5,652.6,0.29057598,2025-04-05 14:00:00+02:00
2025-04-05 13:00:00+00:00,BG.West.010,23.883333333333336,1019.8808,17.1315,38.75,601.9833333333333,0.47684267,2025-04-05 15:00:00+02:00
2025-04-05 14:00:00+00:00,BG.West.010,23.766666666666666,1019.4095,17.528332,34.78333333333333,510.28333333333336,0.67056,2025-04-05 16:00:00+02:00
2025-04-05 15:00:00+00:00,BG.West.010,23.7,1019.2938,17.328333,35.78333333333333,376.95,0.49919465,2025-04-05 17:00:00+02:00
2025-04-05 16:00:00+00:00,BG.West.010,24.21666666666667,1019.34235,16.398666,38.8,225.4,0.54389864,2025-04-05 18:00:00+02:00
2025-04-05 17:00:00+00:00,BG.West.010,23.25,1019.5416,14.167666,45.983333333333334,44.78333333333333,0.5066453,2025-04-05 19:00:00+02:00
2025-04-05 18:00:00+00:00,BG.West.010,22.516666666666666,1020.1291,11.853167,58.3,2.933333333333333,0.06705599,2025-04-05 20:00:00+02:00
2025-04-05 19:00:00+00:00,BG.West.010,22.150000000000002,1020.8279,10.527333,64.18333333333334,0.0,0.104309335,2025-04-05 21:00:00+02:00
2025-04-07 10:00:00+00:00,BG.West.010,22.433333333333334,1027.345,12.975167,38.43333333333333,630.5333333333333,0.36508268,2025-04-07 12:00:00+02:00
2025-04-07 11:00:00+00:00,BG.West.010,22.75,1027.1451,13.464334,38.25,669.2666666666667,0.46939197,2025-04-07 13:00:00+02:00
2025-04-07 12:00:00+00:00,BG.West.010,22.916666666666668,1026.9104,14.400333,36.93333333333333,659.9,0.052154664,2025-04-07 14:00:00+02:00
2025-04-07 17:00:00+00:00,BG.West.010,22.2,1025.9684,13.2578335,44.766666666666666,50.4,0.03725333,2025-04-07 19:00:00+02:00
2025-04-07 18:00:00+00:00,BG.West.010,21.55,1026.5796,11.379833,48.03333333333333,3.683333333333333,0.0,2025-04-07 20:00:00+02:00
2025-04-07 19:00:00+00:00,BG.West.010,21.033333333333335,1027.1875,9.911667,56.016666666666666,0.0,0.0,2025-04-07 21:00:00+02:00
2025-04-07 20:00:00+00:00,BG.West.010,20.650000000000002,1027.4719,8.734166,67.28333333333333,0.0,0.0,2025-04-07 22:00:00+02:00
2025-04-07 21:00:00+00:00,BG.West.010,20.75,1027.5177,8.14,68.13333333333334,0.0,0.0,2025-04-07 23:00:00+02:00
2025-04-07 22:00:00+00:00,BG.West.010,21.066666666666666,1027.8038,7.9381666,63.78333333333333,0.0,0.0,2025-04-08 00:00:00+02:00
2025-04-07 23:00:00+00:00,BG.West.010,21.083333333333332,1027.8314,7.2446666,63.166666666666664,0.0,0.0,2025-04-08 01:00:00+02:00
2025-04-08 00:00:00+00:00,BG.West.010,20.983333333333334,1027.8495,6.281833,66.61666666666666,0.0,0.0,2025-04-08 02:00:00+02:00
2025-04-08 01:00:00+00:00,BG.West.010,20.933333333333334,1027.9506,5.5591664,70.55,0.0,0.0,2025-04-08 03:00:00+02:00
2025-04-08 02:00:00+00:00,BG.West.010,20.9,1027.8518,5.3069997,72.7,0.0,0.0,2025-04-08 04:00:00+02:00
2025-04-08 03:00:00+00:00,BG.West.010,20.933333333333334,1027.6401,5.0466666,74.41666666666667,0.0,0.0,2025-04-08 05:00:00+02:00
2025-04-08 04:00:00+00:00,BG.West.010,20.849999999999998,1027.7333,4.6571665,76.65,0.0,0.0,2025-04-08 06:00:00+02:00
2025-04-08 05:00:00+00:00,BG.West.010,20.666666666666668,1027.8337,4.413167,79.25,11.066666666666666,0.0,2025-04-08 07:00:00+02:00
2025-04-08 06:00:00+00:00,BG.West.010,20.849999999999998,1028.1102,5.5039997,77.18333333333334,65.88333333333334,0.0074506667,2025-04-08 08:00:00+02:00
2025-04-08 07:00:00+00:00,BG.West.010,21.216666666666665,1028.3699,7.572,69.9,143.68333333333334,0.022352,2025-04-08 09:00:00+02:00
2025-04-08 08:00:00+00:00,BG.West.010,19.400000000000002,1028.4946,9.322333,64.25,187.73333333333332,0.23842134,2025-04-08 10:00:00+02:00
2025-04-08 09:00:00+00:00,BG.West.010,22.3,1028.7278,11.665333,56.95,342.81666666666666,0.08195733,2025-04-08 11:00:00+02:00
2025-04-08 10:00:00+00:00,BG.West.010,22.66,1028.6188,14.507334,46.083333333333336,628.0333333333333,0.029802667,2025-04-08 12:00:00+02:00
2025-04-08 11:00:00+00:00,BG.West.010,22.866666666666664,1028.2812,15.6883335,41.05,668.5666666666667,0.059605334,2025-04-08 13:00:00+02:00
2025-04-08 12:00:00+00:00,BG.West.010,23.266666666666666,1027.6373,16.579,38.31666666666667,656.3333333333334,0.245872,2025-04-08 14:00:00+02:00
2025-04-08 13:00:00+00:00,BG.West.010,23.333333333333332,1026.8353,16.7385,38.31666666666667,605.6,0.29802665,2025-04-08 15:00:00+02:00
2025-04-08 14:00:00+00:00,BG.West.010,23.233333333333334,1026.1902,17.049833,38.61666666666667,505.7,0.11176,2025-04-08 16:00:00+02:00
2025-04-08 15:00:00+00:00,BG.West.010,23.083333333333332,1025.8273,16.7275,42.93333333333333,393.3,0.39488533,2025-04-08 17:00:00+02:00
2025-04-08 16:00:00+00:00,BG.West.010,22.983333333333334,1025.8679,14.300833,52.88333333333333,220.9,0.37253332,2025-04-08 18:00:00+02:00
2025-04-08 17:00:00+00:00,BG.West.010,22.266666666666666,1025.9243,12.663333,59.25,63.016666666666666,0.0,2025-04-08 19:00:00+02:00
2025-04-08 18:00:00+00:00,BG.West.010,21.666666666666668,1026.0829,11.019333,66.33333333333333,7.65,0.0,2025-04-08 20:00:00+02:00
2025-04-08 19:00:00+00:00,BG.West.010,21.150000000000002,1026.3081,9.225,71.66666666666667,0.0,0.0,2025-04-08 21:00:00+02:00
2025-04-08 20:00:00+00:00,BG.West.010,20.916666666666668,1026.3995,8.140667,74.41666666666667,0.0,0.0,2025-04-08 22:00:00+02:00
2025-04-08 21:00:00+00:00,BG.West.010,21.0,1026.3126,7.0308332,75.01666666666667,0.0,0.0,2025-04-08 23:00:00+02:00
2025-04-08 22:00:00+00:00,BG.West.010,21.0,1026.3126,6.3975,76.78333333333333,0.0,0.0,2025-04-09 00:00:00+02:00
2025-04-08 23:00:00+00:00,BG.West.010,20.916666666666668,1026.3126,6.0628333,78.6,0.0,0.0,2025-04-09 01:00:00+02:00
2025-04-09 00:00:00+00:00,BG.West.010,20.8,1026.3126,5.6891665,80.23333333333333,0.0,0.0,2025-04-09 02:00:00+02:00
2025-04-09 01:00:00+00:00,BG.West.010,20.783333333333335,1026.3126,5.4435,82.33333333333333,0.0,0.0,2025-04-09 03:00:00+02:00
2025-04-09 02:00:00+00:00,BG.West.010,20.8,1026.3126,5.52,83.0,0.0,0.0,2025-04-09 04:00:00+02:00
2025-04-09 03:00:00+00:00,BG.West.010,20.833333333333332,1026.3126,5.524167,83.0,0.0,0.0,2025-04-09 05:00:00+02:00
2025-04-09 04:00:00+00:00,BG.West.010,20.816666666666666,1026.3126,5.4355,83.81666666666666,0.0,0.0,2025-04-09 06:00:00+02:00
2025-04-09 05:00:00+00:00,BG.West.010,20.740000000000002,1026.3126,5.9091663,83.78333333333333,12.616666666666667,0.0,2025-04-09 07:00:00+02:00
2025-04-09 06:00:00+00:00,BG.West.010,20.683333333333334,1026.3126,6.527,82.83333333333333,80.45,0.0,2025-04-09 08:00:00+02:00
2025-04-09 07:00:00+00:00,BG.West.010,21.183333333333334,1026.3126,8.222667,76.43333333333334,166.56666666666666,0.0,2025-04-09 09:00:00+02:00
2025-04-09 08:00:00+00:00,BG.West.010,21.78333333333333,1026.3126,9.094,72.71666666666667,197.86666666666667,0.104309335,2025-04-09 10:00:00+02:00
2025-04-09 09:00:00+00:00,BG.West.010,22.21666666666667,1026.3126,10.237166,70.0,341.15,0.08195733,2025-04-09 11:00:00+02:00
2025-04-09 10:00:00+00:00,BG.West.010,22.133333333333336,1026.3126,12.248167,64.96666666666667,626.8333333333334,0.089408,2025-04-09 12:00:00+02:00
2025-04-09 11:00:00+00:00,BG.West.010,22.483333333333334,1026.3126,13.360333,60.7,659.8,0.13411202,2025-04-09 13:00:00+02:00
2025-04-09 12:00:00+00:00,BG.West.010,22.866666666666664,1027.2478,13.951,59.666666666666664,662.3833333333333,0.357632,2025-04-09 14:00:00+02:00
2025-04-09 13:00:00+00:00,BG.West.010,22.71666666666667,1027.7677,13.227833,62.63333333333333,593.1833333333333,0.32782933,2025-04-09 15:00:00+02:00
2025-04-09 14:00:00+00:00,BG.West.010,22.666666666666668,1027.8094,12.644167,62.583333333333336,502.65,0.53644794,2025-04-09 16:00:00+02:00
2025-04-09 15:00:00+00:00,BG.West.010,22.5,1027.9398,12.062166,62.65,381.1333333333333,0.22352,2025-04-09 17:00:00+02:00
2025-04-09 16:00:00+00:00,BG.West.010,22.71666666666667,1028.1373,11.0065,64.51666666666667,226.2,0.3501813,2025-04-09 18:00:00+02:00
2025-04-09 17:00:00+00:00,BG.West.010,21.566666666666666,1028.647,8.922167,68.98333333333333,56.483333333333334,0.38743466,2025-04-09 19:00:00+02:00
2025-04-09 18:00:00+00:00,BG.West.010,20.983333333333334,1029.1578,7.807,72.9,4.566666666666666,0.17136532,2025-04-09 20:00:00+02:00
2025-04-09 19:00:00+00:00,BG.West.010,20.9,1029.3932,7.923333,73.36666666666666,0.0,0.13411199,2025-04-09 21:00:00+02:00
2025-04-09 20:00:00+00:00,BG.West.010,20.849999999999998,1029.5219,8.033167,74.91666666666667,0.0,0.21606933,2025-04-09 22:00:00+02:00
2025-04-09 21:00:00+00:00,BG.West.010,21.05,1029.9626,7.8155,74.63333333333334,0.0,0.0074506667,2025-04-09 23:00:00+02:00
2025-04-09 22:00:00+00:00,BG.West.010,21.283333333333335,1030.1167,8.0335,75.8,0.0,0.0,2025-04-10 00:00:00+02:00
2025-04-09 23:00:00+00:00,BG.West.010,21.3,1030.0715,7.9909997,76.11666666666666,0.0,0.0,2025-04-10 01:00:00+02:00
2025-04-10 00:00:00+00:00,BG.West.010,21.3,1029.9525,8.233334,76.03333333333333,0.0,0.0,2025-04-10 02:00:00+02:00
2025-04-10 01:00:00+00:00,BG.West.010,21.3,1029.5522,8.486333,77.0,0.0,0.0149013335,2025-04-10 03:00:00+02:00
2025-04-10 02:00:00+00:00,BG.West.010,21.3,1029.361,8.582167,77.63333333333334,0.0,0.14901333,2025-04-10 04:00:00+02:00
2025-04-10 03:00:00+00:00,BG.West.010,21.283333333333335,1029.3547,8.4939995,78.41666666666667,0.0,0.06705599,2025-04-10 05:00:00+02:00
2025-04-10 04:00:00+00:00,BG.West.010,21.216666666666665,1029.3192,8.333333,78.0,0.0,0.14901333,2025-04-10 06:00:00+02:00
2025-04-10 05:00:00+00:00,BG.West.010,21.033333333333335,1029.6268,7.912667,78.0,11.316666666666666,0.03725333,2025-04-10 07:00:00+02:00
2025-04-10 06:00:00+00:00,BG.West.010,21.083333333333332,1029.8192,8.264167,78.0,40.43333333333333,0.20861866,2025-04-10 08:00:00+02:00
2025-04-10 07:00:00+00:00,BG.West.010,20.883333333333333,1030.2053,8.640834,78.06666666666666,70.93333333333334,0.09685866,2025-04-10 09:00:00+02:00
2025-04-10 08:00:00+00:00,BG.West.010,21.333333333333332,1030.4955,8.963333,77.55,108.41666666666667,0.089408,2025-04-10 10:00:00+02:00
2025-04-10 09:00:00+00:00,BG.West.010,21.46666666666667,1030.382,9.7838335,75.46666666666667,214.6,0.07450666,2025-04-10 11:00:00+02:00
2025-04-10 10:00:00+00:00,BG.West.010,21.95,1030.1082,10.866,72.58333333333333,308.1333333333333,0.059605334,2025-04-10 12:00:00+02:00
2025-04-10 11:00:00+00:00,BG.West.010,22.21666666666667,1030.0461,11.757,69.03333333333333,607.5166666666667,0.12666133,2025-04-10 13:00:00+02:00
2025-04-10 12:00:00+00:00,BG.West.010,22.849999999999998,1029.8164,12.628833,65.48333333333333,674.3833333333333,0.27567467,2025-04-10 14:00:00+02:00
2025-04-10 13:00:00+00:00,BG.West.010,23.25,1029.4479,13.007,63.71666666666667,619.7,0.31292802,2025-04-10 15:00:00+02:00
2025-04-10 14:00:00+00:00,BG.West.010,23.333333333333332,1028.9817,12.655667,64.9,522.25,0.67056,2025-04-10 16:00:00+02:00
2025-04-10 15:00:00+00:00,BG.West.010,22.96666666666667,1028.4968,12.208834,65.93333333333334,388.05,0.42468798,2025-04-10 17:00:00+02:00
2025-04-10 16:00:00+00:00,BG.West.010,22.383333333333336,1027.9138,11.813001,67.13333333333334,242.26666666666668,0.0,2025-04-10 18:00:00+02:00
2025-04-10 17:00:00+00:00,BG.West.010,21.95,1027.7219,10.4383335,70.66666666666667,63.483333333333334,0.0,2025-04-10 19:00:00+02:00
2025-04-10 18:00:00+00:00,BG.West.010,21.516666666666666,1027.6954,8.767834,77.03333333333333,5.016666666666667,0.0,2025-04-10 20:00:00+02:00
2025-04-10 19:00:00+00:00,BG.West.010,21.96666666666667,1027.7118,8.014667,81.08333333333333,0.0,0.0,2025-04-10 21:00:00+02:00
2025-04-10 20:00:00+00:00,BG.West.010,21.919999999999998,1027.3297,7.5053334,82.83333333333333,0.0,0.0,2025-04-10 22:00:00+02:00
2025-04-10 21:00:00+00:00,BG.West.010,21.916666666666668,1026.8308,6.761,84.55,0.0,0.0,2025-04-10 23:00:00+02:00
2025-04-10 22:00:00+00:00,BG.West.010,22.233333333333334,1026.5632,6.7476664,85.2,0.0,0.0,2025-04-11 00:00:00+02:00
2025-04-10 23:00:00+00:00,BG.West.010,22.316666666666666,1026.0852,6.3968334,86.0,0.0,0.0,2025-04-11 01:00:00+02:00
2025-04-11 00:00:00+00:00,BG.West.010,22.11666666666667,1025.4327,5.8941665,86.81666666666666,0.0,0.0,2025-04-11 02:00:00+02:00
2025-04-11 01:00:00+00:00,BG.West.010,21.866666666666664,1024.808,5.679,87.35,0.0,0.0,2025-04-11 03:00:00+02:00
2025-04-11 02:00:00+00:00,BG.West.010,21.75,1024.3113,5.4043336,88.0,0.0,0.0,2025-04-11 04:00:00+02:00
2025-04-11 03:00:00+00:00,BG.West.010,21.78333333333333,1023.9823,5.1281667,88.0,0.0,0.0,2025-04-11 05:00:00+02:00
2025-04-11 04:00:00+00:00,BG.West.010,22.05,1023.51666,5.2015,88.0,0.0,0.0,2025-04-11 06:00:00+02:00
2025-04-11 05:00:00+00:00,BG.West.010,21.933333333333334,1023.2508,5.8798337,88.0,14.116666666666667,0.0,2025-04-11 07:00:00+02:00
2025-04-11 06:00:00+00:00,BG.West.010,21.55,1023.2231,7.2816668,88.0,61.833333333333336,0.0,2025-04-11 08:00:00+02:00
2025-04-11 07:00:00+00:00,BG.West.010,20.766666666666666,1023.2745,9.383834,87.71666666666667,130.08333333333334,0.0,2025-04-11 09:00:00+02:00
2025-04-11 08:00:00+00:00,BG.West.010,19.883333333333333,1023.20447,11.583667,80.8,192.05,0.0,2025-04-11 10:00:00+02:00
2025-04-11 09:00:00+00:00,BG.West.010,20.883333333333333,1022.9257,13.331333,71.25,367.1,0.26822397,2025-04-11 11:00:00+02:00
2025-04-11 10:00:00+00:00,BG.West.010,21.733333333333334,1022.7287,14.871667,64.26666666666667,614.9333333333333,0.64820796,2025-04-11 12:00:00+02:00
2025-04-11 11:00:00+00:00,BG.West.010,22.316666666666666,1022.473,15.9605,60.56666666666667,653.0,0.29802665,2025-04-11 13:00:00+02:00
2025-04-11 12:00:00+00:00,BG.West.010,22.71666666666667,1022.0865,16.224499,60.06666666666667,639.6,0.52154666,2025-04-11 14:00:00+02:00
2025-04-11 13:00:00+00:00,BG.West.010,22.95,1021.73035,16.1765,58.2,586.4666666666667,0.44704,2025-04-11 15:00:00+02:00
2025-04-11 14:00:00+00:00,BG.West.010,23.14,1021.1744,16.400333,54.18333333333333,505.28333333333336,0.43213865,2025-04-11 16:00:00+02:00
2025-04-11 15:00:00+00:00,BG.West.010,23.03333333333333,1020.6371,16.595333,56.18333333333333,374.81666666666666,0.20861866,2025-04-11 17:00:00+02:00
2025-04-11 16:00:00+00:00,BG.West.010,23.633333333333336,1020.3346,16.193167,57.55,228.33333333333334,0.044704,2025-04-11 18:00:00+02:00
2025-04-11 17:00:00+00:00,BG.West.010,23.383333333333336,1019.9293,14.720333,61.983333333333334,75.6,0.0,2025-04-11 19:00:00+02:00
2025-04-11 18:00:00+00:00,BG.West.010,22.983333333333334,1019.64996,13.0035,67.98333333333333,7.966666666666667,0.0,2025-04-11 20:00:00+02:00
2025-04-11 19:00:00+00:00,BG.West.010,22.816666666666666,1019.4784,11.507167,73.15,0.0,0.0,2025-04-11 21:00:00+02:00
2025-04-11 20:00:00+00:00,BG.West.010,22.7,1019.1894,10.1501665,77.73333333333333,0.0,0.0,2025-04-11 22:00:00+02:00
2025-04-11 21:00:00+00:00,BG.West.010,22.583333333333332,1018.7447,9.457833,81.81666666666666,0.0,0.0,2025-04-11 23:00:00+02:00
2025-04-11 22:00:00+00:00,BG.West.010,22.566666666666666,1018.31683,8.645499,83.96666666666667,0.0,0.0,2025-04-12 00:00:00+02:00
2025-04-11 23:00:00+00:00,BG.West.010,22.133333333333336,1017.66327,8.25,85.68333333333334,0.0,0.0,2025-04-12 01:00:00+02:00
2025-04-12 00:00:00+00:00,BG.West.010,22.25,1016.995,7.9115,86.36666666666666,0.0,0.0,2025-04-12 02:00:00+02:00
2025-04-12 01:00:00+00:00,BG.West.010,22.38333333333333,1016.3691,7.4775,86.95,0.0,0.0,2025-04-12 03:00:00+02:00
2025-04-12 02:00:00+00:00,BG.West.010,22.399999999999995,1015.8713,7.100167,87.53333333333333,0.0,0.0,2025-04-12 04:00:00+02:00
2025-04-12 03:00:00+00:00,BG.West.010,22.399999999999995,1015.39777,7.048667,88.0,0.0,0.0,2025-04-12 05:00:00+02:00
2025-04-12 04:00:00+00:00,BG.West.010,22.316666666666666,1015.0687,6.8665,88.0,0.0,0.0,2025-04-12 06:00:00+02:00
2025-04-12 05:00:00+00:00,BG.West.010,21.983333333333334,1014.6234,7.2355,88.0,14.183333333333334,0.0,2025-04-12 07:00:00+02:00
2025-04-12 06:00:00+00:00,BG.West.010,22.383333333333336,1014.06067,8.6935,88.0,62.11666666666667,0.0,2025-04-12 08:00:00+02:00
2025-04-12 07:00:00+00:00,BG.West.010,23.133333333333336,1013.28296,12.112333,84.5,140.86666666666667,0.20861866,2025-04-12 09:00:00+02:00
2025-04-12 08:00:00+00:00,BG.West.010,23.866666666666664,1012.71515,15.029333,71.8,198.03333333333333,0.17136532,2025-04-12 10:00:00+02:00
2025-04-12 09:00:00+00:00,BG.West.010,24.38333333333333,1012.0153,17.399332,62.7,375.43333333333334,0.66310936,2025-04-12 11:00:00+02:00
2025-04-12 15:00:00+00:00,BG.West.010,25.166666666666668,1004.42645,24.239834,33.083333333333336,392.85,1.7583574,2025-04-12 17:00:00+02:00
2025-04-12 16:00:00+00:00,BG.West.010,26.316666666666666,1003.33826,24.044,34.0,245.0,1.3262187,2025-04-12 18:00:00+02:00
2025-04-12 17:00:00+00:00,BG.West.010,25.166666666666668,1002.63104,22.609499,36.93333333333333,68.81666666666666,0.6333066,2025-04-12 19:00:00+02:00
2025-04-12 18:00:00+00:00,BG.West.010,24.416666666666668,1002.10223,20.361666,42.28333333333333,2.6,0.0,2025-04-12 20:00:00+02:00
2025-04-12 19:00:00+00:00,BG.West.010,23.900000000000002,1001.5141,18.456167,47.43333333333333,0.0,0.0,2025-04-12 21:00:00+02:00
2025-04-12 20:00:00+00:00,BG.West.010,23.61666666666667,1001.29065,19.000834,45.31666666666667,0.0,0.10430933,2025-04-12 22:00:00+02:00
2025-04-12 21:00:00+00:00,BG.West.010,23.600000000000005,1001.29065,19.305834,45.416666666666664,0.0,0.0,2025-04-12 23:00:00+02:00
2025-04-12 22:00:00+00:00,BG.West.010,23.46666666666667,1001.10724,18.013666,49.45,0.0,0.32782933,2025-04-13 00:00:00+02:00
2025-04-12 23:00:00+00:00,BG.West.010,23.333333333333332,1000.6878,17.304834,54.016666666666666,0.0,0.25332266,2025-04-13 01:00:00+02:00
2025-04-13 00:00:00+00:00,BG.West.010,23.166666666666668,1000.33795,15.7751665,68.36666666666666,0.0,0.34273064,2025-04-13 02:00:00+02:00
2025-04-13 01:00:00+00:00,BG.West.010,23.0,999.9745,13.898334,81.46666666666667,0.0,0.32782933,2025-04-13 03:00:00+02:00
2025-04-13 02:00:00+00:00,BG.West.010,23.0,999.60144,13.397833,84.66666666666667,0.0,0.34273064,2025-04-13 04:00:00+02:00
2025-04-13 03:00:00+00:00,BG.West.010,22.983333333333334,999.4123,13.264166,86.33333333333333,0.0,0.0,2025-04-13 05:00:00+02:00
2025-04-13 04:00:00+00:00,BG.West.010,23.150000000000002,999.4801,13.355,87.0,0.0,0.029802667,2025-04-13 06:00:00+02:00
2025-04-13 05:00:00+00:00,BG.West.010,23.2,999.9485,13.356167,87.0,14.633333333333333,0.044704,2025-04-13 07:00:00+02:00
2025-04-13 06:00:00+00:00,BG.West.010,23.416666666666668,1000.72394,13.494666,86.65,71.18333333333334,0.44704,2025-04-13 08:00:00+02:00
2025-04-13 07:00:00+00:00,BG.West.010,23.61666666666667,1001.2263,13.4405,83.11666666666666,92.21666666666667,0.85682666,2025-04-13 09:00:00+02:00
2025-04-13 08:00:00+00:00,BG.West.010,23.916666666666668,1001.28723,13.535,79.21666666666667,204.35,1.0728959,2025-04-13 10:00:00+02:00
2025-04-13 09:00:00+00:00,BG.West.010,24.06,1001.28723,14.403334,74.4,303.9166666666667,1.2368107,2025-04-13 11:00:00+02:00
2025-04-13 10:00:00+00:00,BG.West.010,24.25,1001.28723,14.545667,73.18333333333334,445.8666666666667,0.916432,2025-04-13 12:00:00+02:00
2025-04-13 11:00:00+00:00,BG.West.010,24.399999999999995,1003.6978,14.945499,70.63333333333334,504.8,0.73016536,2025-04-13 13:00:00+02:00
2025-04-13 12:00:00+00:00,BG.West.010,24.366666666666664,1004.8508,15.740333,65.53333333333333,640.1,0.40978667,2025-04-13 14:00:00+02:00
2025-04-13 13:00:00+00:00,BG.West.010,24.183333333333334,1005.08,16.696167,63.016666666666666,581.5833333333334,0.9089813,2025-04-13 15:00:00+02:00
2025-04-13 14:00:00+00:00,BG.West.010,24.616666666666664,1005.2206,16.524166,62.75,495.3666666666667,0.8866293,2025-04-13 16:00:00+02:00
2025-04-13 15:00:00+00:00,BG.West.010,24.933333333333334,1005.71326,14.934834,65.2,266.55,1.631696,2025-04-13 17:00:00+02:00
2025-04-13 16:00:00+00:00,BG.West.010,23.7,1006.0666,13.418,68.43333333333334,113.91666666666667,1.028192,2025-04-13 18:00:00+02:00
2025-04-13 17:00:00+00:00,BG.West.010,23.78333333333333,1006.23474,13.512,68.8,80.08333333333333,1.3709226,2025-04-13 19:00:00+02:00
2025-04-13 18:00:00+00:00,BG.West.010,23.816666666666666,1006.5672,13.003666,70.35,6.666666666666667,1.00584,2025-04-13 20:00:00+02:00
2025-04-13 19:00:00+00:00,BG.West.010,23.650000000000002,1006.9211,12.2615,73.45,0.0,0.47684267,2025-04-13 21:00:00+02:00
2025-04-13 20:00:00+00:00,BG.West.010,23.38333333333333,1007.1271,11.662,76.76666666666667,0.0,0.08195733,2025-04-13 22:00:00+02:00
2025-04-13 21:00:00+00:00,BG.West.010,23.233333333333334,1007.2665,11.448833,76.83333333333333,0.0,0.27567467,2025-04-13 23:00:00+02:00
2025-04-13 22:00:00+00:00,BG.West.010,23.45,1007.4132,11.334833,76.53333333333333,0.0,0.37253332,2025-04-14 00:00:00+02:00
2025-04-13 23:00:00+00:00,BG.West.010,23.399999999999995,1007.5656,10.974334,78.45,0.0,0.48429334,2025-04-14 01:00:00+02:00
2025-04-14 00:00:00+00:00,BG.West.010,23.5,1007.78345,11.093833,76.28333333333333,0.0,0.32037866,2025-04-14 02:00:00+02:00
2025-04-14 01:00:00+00:00,BG.West.010,23.38333333333333,1007.8997,10.701666,80.51666666666667,0.0,0.10430933,2025-04-14 03:00:00+02:00
2025-04-14 02:00:00+00:00,BG.West.010,22.866666666666664,1007.797,10.483999,83.73333333333333,0.0,0.059605334,2025-04-14 04:00:00+02:00
2025-04-14 03:00:00+00:00,BG.West.010,22.083333333333332,1007.95337,10.297833,85.8,0.0,0.15646401,2025-04-14 05:00:00+02:00
2025-04-14 04:00:00+00:00,BG.West.010,21.95,1008.3817,10.083333,86.0,0.16666666666666666,0.03725333,2025-04-14 06:00:00+02:00
2025-04-14 05:00:00+00:00,BG.West.010,21.75,1008.8654,10.079333,84.81666666666666,20.9,0.12666133,2025-04-14 07:00:00+02:00
2025-04-14 06:00:00+00:00,BG.West.010,21.580000000000002,1009.2594,10.1245,84.0,51.3,0.514096,2025-04-14 08:00:00+02:00
2025-04-14 07:00:00+00:00,BG.West.010,21.75,1009.47723,10.290333,83.73333333333333,114.68333333333334,0.17136532,2025-04-14 09:00:00+02:00
2025-04-14 08:00:00+00:00,BG.West.010,22.25,1009.4055,11.577333,80.15,218.01666666666668,0.58115196,2025-04-14 10:00:00+02:00
2025-04-14 09:00:00+00:00,BG.West.010,22.666666666666668,1009.49243,13.168834,71.5,368.1666666666667,0.8866293,2025-04-14 11:00:00+02:00
2025-04-14 10:00:00+00:00,BG.West.010,22.8,1009.3903,14.246333,64.23333333333333,514.7166666666667,0.9983893,2025-04-14 12:00:00+02:00
2025-04-14 11:00:00+00:00,BG.West.010,21.8,1009.0534,15.632501,55.6,663.6333333333333,0.7674187,2025-04-14 13:00:00+02:00
2025-04-14 12:00:00+00:00,BG.West.010,20.933333333333334,1008.63574,16.5885,51.43333333333333,643.3333333333334,1.1176,2025-04-14 14:00:00+02:00
2025-04-14 13:00:00+00:00,BG.West.010,20.25,1008.4681,17.278666,47.61666666666667,578.8166666666667,1.3113173,2025-04-14 15:00:00+02:00
2025-04-14 14:00:00+00:00,BG.West.010,20.55,1007.04584,17.559166,48.88333333333333,399.48333333333335,1.0877973,2025-04-14 16:00:00+02:00
2025-04-14 15:00:00+00:00,BG.West.010,22.233333333333334,1006.32446,18.157665,47.416666666666664,353.25,0.9685867,2025-04-14 17:00:00+02:00
2025-04-14 16:00:00+00:00,BG.West.010,22.633333333333336,1005.5247,17.721334,47.86666666666667,168.65,0.9089813,2025-04-14 18:00:00+02:00
2025-04-14 17:00:00+00:00,BG.West.010,22.03333333333333,1004.7256,16.822166,51.516666666666666,64.18333333333334,0.42468798,2025-04-14 19:00:00+02:00
2025-04-14 18:00:00+00:00,BG.West.010,21.46666666666667,1004.4597,15.615001,54.18333333333333,6.966666666666667,0.0149013335,2025-04-14 20:00:00+02:00
2025-04-14 19:00:00+00:00,BG.West.010,21.366666666666664,1004.46765,14.082,61.13333333333333,0.0,0.0,2025-04-14 21:00:00+02:00
2025-04-14 20:00:00+00:00,BG.West.010,21.216666666666665,1004.2074,13.013834,66.4,0.0,0.0,2025-04-14 22:00:00+02:00
2025-04-14 21:00:00+00:00,BG.West.010,21.216666666666665,1003.65436,11.953666,71.33333333333333,0.0,0.0,2025-04-14 23:00:00+02:00
2025-04-14 22:00:00+00:00,BG.West.010,21.46666666666667,1002.9607,11.736166,72.58333333333333,0.0,0.022352,2025-04-15 00:00:00+02:00
2025-04-14 23:00:00+00:00,BG.West.010,21.516666666666666,1002.15643,12.1225,72.33333333333333,0.0,0.0149013335,2025-04-15 01:00:00+02:00
2025-04-15 00:00:00+00:00,BG.West.010,21.45,1001.2901,11.806666,74.93333333333334,0.0,0.10430933,2025-04-15 02:00:00+02:00
2025-04-15 01:00:00+00:00,BG.West.010,21.5,1000.42706,11.751833,76.43333333333334,0.0,0.0149013335,2025-04-15 03:00:00+02:00
2025-04-15 02:00:00+00:00,BG.West.010,21.433333333333334,999.82654,11.267834,78.53333333333333,0.0,0.0149013335,2025-04-15 04:00:00+02:00
2025-04-15 03:00:00+00:00,BG.West.010,21.399999999999995,999.2074,10.952167,79.16666666666667,0.0,0.07450666,2025-04-15 05:00:00+02:00
2025-04-15 04:00:00+00:00,BG.West.010,21.45,998.6069,10.453833,80.71666666666667,1.1166666666666667,0.06705599,2025-04-15 06:00:00+02:00
2025-04-15 05:00:00+00:00,BG.West.010,21.28333333333333,998.02844,10.85,79.9,20.65,0.13411199,2025-04-15 07:00:00+02:00
2025-04-15 06:00:00+00:00,BG.West.010,21.2,997.5295,12.565166,75.38333333333334,63.85,0.692912,2025-04-15 08:00:00+02:00
2025-04-15 07:00:00+00:00,BG.West.010,19.516666666666666,997.18066,14.847667,69.66666666666667,131.98333333333332,0.8419253,2025-04-15 09:00:00+02:00
2025-04-15 08:00:00+00:00,BG.West.010,21.085714285714285,996.88324,16.227667,68.45,199.33333333333334,1.0207413,2025-04-15 10:00:00+02:00
2025-04-15 09:00:00+00:00,BG.West.010,22.56,996.86066,17.788832,64.16666666666667,360.6,0.81212264,2025-04-15 11:00:00+02:00
2025-04-15 10:00:00+00:00,BG.West.010,23.333333333333332,996.4735,19.512167,61.36666666666667,540.0833333333334,1.4826827,2025-04-15 12:00:00+02:00
2025-04-15 11:00:00+00:00,BG.West.010,23.483333333333334,996.28046,19.991167,60.68333333333333,307.48333333333335,1.1921066,2025-04-15 13:00:00+02:00
2025-04-15 12:00:00+00:00,BG.West.010,23.099999999999998,996.3606,19.493,63.43333333333333,278.26666666666665,1.1474026,2025-04-15 14:00:00+02:00
2025-04-15 13:00:00+00:00,BG.West.010,23.133333333333336,996.20764,19.109833,67.85,142.11666666666667,0.7078133,2025-04-15 15:00:00+02:00
2025-04-15 14:00:00+00:00,BG.West.010,22.849999999999998,996.20764,15.582334,77.63333333333334,97.9,0.95368534,2025-04-15 16:00:00+02:00
2025-04-15 15:00:00+00:00,BG.West.010,22.683333333333334,997.4826,14.4285,78.65,133.2,0.32782933,2025-04-15 17:00:00+02:00
2025-04-15 16:00:00+00:00,BG.West.010,22.266666666666666,997.9539,15.09,73.86666666666666,106.93333333333334,0.08195733,2025-04-15 18:00:00+02:00
2025-04-15 17:00:00+00:00,BG.West.010,21.683333333333334,998.40765,15.1625,72.23333333333333,60.46666666666667,0.0,2025-04-15 19:00:00+02:00
2025-04-15 18:00:00+00:00,BG.West.010,21.333333333333332,998.6651,14.295167,74.55,7.933333333333334,0.0,2025-04-15 20:00:00+02:00
2025-04-15 19:00:00+00:00,BG.West.010,21.266666666666666,999.44336,13.010333,79.53333333333333,0.0,0.0,2025-04-15 21:00:00+02:00
2025-04-15 20:00:00+00:00,BG.West.010,21.116666666666667,999.4586,12.678166,82.9,0.0,0.0,2025-04-15 22:00:00+02:00
2025-04-15 21:00:00+00:00,BG.West.010,21.2,999.4586,12.802,84.21666666666667,0.0,0.0,2025-04-15 23:00:00+02:00
2025-04-15 22:00:00+00:00,BG.West.010,21.38333333333333,999.4586,12.354167,85.66666666666667,0.0,0.0,2025-04-16 00:00:00+02:00
2025-04-15 23:00:00+00:00,BG.West.010,21.433333333333334,999.4586,11.995,86.38333333333334,0.0,0.0,2025-04-16 01:00:00+02:00
2025-04-16 00:00:00+00:00,BG.West.010,21.416666666666668,999.4586,12.8215,80.18333333333334,0.0,0.052154664,2025-04-16 02:00:00+02:00
2025-04-16 01:00:00+00:00,BG.West.010,21.266666666666666,999.4586,12.552833,75.91666666666667,0.0,0.23097067,2025-04-16 03:00:00+02:00
2025-04-16 02:00:00+00:00,BG.West.010,21.2,999.4586,11.272334,78.31666666666666,0.0,0.059605334,2025-04-16 04:00:00+02:00
2025-04-16 03:00:00+00:00,BG.West.010,21.2,999.4586,10.676667,80.81666666666666,0.0,0.27567467,2025-04-16 05:00:00+02:00
2025-04-16 04:00:00+00:00,BG.West.010,21.150000000000002,999.4586,10.3895,81.38333333333334,0.0,0.178816,2025-04-16 06:00:00+02:00
2025-04-16 05:00:00+00:00,BG.West.010,21.016666666666666,999.4586,10.28,78.38333333333334,19.15,0.11176,2025-04-16 07:00:00+02:00
2025-04-16 06:00:00+00:00,BG.West.010,20.733333333333334,999.4586,10.228333,75.0,47.266666666666666,0.059605334,2025-04-16 08:00:00+02:00
2025-04-16 07:00:00+00:00,BG.West.010,20.849999999999998,999.4586,10.843167,70.51666666666667,122.53333333333333,0.089408,2025-04-16 09:00:00+02:00
2025-04-16 08:00:00+00:00,BG.West.010,21.25,999.4586,11.340834,66.13333333333334,142.61666666666667,1.0430933,2025-04-16 10:00:00+02:00
2025-04-16 09:00:00+00:00,BG.West.010,21.216666666666665,999.4586,11.535167,65.95,127.66666666666667,0.40978667,2025-04-16 11:00:00+02:00
2025-04-16 10:00:00+00:00,BG.West.010,21.333333333333332,999.4586,12.106167,64.25,215.28333333333333,0.6780107,2025-04-16 12:00:00+02:00
2025-04-16 11:00:00+00:00,BG.West.010,21.333333333333332,999.4586,12.414667,61.6,206.65,0.759968,2025-04-16 13:00:00+02:00
2025-04-16 12:00:00+00:00,BG.West.010,21.78333333333333,999.4586,12.56,59.875,255.0,1.34112,2025-04-16 14:00:00+02:00
2025-04-16 13:00:00+00:00,BG.West.010,21.78333333333333,999.8902,12.459862,60.52430555555556,247.91666666666666,1.3038666,2025-04-16 15:00:00+02:00
2025-04-16 14:00:00+00:00,BG.West.010,21.616666666666664,1000.3218,12.359722,61.173611111111114,240.83333333333334,1.2666134,2025-04-16 16:00:00+02:00
2025-04-16 15:00:00+00:00,BG.West.010,21.366666666666664,1000.7534,12.259583,61.822916666666664,233.75,1.22936,2025-04-16 17:00:00+02:00
2025-04-16 16:00:00+00:00,BG.West.010,21.0,1001.185,12.159445,62.47222222222222,226.66666666666666,1.1921067,2025-04-16 18:00:00+02:00
2025-04-16 17:00:00+00:00,BG.West.010,20.759999999999998,1001.6166,12.059306,63.12152777777778,219.58333333333334,1.1548533,2025-04-16 19:00:00+02:00
2025-04-16 18:00:00+00:00,BG.West.010,20.683333333333334,1002.04816,11.9591675,63.770833333333336,212.5,1.1176,2025-04-16 20:00:00+02:00
2025-04-16 19:00:00+00:00,BG.West.010,20.583333333333332,1002.47974,11.859028,64.42013888888889,205.41666666666666,1.0803467,2025-04-16 21:00:00+02:00
2025-04-16 20:00:00+00:00,BG.West.010,20.45,1002.9114,11.758889,65.06944444444444,198.33333333333334,1.0430933,2025-04-16 22:00:00+02:00
2025-04-16 21:00:00+00:00,BG.West.010,20.533333333333335,1003.34296,11.658751,65.71875,191.25,1.0058401,2025-04-16 23:00:00+02:00
2025-04-16 22:00:00+00:00,BG.West.010,20.849999999999998,1003.77454,11.558611,66.36805555555556,184.16666666666666,0.9685867,2025-04-17 00:00:00+02:00
2025-04-16 23:00:00+00:00,BG.West.010,20.8,1004.2061,11.458472,67.01736111111111,177.08333333333331,0.93133336,2025-04-17 01:00:00+02:00
2025-04-17 00:00:00+00:00,BG.West.010,20.8,1004.6377,11.358334,67.66666666666667,170.0,0.89408,2025-04-17 02:00:00+02:00
2025-04-17 01:00:00+00:00,BG.West.010,20.8,1005.06934,11.258195,68.31597222222223,162.91666666666666,0.85682666,2025-04-17 03:00:00+02:00
2025-04-17 02:00:00+00:00,BG.West.010,20.816666666666666,1005.5009,11.158056,68.96527777777777,155.83333333333331,0.81957334,2025-04-17 04:00:00+02:00
2025-04-17 03:00:00+00:00,BG.West.010,20.8,1005.9325,11.057917,69.61458333333333,148.75,0.78232,2025-04-17 05:00:00+02:00
2025-04-17 04:00:00+00:00,BG.West.010,20.783333333333335,1006.3641,10.957778,70.26388888888889,141.66666666666666,0.74506664,2025-04-17 06:00:00+02:00
2025-04-17 05:00:00+00:00,BG.West.010,20.650000000000002,1006.79565,10.857639,70.91319444444444,134.58333333333331,0.7078133,2025-04-17 07:00:00+02:00
2025-04-17 06:00:00+00:00,BG.West.010,20.516666666666666,1007.2273,10.7575,71.5625,127.49999999999999,0.67056,2025-04-17 08:00:00+02:00
2025-04-17 07:00:00+00:00,BG.West.010,20.7,1007.6589,10.657361,72.21180555555556,120.41666666666666,0.6333067,2025-04-17 09:00:00+02:00
2025-04-17 08:00:00+00:00,BG.West.010,21.0,1008.09045,10.557222,72.86111111111111,113.33333333333333,0.59605336,2025-04-17 10:00:00+02:00
2025-04-17 09:00:00+00:00,BG.West.010,20.916666666666668,1008.52203,10.457084,73.51041666666667,106.24999999999999,0.5588,2025-04-17 11:00:00+02:00
2025-04-17 10:00:00+00:00,BG.West.010,20.966666666666665,1008.9536,10.356945,74.15972222222221,99.16666666666666,0.52154666,2025-04-17 12:00:00+02:00
2025-04-17 11:00:00+00:00,BG.West.010,21.633333333333336,1009.3852,10.256805,74.80902777777777,92.08333333333331,0.48429334,2025-04-17 13:00:00+02:00
2025-04-17 12:00:00+00:00,BG.West.010,22.259999999999998,1009.81683,10.156667,75.45833333333333,84.99999999999999,0.44704,2025-04-17 14:00:00+02:00
2025-04-17 13:00:00+00:00,BG.West.010,21.900000000000002,1010.2484,10.056528,76.10763888888889,77.91666666666666,0.40978667,2025-04-17 15:00:00+02:00
2025-04-17 14:00:00+00:00,BG.West.010,21.46666666666667,1010.68,9.956388,76.75694444444444,70.83333333333331,0.37253332,2025-04-17 16:00:00+02:00
2025-04-17 15:00:00+00:00,BG.West.010,21.5,1011.1116,9.85625,77.40625,63.749999999999986,0.33528,2025-04-17 17:00:00+02:00
2025-04-17 16:00:00+00:00,BG.West.010,21.116666666666667,1011.54315,9.756111,78.05555555555556,56.66666666666665,0.29802668,2025-04-17 18:00:00+02:00
2025-04-17 17:00:00+00:00,BG.West.010,20.650000000000002,1011.9748,9.6559725,78.70486111111111,49.583333333333314,0.26077333,2025-04-17 19:00:00+02:00
2025-04-17 18:00:00+00:00,BG.West.010,20.416666666666668,1012.4064,9.555834,79.35416666666667,42.499999999999986,0.22352,2025-04-17 20:00:00+02:00
2025-04-17 19:00:00+00:00,BG.West.010,20.233333333333334,1012.83795,9.455694,80.00347222222221,35.41666666666665,0.18626666,2025-04-17 21:00:00+02:00
2025-04-17 20:00:00+00:00,BG.West.010,20.183333333333334,1013.26953,9.355556,80.65277777777777,28.333333333333314,0.14901334,2025-04-17 22:00:00+02:00
2025-04-17 21:00:00+00:00,BG.West.010,20.3,1013.7011,9.255417,81.30208333333333,21.249999999999982,0.11176,2025-04-17 23:00:00+02:00
2025-04-17 22:00:00+00:00,BG.West.010,20.633333333333336,1014.13275,9.155277,81.95138888888889,14.166666666666647,0.07450667,2025-04-18 00:00:00+02:00
2025-04-17 23:00:00+00:00,BG.West.010,20.7,1014.56433,9.055139,82.60069444444444,7.083333333333313,0.037253335,2025-04-18 01:00:00+02:00
2025-04-18 00:00:00+00:00,BG.West.010,20.666666666666668,1014.9959,8.955,83.25,0.0,0.0,2025-04-18 02:00:00+02:00
2025-04-18 01:00:00+00:00,BG.West.010,20.683333333333334,1014.8627,8.890667,84.08333333333333,0.0,0.0,2025-04-18 03:00:00+02:00
2025-04-18 02:00:00+00:00,BG.West.010,20.616666666666667,1014.9174,8.588667,85.11666666666666,0.0,0.0,2025-04-18 04:00:00+02:00
2025-04-18 03:00:00+00:00,BG.West.010,20.666666666666668,1015.13367,8.533,85.8,0.0,0.0,2025-04-18 05:00:00+02:00
2025-04-18 04:00:00+00:00,BG.West.010,20.650000000000002,1015.1286,8.241834,86.0,0.0,0.0,2025-04-18 06:00:00+02:00
2025-04-18 05:00:00+00:00,BG.West.010,20.366666666666667,1015.4181,8.0625,86.86666666666666,16.933333333333334,0.0,2025-04-18 07:00:00+02:00
2025-04-18 06:00:00+00:00,BG.West.010,20.18,1015.4649,8.612333,87.0,56.85,0.0,2025-04-18 08:00:00+02:00
2025-04-18 07:00:00+00:00,BG.West.010,20.2,1015.57776,9.387895,85.6842105263158,91.42105263157895,0.023528421,2025-04-18 09:00:00+02:00
2025-04-18 08:00:00+00:00,BG.West.010,20.433333333333334,1015.8436,10.556667,80.61666666666666,164.51666666666668,0.29802665,2025-04-18 10:00:00+02:00
2025-04-18 09:00:00+00:00,BG.West.010,21.45,1015.7889,12.6553335,65.01666666666667,529.1333333333333,0.6780107,2025-04-18 11:00:00+02:00
2025-04-18 10:00:00+00:00,BG.West.010,21.666666666666668,1015.356,15.077,48.96666666666667,705.3833333333333,0.8344747,2025-04-18 12:00:00+02:00
2025-04-18 11:00:00+00:00,BG.West.010,21.78333333333333,1014.6838,15.9915,42.05,730.4333333333333,0.82702404,2025-04-18 13:00:00+02:00
2025-04-18 12:00:00+00:00,BG.West.010,22.183333333333334,1014.186,16.818333,41.96666666666667,683.1333333333333,0.61840534,2025-04-18 14:00:00+02:00
2025-04-18 13:00:00+00:00,BG.West.010,22.03333333333333,1013.77234,16.743,37.15,598.2333333333333,0.42468798,2025-04-18 15:00:00+02:00
2025-04-18 14:00:00+00:00,BG.West.010,22.083333333333332,1013.36597,17.875,28.233333333333334,572.2166666666667,0.39488533,2025-04-18 16:00:00+02:00
2025-04-18 15:00:00+00:00,BG.West.010,22.266666666666666,1012.9014,18.501333,29.066666666666666,434.21666666666664,0.3501813,2025-04-18 17:00:00+02:00
2025-04-18 16:00:00+00:00,BG.West.010,22.766666666666666,1012.67566,18.595165,30.95,282.23333333333335,0.13411199,2025-04-18 18:00:00+02:00
2025-04-18 17:00:00+00:00,BG.West.010,21.75,1012.534,17.012667,36.43333333333333,94.2,0.290576,2025-04-18 19:00:00+02:00
2025-04-18 18:00:00+00:00,BG.West.010,21.383333333333336,1012.7767,14.214334,56.6,9.033333333333333,0.059605334,2025-04-18 20:00:00+02:00
2025-04-18 19:00:00+00:00,BG.West.010,21.216666666666665,1013.05383,12.236166,67.9,0.0,0.0,2025-04-18 21:00:00+02:00
2025-04-18 20:00:00+00:00,BG.West.010,21.083333333333332,1013.0719,10.963667,71.88333333333334,0.0,0.0074506667,2025-04-18 22:00:00+02:00
2025-04-18 21:00:00+00:00,BG.West.010,20.983333333333334,1013.0391,9.937667,73.2,0.0,0.0,2025-04-18 23:00:00+02:00
2025-04-18 22:00:00+00:00,BG.West.010,20.883333333333333,1012.94885,9.178833,75.76666666666667,0.0,0.0,2025-04-19 00:00:00+02:00
2025-04-18 23:00:00+00:00,BG.West.010,20.833333333333332,1012.80096,8.458333,78.96666666666667,0.0,0.0074506667,2025-04-19 01:00:00+02:00
2025-04-19 00:00:00+00:00,BG.West.010,20.8,1012.80096,8.076667,79.93333333333334,0.0,0.0,2025-04-19 02:00:00+02:00
2025-04-19 01:00:00+00:00,BG.West.010,20.759999999999998,1012.80096,7.5153337,81.66666666666667,0.0,0.0,2025-04-19 03:00:00+02:00
2025-04-19 02:00:00+00:00,BG.West.010,20.733333333333334,1012.55206,7.299667,81.91666666666667,0.0,0.0149013335,2025-04-19 04:00:00+02:00
2025-04-19 03:00:00+00:00,BG.West.010,20.7,1011.3798,7.004667,83.55,0.0,0.0,2025-04-19 05:00:00+02:00
2025-04-19 04:00:00+00:00,BG.West.010,20.633333333333336,1011.53394,6.4186664,84.98333333333333,1.15,0.0,2025-04-19 06:00:00+02:00
2025-04-19 05:00:00+00:00,BG.West.010,20.633333333333336,1011.6242,6.3643336,86.0,16.116666666666667,0.0,2025-04-19 07:00:00+02:00
2025-04-19 06:00:00+00:00,BG.West.010,20.771428571428572,1011.59546,7.5038333,85.7,69.4,0.022352,2025-04-19 08:00:00+02:00
2025-04-19 07:00:00+00:00,BG.West.010,21.18,1011.3934,9.487333,81.38333333333334,155.41666666666666,0.19371733,2025-04-19 09:00:00+02:00
2025-04-19 08:00:00+00:00,BG.West.010,21.5,1011.3262,11.147,75.5,164.4,0.47684267,2025-04-19 10:00:00+02:00
2025-04-19 09:00:00+00:00,BG.West.010,22.25,1011.0039,13.087833,68.66666666666667,414.1,0.13411199,2025-04-19 11:00:00+02:00
2025-04-19 10:00:00+00:00,BG.West.010,22.21666666666667,1010.72003,14.396333,61.2,394.96666666666664,0.201168,2025-04-19 12:00:00+02:00
2025-04-19 11:00:00+00:00,BG.West.010,22.083333333333332,1010.246,14.909834,55.85,477.26666666666665,0.11921067,2025-04-19 13:00:00+02:00
2025-04-19 12:00:00+00:00,BG.West.010,22.366666666666664,1009.83453,15.809999,49.71666666666667,581.0,0.3501813,2025-04-19 14:00:00+02:00
2025-04-19 13:00:00+00:00,BG.West.010,22.45,1009.4721,15.6825,46.083333333333336,463.96666666666664,0.26077333,2025-04-19 15:00:00+02:00
2025-04-19 14:00:00+00:00,BG.West.010,22.666666666666668,1008.93036,16.980333,45.6,572.1,0.357632,2025-04-19 16:00:00+02:00
2025-04-19 15:00:00+00:00,BG.West.010,23.03333333333333,1008.5556,16.981333,45.03333333333333,438.8666666666667,0.30547732,2025-04-19 17:00:00+02:00
2025-04-19 16:00:00+00:00,BG.West.010,23.483333333333334,1008.1768,16.237833,45.93333333333333,282.71666666666664,0.23097067,2025-04-19 18:00:00+02:00
2025-04-19 17:00:00+00:00,BG.West.010,22.400000000000002,1007.8134,14.8116665,50.81666666666667,101.66666666666667,0.25332266,2025-04-19 19:00:00+02:00
2025-04-19 18:00:00+00:00,BG.West.010,21.599999999999998,1007.8738,12.7125,58.983333333333334,11.366666666666667,0.059605334,2025-04-19 20:00:00+02:00
2025-04-19 19:00:00+00:00,BG.West.010,21.283333333333335,1008.5725,11.057,66.4,0.0,0.03725333,2025-04-19 21:00:00+02:00
2025-04-19 20:00:00+00:00,BG.West.010,21.22,1008.8665,9.547334,72.41666666666667,0.0,0.06705599,2025-04-19 22:00:00+02:00
2025-04-19 21:00:00+00:00,BG.West.010,21.099999999999998,1008.6447,8.491667,77.8,0.0,0.12666133,2025-04-19 23:00:00+02:00
2025-04-19 22:00:00+00:00,BG.West.010,20.933333333333334,1008.406,7.7009997,81.61666666666666,0.0,0.052154664,2025-04-20 00:00:00+02:00
2025-04-19 23:00:00+00:00,BG.West.010,20.866666666666664,1008.1497,7.0735,83.41666666666667,0.0,0.0,2025-04-20 01:00:00+02:00
2025-04-20 00:00:00+00:00,BG.West.010,20.816666666666666,1007.7462,6.6301665,84.78333333333333,0.0,0.0,2025-04-20 02:00:00+02:00
2025-04-20 01:00:00+00:00,BG.West.010,20.8,1007.4635,6.4475,85.0,0.0,0.0,2025-04-20 03:00:00+02:00
2025-04-20 02:00:00+00:00,BG.West.010,20.783333333333335,1007.40594,6.1725,85.93333333333334,0.0,0.0,2025-04-20 04:00:00+02:00
2025-04-20 03:00:00+00:00,BG.West.010,20.733333333333334,1007.21796,5.9235,86.0,0.0,0.0,2025-04-20 05:00:00+02:00
2025-04-20 04:00:00+00:00,BG.West.010,20.7,1007.2225,5.6653337,86.33333333333333,1.6833333333333333,0.0,2025-04-20 06:00:00+02:00
2025-04-20 05:00:00+00:00,BG.West.010,20.716666666666665,1007.3861,5.751333,87.0,16.733333333333334,0.0,2025-04-20 07:00:00+02:00
2025-04-20 06:00:00+00:00,BG.West.010,20.849999999999998,1007.69824,7.0216665,86.08333333333333,57.75,0.0,2025-04-20 08:00:00+02:00
2025-04-20 07:00:00+00:00,BG.West.010,21.166666666666668,1007.4403,8.569667,82.46666666666667,143.16666666666666,0.07450666,2025-04-20 09:00:00+02:00
2025-04-20 08:00:00+00:00,BG.West.010,21.416666666666668,1007.302,10.115168,77.5,173.03333333333333,0.11176,2025-04-20 10:00:00+02:00
2025-04-20 09:00:00+00:00,BG.West.010,22.150000000000002,1007.5238,12.181667,69.98333333333333,497.0,0.22352,2025-04-20 11:00:00+02:00
2025-04-20 10:00:00+00:00,BG.West.010,22.399999999999995,1007.34094,14.865666,60.53333333333333,601.8666666666667,0.03725333,2025-04-20 12:00:00+02:00
2025-04-20 11:00:00+00:00,BG.West.010,22.5,1007.24445,16.236166,52.96666666666667,714.1666666666666,0.15646401,2025-04-20 13:00:00+02:00
2025-04-20 12:00:00+00:00,BG.West.010,22.8,1007.1971,16.978,51.9,627.3833333333333,0.03725333,2025-04-20 14:00:00+02:00
2025-04-20 13:00:00+00:00,BG.West.010,22.96666666666667,1006.9611,17.948334,48.81666666666667,584.8333333333334,0.052154664,2025-04-20 15:00:00+02:00
2025-04-20 14:00:00+00:00,BG.West.010,22.95,1006.8782,18.151333,53.166666666666664,465.0,0.052154664,2025-04-20 16:00:00+02:00
2025-04-20 15:00:00+00:00,BG.West.010,22.580000000000002,1006.8308,16.310333,61.56666666666667,226.43333333333334,0.0074506667,2025-04-20 17:00:00+02:00
2025-04-20 16:00:00+00:00,BG.West.010,22.266666666666666,1006.8245,14.929334,66.58333333333333,106.48333333333333,0.03725333,2025-04-20 18:00:00+02:00
2025-04-20 17:00:00+00:00,BG.West.010,21.849999999999998,1006.81946,13.105667,74.58333333333333,23.9,0.07450666,2025-04-20 19:00:00+02:00
2025-04-20 18:00:00+00:00,BG.West.010,21.516666666666666,1007.31726,12.145833,78.18333333333334,3.55,0.029802667,2025-04-20 20:00:00+02:00
2025-04-20 19:00:00+00:00,BG.West.010,21.433333333333334,1007.9556,11.920834,79.28333333333333,0.0,0.0,2025-04-20 21:00:00+02:00
2025-04-20 20:00:00+00:00,BG.West.010,21.433333333333334,1008.1825,11.827333,77.78333333333333,0.0,0.0,2025-04-20 22:00:00+02:00
2025-04-20 21:00:00+00:00,BG.West.010,21.266666666666666,1008.50934,11.505167,76.26666666666667,0.0,0.20861866,2025-04-20 23:00:00+02:00
2025-04-20 22:00:00+00:00,BG.West.010,21.283333333333335,1008.5081,11.315001,78.66666666666667,0.0,0.12666133,2025-04-21 00:00:00+02:00
2025-04-20 23:00:00+00:00,BG.West.010,21.266666666666666,1008.29767,11.036333,81.56666666666666,0.0,0.0,2025-04-21 01:00:00+02:00
2025-04-21 00:00:00+00:00,BG.West.010,21.283333333333335,1008.08203,11.023833,82.93333333333334,0.0,0.0,2025-04-21 02:00:00+02:00
2025-04-21 01:00:00+00:00,BG.West.010,21.266666666666666,1007.8343,10.551833,85.6,0.0,0.0,2025-04-21 03:00:00+02:00
2025-04-21 02:00:00+00:00,BG.West.010,21.25,1007.85345,10.3828335,86.85,0.0,0.0,2025-04-21 04:00:00+02:00
2025-04-21 03:00:00+00:00,BG.West.010,21.2,1007.9551,10.354,87.0,0.0,0.0,2025-04-21 05:00:00+02:00
2025-04-21 04:00:00+00:00,BG.West.010,21.2,1008.01544,10.374333,87.71666666666667,0.0,0.0,2025-04-21 06:00:00+02:00
2025-04-21 05:00:00+00:00,BG.West.010,21.116666666666667,1008.1199,10.636667,88.0,10.966666666666667,0.0,2025-04-21 07:00:00+02:00
2025-04-21 06:00:00+00:00,BG.West.010,20.849999999999998,1008.49744,10.986333,88.0,22.666666666666668,0.0,2025-04-21 08:00:00+02:00
2025-04-21 07:00:00+00:00,BG.West.010,20.866666666666664,1008.7125,11.189834,88.0,65.2,0.0,2025-04-21 09:00:00+02:00
2025-04-21 08:00:00+00:00,BG.West.010,20.95,1009.11774,11.940001,88.0,138.21666666666667,0.0074506667,2025-04-21 10:00:00+02:00
2025-04-21 09:00:00+00:00,BG.West.010,21.266666666666666,1009.42303,12.854501,87.9,180.71666666666667,0.08195733,2025-04-21 11:00:00+02:00
2025-04-21 10:00:00+00:00,BG.West.010,21.3,1009.5833,13.854833,85.9,217.56666666666666,0.0,2025-04-21 12:00:00+02:00
2025-04-21 11:00:00+00:00,BG.West.010,21.3,1009.629,15.070333,76.11666666666666,248.9,0.0,2025-04-21 13:00:00+02:00
2025-04-21 12:00:00+00:00,BG.West.010,21.2,1009.7639,15.2039995,74.28333333333333,111.71666666666667,0.0,2025-04-21 14:00:00+02:00
2025-04-21 13:00:00+00:00,BG.West.010,20.866666666666667,1010.07434,14.303833,80.5,50.13333333333333,0.0,2025-04-21 15:00:00+02:00
2025-04-21 14:00:00+00:00,BG.West.010,20.916666666666668,1010.27985,14.279666,80.43333333333334,63.733333333333334,0.0,2025-04-21 16:00:00+02:00
2025-04-21 15:00:00+00:00,BG.West.010,21.0,1010.5603,14.478666,77.58333333333333,68.56666666666666,0.0,2025-04-21 17:00:00+02:00
2025-04-21 16:00:00+00:00,BG.West.010,20.95,1010.94183,14.035999,77.08333333333333,67.2,0.0,2025-04-21 18:00:00+02:00
2025-04-21 17:00:00+00:00,BG.West.010,20.849999999999998,1011.3194,13.993834,73.73333333333333,48.15,0.0,2025-04-21 19:00:00+02:00
2025-04-21 18:00:00+00:00,BG.West.010,20.8,1011.7196,13.471,75.73333333333333,8.283333333333333,0.0,2025-04-21 20:00:00+02:00
2025-04-21 19:00:00+00:00,BG.West.010,20.683333333333334,1012.56506,12.374666,79.76666666666667,0.0,0.0,2025-04-21 21:00:00+02:00
2025-04-21 20:00:00+00:00,BG.West.010,20.583333333333332,1013.042,11.606501,84.86666666666666,0.0,0.0,2025-04-21 22:00:00+02:00
2025-04-21 21:00:00+00:00,BG.West.010,20.566666666666666,1013.4884,10.942167,86.0,0.0,0.089408,2025-04-21 23:00:00+02:00
2025-04-21 22:00:00+00:00,BG.West.010,20.716666666666665,1013.9879,10.506166,86.25,0.0,0.029802667,2025-04-22 00:00:00+02:00
2025-04-21 23:00:00+00:00,BG.West.010,20.716666666666665,1014.1268,10.400833,86.36666666666666,0.0,0.03725333,2025-04-22 01:00:00+02:00
2025-04-22 00:00:00+00:00,BG.West.010,20.75,1014.1403,10.325,86.0,0.0,0.0,2025-04-22 02:00:00+02:00
2025-04-22 01:00:00+00:00,BG.West.010,20.8,1014.1905,10.739166,86.3,0.0,0.0149013335,2025-04-22 03:00:00+02:00
2025-04-22 02:00:00+00:00,BG.West.010,20.8,1014.22614,11.090667,86.0,0.0,0.03725333,2025-04-22 04:00:00+02:00
2025-04-22 03:00:00+00:00,BG.West.010,20.733333333333334,1014.2808,11.293667,86.0,0.0,0.0,2025-04-22 05:00:00+02:00
2025-04-22 04:00:00+00:00,BG.West.010,20.75,1014.5229,11.479167,86.1,0.7,0.16391467,2025-04-22 06:00:00+02:00
2025-04-22 05:00:00+00:00,BG.West.010,20.660000000000004,1015.027,11.211834,86.0,17.95,0.12666133,2025-04-22 07:00:00+02:00
2025-04-22 06:00:00+00:00,BG.West.010,20.466666666666665,1015.7144,11.487166,84.8,60.38333333333333,0.13411199,2025-04-22 08:00:00+02:00
2025-04-22 07:00:00+00:00,BG.West.010,20.966666666666665,1016.3284,12.1414995,82.56666666666666,109.53333333333333,0.13411199,2025-04-22 09:00:00+02:00
2025-04-22 08:00:00+00:00,BG.West.010,21.416666666666668,1016.95325,12.674334,79.95,173.13333333333333,0.37253332,2025-04-22 10:00:00+02:00
2025-04-22 09:00:00+00:00,BG.West.010,21.516666666666666,1017.2744,13.666667,76.78333333333333,410.4,0.43213865,2025-04-22 11:00:00+02:00
2025-04-22 10:00:00+00:00,BG.West.010,21.766666666666666,1017.4449,14.789667,73.13333333333334,497.9,0.49174398,2025-04-22 12:00:00+02:00
2025-04-22 11:00:00+00:00,BG.West.010,22.0,1017.49396,15.195001,68.06666666666666,619.1833333333333,0.5588,2025-04-22 13:00:00+02:00
2025-04-22 12:00:00+00:00,BG.West.010,22.816666666666666,1017.6159,15.922167,63.2,724.6,0.357632,2025-04-22 14:00:00+02:00
2025-04-22 13:00:00+00:00,BG.West.010,23.2,1017.652,16.402668,58.31666666666667,643.7833333333333,0.5662507,2025-04-22 15:00:00+02:00
2025-04-22 14:00:00+00:00,BG.West.010,23.333333333333332,1017.6367,16.799168,52.916666666666664,575.7333333333333,0.44704,2025-04-22 16:00:00+02:00
2025-04-22 15:00:00+00:00,BG.West.010,22.983333333333334,1017.5933,16.659334,55.833333333333336,414.8,0.17136532,2025-04-22 17:00:00+02:00
2025-04-22 16:00:00+00:00,BG.West.010,22.55,1017.6277,16.195833,57.516666666666666,261.81666666666666,0.089408,2025-04-22 18:00:00+02:00
2025-04-22 17:00:00+00:00,BG.West.010,21.650000000000002,1017.5487,14.5234995,61.78333333333333,57.833333333333336,0.0,2025-04-22 19:00:00+02:00
2025-04-22 18:00:00+00:00,BG.West.010,21.349999999999998,1017.7558,13.525666,67.8,15.5,0.0,2025-04-22 20:00:00+02:00
2025-04-22 19:00:00+00:00,BG.West.010,21.116666666666667,1017.98724,11.9415,74.35,0.0,0.0,2025-04-22 21:00:00+02:00
2025-04-22 20:00:00+00:00,BG.West.010,20.783333333333335,1018.15094,10.782333,80.63333333333334,0.0,0.0,2025-04-22 22:00:00+02:00
2025-04-22 21:00:00+00:00,BG.West.010,20.916666666666668,1017.9483,10.033667,84.16666666666667,0.0,0.0,2025-04-22 23:00:00+02:00
2025-04-22 22:00:00+00:00,BG.West.010,21.116666666666667,1017.9483,9.667333,85.38333333333334,0.0,0.0,2025-04-23 00:00:00+02:00
2025-04-22 23:00:00+00:00,BG.West.010,21.2,1017.9483,9.566,86.3,0.0,0.0,2025-04-23 01:00:00+02:00
2025-04-23 00:00:00+00:00,BG.West.010,21.18,1017.9483,9.6105,87.0,0.0,0.0,2025-04-23 02:00:00+02:00
2025-04-23 01:00:00+00:00,BG.West.010,21.150000000000002,1017.9483,9.033,87.0,0.0,0.0,2025-04-23 03:00:00+02:00
2025-04-23 02:00:00+00:00,BG.West.010,21.016666666666666,1017.9483,8.438167,87.0,0.0,0.0,2025-04-23 04:00:00+02:00
2025-04-23 03:00:00+00:00,BG.West.010,20.933333333333334,1016.215,7.9968333,87.16666666666667,0.0,0.0,2025-04-23 05:00:00+02:00
2025-04-23 04:00:00+00:00,BG.West.010,20.883333333333333,1014.9999,7.8471665,88.0,2.433333333333333,0.0,2025-04-23 06:00:00+02:00
2025-04-23 05:00:00+00:00,BG.West.010,20.816666666666666,1014.69684,8.4053335,88.0,39.75,0.0,2025-04-23 07:00:00+02:00
2025-04-23 06:00:00+00:00,BG.West.010,20.8,1014.38184,10.540833,87.25,88.38333333333334,0.16391467,2025-04-23 08:00:00+02:00
2025-04-23 07:00:00+00:00,BG.West.010,19.433333333333334,1014.05786,13.021,78.0,134.43333333333334,0.23842134,2025-04-23 09:00:00+02:00
2025-04-23 08:00:00+00:00,BG.West.010,18.849999999999998,1014.0082,13.847,72.3,110.18333333333334,0.32037866,2025-04-23 10:00:00+02:00
2025-04-23 09:00:00+00:00,BG.West.010,20.933333333333334,1013.7971,14.2415,69.73333333333333,165.51666666666668,0.27567467,2025-04-23 11:00:00+02:00
2025-04-23 10:00:00+00:00,BG.West.010,21.416666666666668,1013.65546,14.652667,69.26666666666667,143.21666666666667,0.11921067,2025-04-23 12:00:00+02:00
2025-04-23 11:00:00+00:00,BG.West.010,21.38333333333333,1013.62836,14.393499,71.0,83.25,0.03725333,2025-04-23 13:00:00+02:00
2025-04-23 12:00:00+00:00,BG.West.010,21.416666666666668,1013.86316,12.799666,78.51666666666667,125.96666666666667,0.72271466,2025-04-23 14:00:00+02:00
2025-04-23 13:00:00+00:00,BG.West.010,21.233333333333334,1013.83386,11.043166,83.56666666666666,41.05,0.29802665,2025-04-23 15:00:00+02:00
2025-04-23 14:00:00+00:00,BG.West.010,21.016666666666666,1013.81696,10.874,86.51666666666667,106.38333333333334,0.12666133,2025-04-23 16:00:00+02:00
2025-04-23 15:00:00+00:00,BG.West.010,21.416666666666668,1013.81696,11.886999,86.56666666666666,180.2,0.044704,2025-04-23 17:00:00+02:00
2025-04-23 16:00:00+00:00,BG.West.010,21.349999999999998,1013.857,11.991,86.03333333333333,55.766666666666666,0.0,2025-04-23 18:00:00+02:00
2025-04-23 17:00:00+00:00,BG.West.010,21.216666666666665,1013.87164,12.0775,87.0,45.46666666666667,0.0,2025-04-23 19:00:00+02:00
2025-04-23 18:00:00+00:00,BG.West.010,21.183333333333334,1014.17413,12.0945,87.0,12.85,0.0,2025-04-23 20:00:00+02:00
2025-04-23 19:00:00+00:00,BG.West.010,20.98,1014.7256,11.994333,87.0,0.0,0.0,2025-04-23 21:00:00+02:00
2025-04-23 20:00:00+00:00,BG.West.010,20.783333333333335,1015.1511,12.256833,87.0,0.0,0.0,2025-04-23 22:00:00+02:00
2025-04-23 21:00:00+00:00,BG.West.010,20.883333333333333,1015.4,12.240001,87.0,0.0,0.0,2025-04-23 23:00:00+02:00
2025-04-23 22:00:00+00:00,BG.West.010,21.083333333333332,1015.4988,12.026,87.0,0.0,0.0,2025-04-24 00:00:00+02:00
2025-04-23 23:00:00+00:00,BG.West.010,21.1,1015.7031,11.711667,87.0,0.0,0.0,2025-04-24 01:00:00+02:00
2025-04-24 00:00:00+00:00,BG.West.010,21.1,1015.8899,11.241834,87.15,0.0,0.0,2025-04-24 02:00:00+02:00
2025-04-24 01:00:00+00:00,BG.West.010,21.033333333333335,1015.9729,10.776334,87.36666666666666,0.0,0.0,2025-04-24 03:00:00+02:00
2025-04-24 02:00:00+00:00,BG.West.010,21.0,1016.14276,10.3975,87.51666666666667,0.0,0.0,2025-04-24 04:00:00+02:00
2025-04-24 03:00:00+00:00,BG.West.010,20.9,1016.30023,10.276,87.01666666666667,0.0,0.0,2025-04-24 05:00:00+02:00
2025-04-25 12:00:00+00:00,BG.West.010,22.025,1018.6933,15.964001,62.083333333333336,732.0666666666667,0.044704,2025-04-25 14:00:00+02:00
2025-04-25 13:00:00+00:00,BG.West.010,21.96666666666667,1018.6933,16.855501,58.916666666666664,706.0833333333334,0.052154668,2025-04-25 15:00:00+02:00
2025-04-25 14:00:00+00:00,BG.West.010,22.0,1018.6933,16.538334,61.65,518.4666666666667,0.14156267,2025-04-25 16:00:00+02:00
2025-04-25 15:00:00+00:00,BG.West.010,22.03333333333333,1018.6933,16.631334,62.016666666666666,465.1333333333333,0.022352,2025-04-25 17:00:00+02:00
2025-04-25 16:00:00+00:00,BG.West.010,22.28333333333333,1018.6933,16.323168,62.88333333333333,308.7,0.0,2025-04-25 18:00:00+02:00
2025-04-25 17:00:00+00:00,BG.West.010,21.71666666666667,1018.6933,15.345667,64.86666666666666,131.7,0.0074506667,2025-04-25 19:00:00+02:00
2025-04-25 18:00:00+00:00,BG.West.010,21.71666666666667,1018.6933,13.115833,69.11666666666666,12.85,0.0,2025-04-25 20:00:00+02:00
2025-04-25 19:00:00+00:00,BG.West.010,21.53333333333333,1018.6933,11.471833,74.48333333333333,0.0,0.0,2025-04-25 21:00:00+02:00
2025-04-25 20:00:00+00:00,BG.West.010,21.366666666666664,1018.6933,10.651167,79.41666666666667,0.0,0.0,2025-04-25 22:00:00+02:00
2025-04-25 21:00:00+00:00,BG.West.010,21.133333333333333,1018.6933,9.947666,82.88333333333334,0.0,0.0,2025-04-25 23:00:00+02:00
2025-04-25 22:00:00+00:00,BG.West.010,20.933333333333334,1018.6933,9.350167,84.63333333333334,0.0,0.0,2025-04-26 00:00:00+02:00
2025-04-25 23:00:00+00:00,BG.West.010,20.883333333333333,1018.6933,8.5285,85.2,0.0,0.0,2025-04-26 01:00:00+02:00
2025-04-26 00:00:00+00:00,BG.West.010,20.849999999999998,1018.6933,8.128167,86.03333333333333,0.0,0.0,2025-04-26 02:00:00+02:00
2025-04-26 01:00:00+00:00,BG.West.010,20.816666666666666,1018.6933,7.8929996,86.98333333333333,0.0,0.0,2025-04-26 03:00:00+02:00
2025-04-26 02:00:00+00:00,BG.West.010,20.8,1018.6933,7.6055,87.0,0.0,0.0,2025-04-26 04:00:00+02:00
2025-04-26 03:00:00+00:00,BG.West.010,20.783333333333335,1018.6933,7.363667,87.0,0.0,0.0,2025-04-26 05:00:00+02:00
2025-04-26 04:00:00+00:00,BG.West.010,20.8,1018.6933,7.1063333,87.0,3.5166666666666666,0.0,2025-04-26 06:00:00+02:00
2025-04-26 05:00:00+00:00,BG.West.010,20.849999999999998,1018.6933,7.4316664,87.18333333333334,25.45,0.0,2025-04-26 07:00:00+02:00
2025-04-26 06:00:00+00:00,BG.West.010,21.166666666666668,1018.6933,8.417167,87.15,60.55,0.0074506667,2025-04-26 08:00:00+02:00
2025-04-26 07:00:00+00:00,BG.West.010,21.53333333333333,1018.6933,10.4055,86.21666666666667,103.23333333333333,0.11176,2025-04-26 09:00:00+02:00
2025-04-26 08:00:00+00:00,BG.West.010,21.72,1018.6933,12.376833,81.31666666666666,159.33333333333334,0.178816,2025-04-26 10:00:00+02:00
2025-04-26 09:00:00+00:00,BG.West.010,22.183333333333334,1018.6933,14.3865,75.78333333333333,512.1666666666666,0.33528,2025-04-26 11:00:00+02:00
2025-04-26 10:00:00+00:00,BG.West.010,22.433333333333334,1018.6933,16.018,69.0,717.05,0.38743466,2025-04-26 12:00:00+02:00
2025-04-26 11:00:00+00:00,BG.West.010,22.55,1018.6933,17.090668,64.33333333333333,718.5,0.73761594,2025-04-26 13:00:00+02:00
2025-04-26 12:00:00+00:00,BG.West.010,22.766666666666666,1018.6933,18.114666,57.416666666666664,720.0833333333334,0.36508268,2025-04-26 14:00:00+02:00
2025-04-26 13:00:00+00:00,BG.West.010,22.983333333333334,1018.6933,18.932001,47.68333333333333,717.9,0.78231996,2025-04-26 15:00:00+02:00
2025-04-26 14:00:00+00:00,BG.West.010,22.95,1018.6933,19.479166,46.833333333333336,609.5833333333334,0.29057598,2025-04-26 16:00:00+02:00
2025-04-26 15:00:00+00:00,BG.West.010,23.0,1018.6933,19.42,50.36666666666667,358.85,0.052154664,2025-04-26 17:00:00+02:00
2025-04-26 16:00:00+00:00,BG.West.010,23.266666666666666,1018.6933,19.613167,49.71666666666667,292.43333333333334,0.07450666,2025-04-26 18:00:00+02:00
2025-04-26 17:00:00+00:00,BG.West.010,22.53333333333333,1018.6933,18.831667,52.71666666666667,122.26666666666667,0.059605334,2025-04-26 19:00:00+02:00
2025-04-26 18:00:00+00:00,BG.West.010,22.133333333333336,1018.6933,16.2325,61.166666666666664,15.883333333333333,0.0,2025-04-26 20:00:00+02:00
2025-04-26 19:00:00+00:00,BG.West.010,21.766666666666666,1018.6933,14.011,68.76666666666667,0.0,0.0,2025-04-26 21:00:00+02:00
2025-04-26 20:00:00+00:00,BG.West.010,21.7,1018.6933,12.889001,73.45,0.0,0.0,2025-04-26 22:00:00+02:00
2025-04-26 21:00:00+00:00,BG.West.010,21.7,1018.6933,12.5375,75.03333333333333,0.0,0.0,2025-04-26 23:00:00+02:00
2025-04-26 22:00:00+00:00,BG.West.010,21.633333333333336,1018.6933,11.969833,78.85,0.0,0.0,2025-04-27 00:00:00+02:00
2025-04-26 23:00:00+00:00,BG.West.010,21.583333333333332,1018.6933,11.3665,81.65,0.0,0.0,2025-04-27 01:00:00+02:00
2025-04-27 00:00:00+00:00,BG.West.010,21.516666666666666,1018.6933,10.782833,83.31666666666666,0.0,0.0,2025-04-27 02:00:00+02:00
2025-04-27 01:00:00+00:00,BG.West.010,21.483333333333334,1018.6933,10.454667,84.0,0.0,0.0,2025-04-27 03:00:00+02:00
2025-04-27 02:00:00+00:00,BG.West.010,21.399999999999995,1018.6933,10.099667,84.83333333333333,0.0,0.0,2025-04-27 04:00:00+02:00
2025-04-27 03:00:00+00:00,BG.West.010,21.349999999999998,1018.6933,9.547167,85.05,0.0,0.0,2025-04-27 05:00:00+02:00
2025-04-27 04:00:00+00:00,BG.West.010,21.283333333333335,1018.6933,9.052167,86.0,3.6666666666666665,0.0,2025-04-27 06:00:00+02:00
2025-04-27 05:00:00+00:00,BG.West.010,21.316666666666666,1018.6933,9.004167,86.0,18.483333333333334,0.0,2025-04-27 07:00:00+02:00
2025-04-27 06:00:00+00:00,BG.West.010,21.666666666666668,1018.6933,10.499333,83.41666666666667,49.1,0.0,2025-04-27 08:00:00+02:00
2025-04-27 07:00:00+00:00,BG.West.010,21.98,1018.6933,13.089666,73.43333333333334,76.06666666666666,0.0,2025-04-27 09:00:00+02:00
2025-04-27 08:00:00+00:00,BG.West.010,22.11666666666667,1018.6933,15.001333,66.21666666666667,132.48333333333332,0.029802667,2025-04-27 10:00:00+02:00
2025-04-27 09:00:00+00:00,BG.West.010,22.650000000000002,1018.6933,17.491,57.06666666666667,583.1,0.029802667,2025-04-27 11:00:00+02:00
2025-04-27 10:00:00+00:00,BG.West.010,22.866666666666664,1018.6933,19.963999,49.05,726.7666666666667,0.059605334,2025-04-27 12:00:00+02:00
2025-04-27 11:00:00+00:00,BG.West.010,22.983333333333334,1018.6933,20.812834,44.083333333333336,771.9333333333333,0.03725333,2025-04-27 13:00:00+02:00
2025-04-27 12:00:00+00:00,BG.West.010,23.25,1018.6933,21.064833,43.55,729.1,0.06705601,2025-04-27 14:00:00+02:00
2025-04-27 13:00:00+00:00,BG.West.010,23.380000000000003,1018.6933,21.043333,45.45,657.0833333333334,0.25332266,2025-04-27 15:00:00+02:00
2025-04-27 14:00:00+00:00,BG.West.010,23.7,1018.6933,21.291332,44.016666666666666,597.3,0.14156267,2025-04-27 16:00:00+02:00
2025-04-27 15:00:00+00:00,BG.West.010,23.900000000000002,1018.6933,21.398167,42.93333333333333,468.3,0.13411199,2025-04-27 17:00:00+02:00
2025-04-27 16:00:00+00:00,BG.West.010,24.183333333333334,1018.6933,20.1575,45.46666666666667,318.6666666666667,0.14156267,2025-04-27 18:00:00+02:00
2025-04-27 17:00:00+00:00,BG.West.010,23.366666666666664,1018.6933,17.950666,51.6,141.3,0.03725333,2025-04-27 19:00:00+02:00
2025-04-27 18:00:00+00:00,BG.West.010,22.766666666666666,1018.6933,15.8619995,58.083333333333336,17.4,0.0149013335,2025-04-27 20:00:00+02:00
2025-04-27 19:00:00+00:00,BG.West.010,22.3,1018.6933,14.326833,63.75,0.0,0.0,2025-04-27 21:00:00+02:00
2025-04-27 20:00:00+00:00,BG.West.010,22.150000000000002,1018.6933,13.0835,68.36666666666666,0.0,0.0,2025-04-27 22:00:00+02:00
2025-04-27 21:00:00+00:00,BG.West.010,22.083333333333332,1018.6933,12.227833,71.4,0.0,0.0,2025-04-27 23:00:00+02:00
2025-04-27 22:00:00+00:00,BG.West.010,21.95,1018.6933,11.557667,75.25,0.0,0.0,2025-04-28 00:00:00+02:00
2025-04-27 23:00:00+00:00,BG.West.010,21.95,1018.6933,10.412,80.55,0.0,0.0,2025-04-28 01:00:00+02:00
2025-04-28 00:00:00+00:00,BG.West.010,21.899999999999995,1018.6933,9.6945,83.65,0.0,0.0,2025-04-28 02:00:00+02:00
2025-04-28 01:00:00+00:00,BG.West.010,21.816666666666666,1018.6933,9.290166,84.96666666666667,0.0,0.0,2025-04-28 03:00:00+02:00
2025-04-28 02:00:00+00:00,BG.West.010,21.71666666666667,1018.6933,8.616166,85.85,0.0,0.0,2025-04-28 04:00:00+02:00
2025-04-28 03:00:00+00:00,BG.West.010,21.7,1018.6933,8.212333,86.0,0.0,0.0,2025-04-28 05:00:00+02:00
2025-04-28 04:00:00+00:00,BG.West.010,21.7,1018.6933,8.193167,86.73333333333333,3.966666666666667,0.0,2025-04-28 06:00:00+02:00
2025-04-28 05:00:00+00:00,BG.West.010,21.75,1018.6933,8.7915,87.0,19.3,0.0,2025-04-28 07:00:00+02:00
2025-04-28 06:00:00+00:00,BG.West.010,21.633333333333336,1018.6933,10.653833,86.08333333333333,63.2,0.0,2025-04-28 08:00:00+02:00
2025-04-28 07:00:00+00:00,BG.West.010,21.900000000000002,1018.6933,13.994333,71.9,88.35,0.0,2025-04-28 09:00:00+02:00
2025-04-28 08:00:00+00:00,BG.West.010,22.316666666666666,1018.6933,16.446499,55.85,135.98333333333332,0.0149013335,2025-04-28 10:00:00+02:00
2025-04-28 09:00:00+00:00,BG.West.010,22.816666666666666,1018.6933,18.537666,49.56666666666667,597.5833333333334,0.022352,2025-04-28 11:00:00+02:00
2025-04-28 10:00:00+00:00,BG.West.010,23.233333333333334,1018.6933,20.5445,42.93333333333333,730.55,0.059605334,2025-04-28 12:00:00+02:00
2025-04-28 11:00:00+00:00,BG.West.010,23.45,1018.6933,21.248,42.15,770.95,0.10430933,2025-04-28 13:00:00+02:00
2025-04-28 12:00:00+00:00,BG.West.010,23.916666666666668,1018.6933,21.6255,42.3,750.3166666666667,0.044704,2025-04-28 14:00:00+02:00
2025-04-28 13:00:00+00:00,BG.West.010,24.2,1018.6933,21.984001,41.21666666666667,673.05,0.029802667,2025-04-28 15:00:00+02:00
2025-04-28 14:00:00+00:00,BG.West.010,24.349999999999998,1018.6933,22.369667,39.46666666666667,609.7833333333333,0.11921067,2025-04-28 16:00:00+02:00
2025-04-28 15:00:00+00:00,BG.West.010,24.583333333333332,1018.6933,21.9685,39.61666666666667,474.73333333333335,0.12666133,2025-04-28 17:00:00+02:00
2025-04-28 16:00:00+00:00,BG.West.010,24.599999999999998,1018.6933,21.146502,42.05,307.46666666666664,0.03725333,2025-04-28 18:00:00+02:00
2025-04-28 17:00:00+00:00,BG.West.010,23.71666666666667,1018.6933,19.959333,44.06666666666667,154.05,0.0149013335,2025-04-28 19:00:00+02:00
2025-04-28 18:00:00+00:00,BG.West.010,23.083333333333332,1018.6933,16.954,48.1,19.483333333333334,0.0,2025-04-28 20:00:00+02:00
2025-04-28 19:00:00+00:00,BG.West.010,22.616666666666664,1018.6933,15.0325,52.71666666666667,0.16666666666666666,0.0,2025-04-28 21:00:00+02:00
2025-04-28 20:00:00+00:00,BG.West.010,22.099999999999998,1018.6933,13.600333,58.61666666666667,0.0,0.0,2025-04-28 22:00:00+02:00
2025-04-28 21:00:00+00:00,BG.West.010,22.066666666666666,1018.6933,12.676167,61.8,0.0,0.0,2025-04-28 23:00:00+02:00
2025-04-28 22:00:00+00:00,BG.West.010,22.150000000000002,1018.6933,12.187166,65.41666666666667,0.0,0.0,2025-04-29 00:00:00+02:00
2025-04-28 23:00:00+00:00,BG.West.010,22.11666666666667,1018.6933,11.6241665,69.18333333333334,0.0,0.0,2025-04-29 01:00:00+02:00
2025-04-29 00:00:00+00:00,BG.West.010,22.12,1018.6933,11.0164995,72.6,0.0,0.0,2025-04-29 02:00:00+02:00
2025-04-29 01:00:00+00:00,BG.West.010,22.166666666666668,1018.6933,10.637166,74.91666666666667,0.0,0.0,2025-04-29 03:00:00+02:00
2025-04-29 02:00:00+00:00,BG.West.010,22.166666666666668,1018.6933,9.934667,78.1,0.0,0.0,2025-04-29 04:00:00+02:00
2025-04-29 03:00:00+00:00,BG.West.010,22.183333333333334,1018.6933,9.711166,80.98333333333333,0.0,0.0,2025-04-29 05:00:00+02:00
2025-04-29 04:00:00+00:00,BG.West.010,22.150000000000002,1018.6933,9.554833,82.85,4.066666666666666,0.0,2025-04-29 06:00:00+02:00
2025-04-29 05:00:00+00:00,BG.West.010,22.016666666666666,1018.6933,10.158334,84.3,20.733333333333334,0.0,2025-04-29 07:00:00+02:00
2025-04-29 06:00:00+00:00,BG.West.010,21.616666666666664,1018.6933,11.888,83.68333333333334,76.21666666666667,0.0149013335,2025-04-29 08:00:00+02:00
2025-04-29 07:00:00+00:00,BG.West.010,20.099999999999998,1018.6933,14.164667,78.55,104.58333333333333,0.0149013335,2025-04-29 09:00:00+02:00
2025-04-29 08:00:00+00:00,BG.West.010,20.650000000000002,1018.6933,16.321667,69.86666666666666,146.33333333333334,0.0149013335,2025-04-29 10:00:00+02:00
2025-04-29 09:00:00+00:00,BG.West.010,21.583333333333332,1018.6933,18.406166,59.55,594.8166666666667,0.11176,2025-04-29 11:00:00+02:00
2025-04-29 10:00:00+00:00,BG.West.010,22.45,1018.6933,20.559334,53.916666666666664,724.1,0.18626666,2025-04-29 12:00:00+02:00
2025-04-29 11:00:00+00:00,BG.West.010,23.03333333333333,1018.6933,21.819832,48.38333333333333,762.0666666666667,0.16391467,2025-04-29 13:00:00+02:00
2025-04-29 12:00:00+00:00,BG.West.010,23.566666666666666,1018.6933,22.720833,44.75,758.9333333333333,0.18626666,2025-04-29 14:00:00+02:00
2025-04-29 13:00:00+00:00,BG.West.010,23.71666666666667,1018.6933,23.831,42.75,695.6333333333333,0.14156267,2025-04-29 15:00:00+02:00
2025-04-29 14:00:00+00:00,BG.West.010,23.916666666666668,1018.6933,24.172499,42.083333333333336,606.05,0.06705599,2025-04-29 16:00:00+02:00
2025-04-29 15:00:00+00:00,BG.West.010,24.3,1018.6933,23.507168,47.81666666666667,457.48333333333335,0.07450666,2025-04-29 17:00:00+02:00
2025-04-29 16:00:00+00:00,BG.West.010,24.816666666666666,1018.6933,23.128332,49.86666666666667,279.3833333333333,0.0,2025-04-29 18:00:00+02:00
2025-04-29 17:00:00+00:00,BG.West.010,24.133333333333336,1018.6933,22.306667,51.333333333333336,148.85,0.0,2025-04-29 19:00:00+02:00
2025-04-29 18:00:00+00:00,BG.West.010,23.53333333333333,1018.6933,20.103666,51.96666666666667,18.633333333333333,0.0,2025-04-29 20:00:00+02:00
2025-04-29 19:00:00+00:00,BG.West.010,22.98,1018.6933,17.918333,60.31666666666667,0.0,0.0,2025-04-29 21:00:00+02:00
2025-04-29 20:00:00+00:00,BG.West.010,22.566666666666666,1018.6933,16.537333,68.06666666666666,0.0,0.0,2025-04-29 22:00:00+02:00
2025-04-29 21:00:00+00:00,BG.West.010,22.400000000000002,1018.6933,15.623334,73.98333333333333,0.0,0.0,2025-04-29 23:00:00+02:00
2025-04-29 22:00:00+00:00,BG.West.010,22.53333333333333,1018.6933,14.904833,78.7,0.0,0.0,2025-04-30 00:00:00+02:00
2025-04-29 23:00:00+00:00,BG.West.010,22.53333333333333,1018.6933,14.2635,81.45,0.0,0.0074506667,2025-04-30 01:00:00+02:00
2025-04-30 00:00:00+00:00,BG.West.010,22.46666666666667,1018.6933,13.761834,82.83333333333333,0.0,0.0,2025-04-30 02:00:00+02:00
2025-04-30 01:00:00+00:00,BG.West.010,22.38333333333333,1018.6933,13.127,83.4,0.0,0.0149013335,2025-04-30 03:00:00+02:00
2025-04-30 02:00:00+00:00,BG.West.010,22.28333333333333,1018.6933,12.512166,84.25,0.0,0.0,2025-04-30 04:00:00+02:00
2025-04-30 03:00:00+00:00,BG.West.010,22.2,1018.6933,12.037667,85.0,0.0,0.0,2025-04-30 05:00:00+02:00
2025-04-30 04:00:00+00:00,BG.West.010,22.166666666666668,1018.6933,11.683834,85.8,5.666666666666667,0.0,2025-04-30 06:00:00+02:00
2025-04-30 05:00:00+00:00,BG.West.010,21.95,1018.6933,11.975666,86.0,27.516666666666666,0.0,2025-04-30 07:00:00+02:00
2025-04-30 06:00:00+00:00,BG.West.010,21.733333333333334,1018.6933,13.339001,85.16666666666667,79.11666666666666,0.052154664,2025-04-30 08:00:00+02:00
2025-04-30 07:00:00+00:00,BG.West.010,21.349999999999998,1018.6933,15.5255,80.3,97.5,0.03725333,2025-04-30 09:00:00+02:00
2025-04-30 08:00:00+00:00,BG.West.010,21.2,1018.6933,17.691833,73.26666666666667,161.38333333333333,0.029802667,2025-04-30 10:00:00+02:00
2025-04-30 09:00:00+00:00,BG.West.010,22.55,1018.6933,20.920166,61.75,606.25,0.0074506667,2025-04-30 11:00:00+02:00
2025-04-30 10:00:00+00:00,BG.West.010,23.433333333333334,1018.6933,23.223835,51.05,707.7,0.044704,2025-04-30 12:00:00+02:00
2025-04-30 11:00:00+00:00,BG.West.010,23.95,1018.6933,24.298,47.416666666666664,758.55,0.03725333,2025-04-30 13:00:00+02:00
2025-04-30 12:00:00+00:00,BG.West.010,24.366666666666664,1018.6933,25.095499,41.81666666666667,763.7833333333333,0.059605334,2025-04-30 14:00:00+02:00
2025-04-30 13:00:00+00:00,BG.West.010,24.7,1018.6933,25.641666,39.15,712.8,0.044704,2025-04-30 15:00:00+02:00
2025-04-30 14:00:00+00:00,BG.West.010,24.933333333333334,1018.6933,26.492,39.71666666666667,611.3166666666667,0.0149013335,2025-04-30 16:00:00+02:00
2025-04-30 15:00:00+00:00,BG.West.010,25.05,1018.6933,25.838665,43.63333333333333,483.0833333333333,0.03725333,2025-04-30 17:00:00+02:00
2025-04-30 16:00:00+00:00,BG.West.010,25.116666666666664,1018.6933,25.016167,46.3,331.6166666666667,0.029802667,2025-04-30 18:00:00+02:00
2025-04-30 17:00:00+00:00,BG.West.010,24.166666666666668,1018.6933,23.724833,48.46666666666667,147.78333333333333,0.0,2025-04-30 19:00:00+02:00
2025-04-30 18:00:00+00:00,BG.West.010,23.133333333333336,1018.6933,21.079668,55.38333333333333,21.633333333333333,0.0,2025-04-30 20:00:00+02:00
2025-04-30 19:00:00+00:00,BG.West.010,21.849999999999998,1018.6933,19.081,61.88333333333333,0.48333333333333334,0.0,2025-04-30 21:00:00+02:00
2025-04-30 20:00:00+00:00,BG.West.010,20.916666666666668,1018.6933,17.366833,69.21666666666667,0.0,0.0,2025-04-30 22:00:00+02:00
2025-04-30 21:00:00+00:00,BG.West.010,20.466666666666665,1018.6933,16.289999,74.4,0.0,0.0,2025-04-30 23:00:00+02:00
2025-04-30 22:00:00+00:00,BG.West.010,19.866666666666664,1018.6933,15.392333,78.51666666666667,0.0,0.0,2025-05-01 00:00:00+02:00
2025-04-30 23:00:00+00:00,BG.West.010,19.583333333333332,1018.6933,14.637834,81.1,0.0,0.0,2025-05-01 01:00:00+02:00
2025-05-01 00:00:00+00:00,BG.West.010,19.466666666666665,1018.6933,13.989333,83.23333333333333,0.0,0.0,2025-05-01 02:00:00+02:00
2025-05-01 01:00:00+00:00,BG.West.010,19.066666666666666,1018.6933,13.769333,84.66666666666667,0.0,0.0,2025-05-01 03:00:00+02:00
2025-05-01 02:00:00+00:00,BG.West.010,18.650000000000002,1018.6933,13.352167,85.08333333333333,0.0,0.0,2025-05-01 04:00:00+02:00
2025-05-01 03:00:00+00:00,BG.West.010,18.866666666666667,1018.6933,12.997499,85.98333333333333,0.0,0.0,2025-05-01 05:00:00+02:00
2025-05-01 04:00:00+00:00,BG.West.010,18.733333333333334,1018.6933,12.723666,86.0,5.083333333333333,0.0,2025-05-01 06:00:00+02:00
2025-05-01 05:00:00+00:00,BG.West.010,19.033333333333335,1018.6933,13.126,86.58333333333333,21.983333333333334,0.0,2025-05-01 07:00:00+02:00
2025-05-01 06:00:00+00:00,BG.West.010,20.366666666666667,1018.6933,15.171332,85.8,84.41666666666667,0.0,2025-05-01 08:00:00+02:00
2025-05-01 07:00:00+00:00,BG.West.010,21.616666666666664,1018.6933,18.726002,75.16666666666667,88.3,0.022352,2025-05-01 09:00:00+02:00
2025-05-01 08:00:00+00:00,BG.West.010,22.46,1018.6933,21.133333,64.71666666666667,159.38333333333333,0.0,2025-05-01 10:00:00+02:00
2025-05-01 09:00:00+00:00,BG.West.010,23.55,1018.6933,24.098501,51.083333333333336,612.8,0.11921067,2025-05-01 11:00:00+02:00
2025-05-01 10:00:00+00:00,BG.West.010,24.383333333333336,1018.6933,26.531166,41.016666666666666,722.7833333333333,0.13411199,2025-05-01 12:00:00+02:00
2025-05-01 11:00:00+00:00,BG.West.010,24.75,1018.6933,27.182833,35.46666666666667,755.65,0.096858665,2025-05-01 13:00:00+02:00
2025-05-01 12:00:00+00:00,BG.West.010,24.71666666666667,1018.6933,27.603666,31.7,751.9833333333333,0.19371733,2025-05-01 14:00:00+02:00
2025-05-01 13:00:00+00:00,BG.West.010,24.7,1018.6933,27.508501,33.65,655.4833333333333,0.25332266,2025-05-01 15:00:00+02:00
2025-05-01 14:00:00+00:00,BG.West.010,24.7,1018.6933,27.685167,32.65,510.3666666666667,0.0074506667,2025-05-01 16:00:00+02:00
2025-05-01 15:00:00+00:00,BG.West.010,24.7,1018.6933,27.903002,33.11666666666667,438.48333333333335,0.06705599,2025-05-01 17:00:00+02:00
2025-05-01 16:00:00+00:00,BG.West.010,24.7,1018.6933,27.638166,34.3,299.31666666666666,0.0149013335,2025-05-01 18:00:00+02:00
2025-05-01 17:00:00+00:00,BG.West.010,24.71666666666667,1018.6933,26.201666,36.516666666666666,111.31666666666666,0.0,2025-05-01 19:00:00+02:00
2025-05-01 18:00:00+00:00,BG.West.010,24.3,1018.6933,23.874166,39.9,24.55,0.0,2025-05-01 20:00:00+02:00
2025-05-01 19:00:00+00:00,BG.West.010,23.71666666666667,1018.6933,21.096167,51.6,0.0,0.0,2025-05-01 21:00:00+02:00
2025-05-01 20:00:00+00:00,BG.West.010,23.366666666666664,1018.6933,18.9715,59.266666666666666,0.0,0.0,2025-05-01 22:00:00+02:00
2025-05-01 21:00:00+00:00,BG.West.010,23.2,1018.6933,17.670166,64.71666666666667,0.0,0.0,2025-05-01 23:00:00+02:00
2025-05-01 22:00:00+00:00,BG.West.010,23.21666666666667,1018.6933,16.776167,70.83333333333333,0.0,0.0,2025-05-02 00:00:00+02:00
2025-05-01 23:00:00+00:00,BG.West.010,23.2,1018.6933,16.1775,74.06666666666666,0.0,0.0,2025-05-02 01:00:00+02:00
2025-05-02 00:00:00+00:00,BG.West.010,23.03333333333333,1018.6933,15.660501,73.73333333333333,0.0,0.0,2025-05-02 02:00:00+02:00
2025-05-02 01:00:00+00:00,BG.West.010,22.900000000000002,1016.80035,15.1135,76.46666666666667,0.0,0.0,2025-05-02 03:00:00+02:00
2025-05-02 02:00:00+00:00,BG.West.010,23.03333333333333,1014.3248,14.661166,79.65,0.0,0.0,2025-05-02 04:00:00+02:00
2025-05-02 03:00:00+00:00,BG.West.010,23.3,1014.3248,14.7175,79.35,0.0,0.0,2025-05-02 05:00:00+02:00
2025-05-02 04:00:00+00:00,BG.West.010,23.633333333333336,1014.3248,15.508333,74.41666666666667,8.133333333333333,0.022352,2025-05-02 06:00:00+02:00
2025-05-02 05:00:00+00:00,BG.West.010,23.416666666666668,1014.3248,17.953001,61.28333333333333,35.983333333333334,0.0,2025-05-02 07:00:00+02:00
2025-05-02 06:00:00+00:00,BG.West.010,23.016666666666666,1014.3248,18.311,60.31666666666667,83.13333333333334,0.0,2025-05-02 08:00:00+02:00
2025-05-02 07:00:00+00:00,BG.West.010,23.3,1014.3248,20.497797,57.932203389830505,135.32203389830508,0.0,2025-05-02 09:00:00+02:00
2025-05-02 08:00:00+00:00,BG.West.010,23.833333333333332,1014.3248,22.671764,51.03921568627451,239.92156862745097,0.0,2025-05-02 10:00:00+02:00
2025-05-02 09:00:00+00:00,BG.West.010,24.433333333333334,1014.3248,24.229668,46.016666666666666,307.56666666666666,0.0,2025-05-02 11:00:00+02:00
2025-05-02 10:00:00+00:00,BG.West.010,24.766666666666666,1014.3248,23.966833,45.43333333333333,448.4166666666667,0.15646401,2025-05-02 12:00:00+02:00
2025-05-02 11:00:00+00:00,BG.West.010,24.816666666666666,1014.3248,22.567667,48.2,682.7666666666667,0.26077333,2025-05-02 13:00:00+02:00
2025-05-02 12:00:00+00:00,BG.West.010,25.21666666666667,1014.3248,22.704039,48.84615384615385,723.9807692307693,0.4040554,2025-05-02 14:00:00+02:00
2025-05-02 13:00:00+00:00,BG.West.010,25.2,1014.3248,23.371334,48.233333333333334,673.5166666666667,0.104309335,2025-05-02 15:00:00+02:00
2025-05-02 14:00:00+00:00,BG.West.010,24.866666666666664,1014.3248,22.710333,51.233333333333334,585.3666666666667,0.178816,2025-05-02 16:00:00+02:00
2025-05-02 15:00:00+00:00,BG.West.010,24.2,1014.3248,21.721668,54.0,462.6,0.07450666,2025-05-02 17:00:00+02:00
2025-05-02 16:00:00+00:00,BG.West.010,24.016666666666666,1014.3248,21.315832,54.416666666666664,293.8,0.029802667,2025-05-02 18:00:00+02:00
2025-05-02 17:00:00+00:00,BG.West.010,22.933333333333334,1014.3248,18.507166,65.48333333333333,135.03333333333333,0.11921067,2025-05-02 19:00:00+02:00
2025-05-02 18:00:00+00:00,BG.West.010,22.933333333333334,1014.3248,15.9279995,73.1,25.45,0.052154664,2025-05-02 20:00:00+02:00
2025-05-02 19:00:00+00:00,BG.West.010,23.88,1014.3248,14.803166,77.48333333333333,0.3333333333333333,0.10430933,2025-05-02 21:00:00+02:00
2025-05-02 20:00:00+00:00,BG.West.010,23.78333333333333,1014.3248,14.114333,81.2,0.0,0.029802667,2025-05-02 22:00:00+02:00
2025-05-02 21:00:00+00:00,BG.West.010,23.75,1014.3248,13.990001,82.73333333333333,0.0,0.0,2025-05-02 23:00:00+02:00
2025-05-02 22:00:00+00:00,BG.West.010,23.666666666666668,1014.3248,13.523666,82.13333333333334,0.0,0.029802667,2025-05-03 00:00:00+02:00
2025-05-02 23:00:00+00:00,BG.West.010,23.583333333333332,1014.3248,12.682333,82.0,0.0,0.0,2025-05-03 01:00:00+02:00
2025-05-03 00:00:00+00:00,BG.West.010,23.45,1014.8678,11.8345,81.18333333333334,0.0,0.0,2025-05-03 02:00:00+02:00
2025-05-03 01:00:00+00:00,BG.West.010,23.233333333333334,1015.4085,11.3914995,68.81666666666666,0.0,0.0,2025-05-03 03:00:00+02:00
2025-05-03 02:00:00+00:00,BG.West.010,23.183333333333334,1015.4085,10.991834,67.68333333333334,0.0,0.0,2025-05-03 04:00:00+02:00
2025-05-03 03:00:00+00:00,BG.West.010,23.03333333333333,1015.4085,10.284834,71.1,0.0,0.0,2025-05-03 05:00:00+02:00
2025-05-03 04:00:00+00:00,BG.West.010,22.95,1015.4085,9.878833,74.35,7.833333333333333,0.0,2025-05-03 06:00:00+02:00
2025-05-03 05:00:00+00:00,BG.West.010,22.849999999999998,1015.4085,10.460166,75.96666666666667,24.033333333333335,0.0,2025-05-03 07:00:00+02:00
2025-05-03 06:00:00+00:00,BG.West.010,22.849999999999998,1015.4085,11.966666,70.55,87.66666666666667,0.11176,2025-05-03 08:00:00+02:00
2025-05-03 07:00:00+00:00,BG.West.010,23.03333333333333,1015.4085,13.622499,63.38333333333333,87.3,0.06705601,2025-05-03 09:00:00+02:00
2025-05-03 08:00:00+00:00,BG.West.010,23.183333333333334,1015.4085,14.650333,59.85,206.63333333333333,0.12666133,2025-05-03 10:00:00+02:00
2025-05-03 09:00:00+00:00,BG.West.010,23.849999999999998,1015.4085,16.366333,55.3,632.1333333333333,0.11176,2025-05-03 11:00:00+02:00
2025-05-03 10:00:00+00:00,BG.West.010,24.55,1015.4085,17.953667,52.666666666666664,730.9333333333333,0.0149013335,2025-05-03 12:00:00+02:00
2025-05-03 11:00:00+00:00,BG.West.010,24.650000000000002,1015.4085,18.406,50.666666666666664,790.85,0.23097067,2025-05-03 13:00:00+02:00
2025-05-03 12:00:00+00:00,BG.West.010,24.866666666666664,1015.4085,18.829166,45.233333333333334,768.2,0.14156267,2025-05-03 14:00:00+02:00
2025-05-03 13:00:00+00:00,BG.West.010,24.95,1015.4085,18.952168,41.71666666666667,592.2833333333333,0.08195733,2025-05-03 15:00:00+02:00
2025-05-03 14:00:00+00:00,BG.West.010,24.82,1015.4085,18.051832,45.483333333333334,622.0,0.30547732,2025-05-03 16:00:00+02:00
2025-05-03 15:00:00+00:00,BG.West.010,24.916666666666668,1015.4085,16.912333,50.53333333333333,462.2,0.33528,2025-05-03 17:00:00+02:00
2025-05-03 16:00:00+00:00,BG.West.010,24.7,1015.4085,14.760834,61.266666666666666,204.66666666666666,0.48429334,2025-05-03 18:00:00+02:00
2025-05-03 17:00:00+00:00,BG.West.010,24.116666666666664,1015.4085,13.113667,72.36666666666666,39.016666666666666,0.44704,2025-05-03 19:00:00+02:00
2025-05-03 18:00:00+00:00,BG.West.010,23.650000000000002,1015.4085,11.935834,72.88333333333334,18.766666666666666,0.916432,2025-05-03 20:00:00+02:00
2025-05-03 19:00:00+00:00,BG.West.010,23.3,1015.4085,11.164333,70.85,0.0,0.32782933,2025-05-03 21:00:00+02:00
2025-05-03 20:00:00+00:00,BG.West.010,23.05,1015.4085,10.809,70.8,0.0,0.4172373,2025-05-03 22:00:00+02:00
2025-05-03 21:00:00+00:00,BG.West.010,22.866666666666664,1015.4085,11.010834,70.96666666666667,0.0,0.3501813,2025-05-03 23:00:00+02:00
2025-05-03 22:00:00+00:00,BG.West.010,22.816666666666666,1015.4085,10.888999,73.0,0.0,0.15646401,2025-05-04 00:00:00+02:00
2025-05-03 23:00:00+00:00,BG.West.010,22.71666666666667,1015.4085,10.5845,74.1,0.0,0.096858665,2025-05-04 01:00:00+02:00
2025-05-04 00:00:00+00:00,BG.West.010,22.666666666666668,1015.4085,10.6705,75.63333333333334,0.0,0.11176,2025-05-04 02:00:00+02:00
2025-05-04 01:00:00+00:00,BG.West.010,22.583333333333332,1015.4085,10.530167,76.46666666666667,0.0,0.059605334,2025-05-04 03:00:00+02:00
2025-05-04 02:00:00+00:00,BG.West.010,22.5,1015.4085,10.631,78.0,0.0,0.11921067,2025-05-04 04:00:00+02:00
2025-05-04 03:00:00+00:00,BG.West.010,22.416666666666668,1015.4085,10.457667,77.46666666666667,0.0,0.20861866,2025-05-04 05:00:00+02:00
2025-05-04 04:00:00+00:00,BG.West.010,22.316666666666666,1015.4085,10.3475,77.48333333333333,1.5833333333333333,0.089408,2025-05-04 06:00:00+02:00
2025-05-04 05:00:00+00:00,BG.West.010,22.233333333333334,1015.4085,10.197167,76.53333333333333,33.63333333333333,0.089408,2025-05-04 07:00:00+02:00
2025-05-04 06:00:00+00:00,BG.West.010,22.28333333333333,1015.4085,10.403,72.98333333333333,72.73333333333333,0.12666133,2025-05-04 08:00:00+02:00
2025-05-04 07:00:00+00:00,BG.West.010,22.28333333333333,1015.4085,10.537833,72.66666666666667,108.91666666666667,0.11176,2025-05-04 09:00:00+02:00
2025-05-04 08:00:00+00:00,BG.West.010,22.333333333333332,1015.4085,10.660167,73.95,240.55,0.11921067,2025-05-04 10:00:00+02:00
2025-05-04 09:00:00+00:00,BG.West.010,22.66,1015.4085,11.8625,65.98333333333333,406.73333333333335,0.44704,2025-05-04 11:00:00+02:00
2025-05-04 10:00:00+00:00,BG.West.010,22.95,1015.4085,12.268833,60.81666666666667,352.25,0.30547732,2025-05-04 12:00:00+02:00
2025-05-04 11:00:00+00:00,BG.West.010,22.900000000000002,1015.4085,12.6565,62.88333333333333,499.3,0.64820796,2025-05-04 13:00:00+02:00
2025-05-04 12:00:00+00:00,BG.West.010,23.016666666666666,1015.4085,12.920333,59.71666666666667,439.6166666666667,0.29802665,2025-05-04 14:00:00+02:00
2025-05-04 13:00:00+00:00,BG.West.010,23.21666666666667,1015.4085,13.756166,55.36666666666667,761.0833333333334,0.46194133,2025-05-04 15:00:00+02:00
2025-05-04 14:00:00+00:00,BG.West.010,23.433333333333334,1015.4085,13.808,53.916666666666664,581.45,0.30547732,2025-05-04 16:00:00+02:00
2025-05-04 15:00:00+00:00,BG.West.010,23.3,1015.4085,13.265166,55.3,329.65,0.14156267,2025-05-04 17:00:00+02:00
2025-05-04 16:00:00+00:00,BG.West.010,23.0,1015.4085,12.312667,58.15,298.53333333333336,0.22352,2025-05-04 18:00:00+02:00
2025-05-04 17:00:00+00:00,BG.West.010,22.75,1015.4085,10.939834,63.166666666666664,64.75,0.08195733,2025-05-04 19:00:00+02:00
2025-05-04 18:00:00+00:00,BG.West.010,22.383333333333336,1015.4085,9.979666,67.61666666666666,25.0,0.059605334,2025-05-04 20:00:00+02:00
2025-05-04 19:00:00+00:00,BG.West.010,22.099999999999998,1015.4085,9.004667,70.43333333333334,0.5,0.052154664,2025-05-04 21:00:00+02:00
2025-05-04 20:00:00+00:00,BG.West.010,21.849999999999998,1015.4085,8.569834,71.05,0.0,0.022352,2025-05-04 22:00:00+02:00
2025-05-04 21:00:00+00:00,BG.West.010,21.683333333333334,1015.4085,8.196166,71.41666666666667,0.0,0.0074506667,2025-05-04 23:00:00+02:00
2025-05-04 22:00:00+00:00,BG.West.010,21.566666666666666,1015.4085,7.819,72.01666666666667,0.0,0.0,2025-05-05 00:00:00+02:00
2025-05-04 23:00:00+00:00,BG.West.010,21.483333333333334,1015.4085,7.5631666,73.56666666666666,0.0,0.0,2025-05-05 01:00:00+02:00
2025-05-05 00:00:00+00:00,BG.West.010,21.349999999999998,1015.4085,6.6721663,76.78333333333333,0.0,0.0,2025-05-05 02:00:00+02:00
2025-05-05 01:00:00+00:00,BG.West.010,21.2,1015.4085,5.7503333,80.9,0.0,0.0,2025-05-05 03:00:00+02:00
2025-05-05 02:00:00+00:00,BG.West.010,21.05,1015.4085,5.1601663,83.28333333333333,0.0,0.0,2025-05-05 04:00:00+02:00
2025-05-05 03:00:00+00:00,BG.West.010,20.96,1015.4085,4.9191666,84.58333333333333,0.0,0.0,2025-05-05 05:00:00+02:00
2025-05-05 04:00:00+00:00,BG.West.010,20.883333333333333,1015.4085,5.0161667,85.0,6.5,0.0,2025-05-05 06:00:00+02:00
2025-05-05 05:00:00+00:00,BG.West.010,20.7,1015.4085,5.7796664,85.05,21.85,0.0,2025-05-05 07:00:00+02:00
2025-05-05 06:00:00+00:00,BG.West.010,20.433333333333334,1015.4085,8.015,79.26666666666667,91.6,0.08195733,2025-05-05 08:00:00+02:00
2025-05-05 07:00:00+00:00,BG.West.010,20.55,1015.4085,10.229334,67.53333333333333,92.16666666666667,0.15646401,2025-05-05 09:00:00+02:00
2025-05-05 08:00:00+00:00,BG.West.010,20.766666666666666,1015.4085,11.381333,62.666666666666664,191.2,0.25332266,2025-05-05 10:00:00+02:00
2025-05-05 09:00:00+00:00,BG.West.010,21.066666666666666,1015.4085,11.975167,62.4,216.68333333333334,0.178816,2025-05-05 11:00:00+02:00
2025-05-05 10:00:00+00:00,BG.West.010,21.216666666666665,1015.4085,12.774,58.18333333333333,439.15,0.21606933,2025-05-05 12:00:00+02:00
2025-05-05 11:00:00+00:00,BG.West.010,21.38333333333333,1015.4085,14.029166,52.05,328.3,0.24587199,2025-05-05 13:00:00+02:00
2025-05-05 12:00:00+00:00,BG.West.010,21.53333333333333,1015.4085,14.725666,47.75,591.2666666666667,0.11921067,2025-05-05 14:00:00+02:00
2025-05-05 13:00:00+00:00,BG.West.010,21.816666666666666,1015.4085,16.553501,38.4,757.5166666666667,0.23842134,2025-05-05 15:00:00+02:00
2025-05-05 14:00:00+00:00,BG.West.010,21.983333333333334,1015.4085,16.763666,36.333333333333336,667.5833333333334,0.20861866,2025-05-05 16:00:00+02:00
2025-05-05 15:00:00+00:00,BG.West.010,22.0,1015.4085,16.513332,39.31666666666667,477.6,0.19371733,2025-05-05 17:00:00+02:00
2025-05-05 16:00:00+00:00,BG.West.010,21.816666666666666,1015.4085,15.334667,44.15,323.85,0.25332266,2025-05-05 18:00:00+02:00
2025-05-05 17:00:00+00:00,BG.West.010,21.433333333333334,1015.4085,14.083166,46.38333333333333,190.21666666666667,0.21606933,2025-05-05 19:00:00+02:00
2025-05-05 18:00:00+00:00,BG.West.010,21.083333333333332,1015.4085,11.761667,50.166666666666664,24.75,0.089408,2025-05-05 20:00:00+02:00
2025-05-05 19:00:00+00:00,BG.West.010,20.833333333333332,1015.4085,10.373,53.9,1.15,0.052154668,2025-05-05 21:00:00+02:00
2025-05-05 20:00:00+00:00,BG.West.010,20.533333333333335,1015.4085,9.554334,57.4,0.0,0.022352,2025-05-05 22:00:00+02:00
2025-05-05 21:00:00+00:00,BG.West.010,20.55,1015.4085,8.938167,62.6,0.0,0.0,2025-05-05 23:00:00+02:00
2025-05-05 22:00:00+00:00,BG.West.010,20.7,1015.4085,8.3914995,66.13333333333334,0.0,0.0,2025-05-06 00:00:00+02:00
2025-05-05 23:00:00+00:00,BG.West.010,20.666666666666668,1015.4085,7.9544997,67.15,0.0,0.0074506667,2025-05-06 01:00:00+02:00
2025-05-06 00:00:00+00:00,BG.West.010,20.55,1015.4085,7.552333,70.16666666666667,0.0,0.022352,2025-05-06 02:00:00+02:00
2025-05-06 01:00:00+00:00,BG.West.010,20.45,1015.4085,7.2535,74.18333333333334,0.0,0.0,2025-05-06 03:00:00+02:00
2025-05-06 02:00:00+00:00,BG.West.010,20.416666666666668,1015.4085,6.998,76.73333333333333,0.0,0.0074506667,2025-05-06 04:00:00+02:00
2025-05-06 03:00:00+00:00,BG.West.010,20.316666666666666,1015.4085,6.5905,78.7,0.0,0.0074506667,2025-05-06 05:00:00+02:00
2025-05-06 04:00:00+00:00,BG.West.010,20.216666666666665,1015.4085,6.2563334,80.0,6.65,0.0074506667,2025-05-06 06:00:00+02:00
2025-05-06 05:00:00+00:00,BG.West.010,20.150000000000002,1015.4085,7.2075,78.15,22.366666666666667,0.0074506667,2025-05-06 07:00:00+02:00
2025-05-06 06:00:00+00:00,BG.West.010,20.266666666666666,1015.4085,8.945167,71.1,88.2,0.10430933,2025-05-06 08:00:00+02:00
2025-05-06 07:00:00+00:00,BG.West.010,20.5,1015.4085,10.428166,62.28333333333333,70.03333333333333,0.052154664,2025-05-06 09:00:00+02:00
2025-05-06 08:00:00+00:00,BG.West.010,20.833333333333332,1015.4085,11.125167,59.53333333333333,191.4,0.089408,2025-05-06 10:00:00+02:00
2025-05-06 09:00:00+00:00,BG.West.010,21.283333333333335,1015.4085,12.630334,57.11666666666667,338.5,0.19371733,2025-05-06 11:00:00+02:00
2025-05-06 10:00:00+00:00,BG.West.010,21.516666666666666,1015.4085,13.203167,61.05,306.76666666666665,0.044704,2025-05-06 12:00:00+02:00
2025-05-06 11:00:00+00:00,BG.West.010,21.283333333333335,1015.4085,12.3758335,68.33333333333333,204.11666666666667,0.11176,2025-05-06 13:00:00+02:00
2025-05-06 12:00:00+00:00,BG.West.010,21.266666666666666,1015.4085,12.602666,71.93333333333334,265.31666666666666,0.11921067,2025-05-06 14:00:00+02:00
2025-05-06 13:00:00+00:00,BG.West.010,21.259999999999998,1015.4085,12.699167,73.2,182.43333333333334,0.10430933,2025-05-06 15:00:00+02:00
2025-05-06 14:00:00+00:00,BG.West.010,21.25,1015.4085,12.985167,72.21666666666667,138.95,0.17136532,2025-05-06 16:00:00+02:00
2025-05-06 15:00:00+00:00,BG.West.010,21.150000000000002,1015.4085,12.384833,72.86666666666666,93.06666666666666,0.25332266,2025-05-06 17:00:00+02:00
2025-05-06 16:00:00+00:00,BG.West.010,20.95,1015.4085,11.968,73.56666666666666,70.8,0.23842134,2025-05-06 18:00:00+02:00
2025-05-06 17:00:00+00:00,BG.West.010,20.7,1015.4085,11.4525,72.53333333333333,29.5,0.25332266,2025-05-06 19:00:00+02:00
2025-05-06 18:00:00+00:00,BG.West.010,20.483333333333334,1015.4085,10.882667,75.66666666666667,6.55,0.07450666,2025-05-06 20:00:00+02:00
2025-05-06 19:00:00+00:00,BG.West.010,20.2,1015.4085,10.806666,74.01666666666667,0.0,0.059605334,2025-05-06 21:00:00+02:00
2025-05-06 20:00:00+00:00,BG.West.010,20.1,1015.4085,10.6693325,77.25,0.0,0.0074506667,2025-05-06 22:00:00+02:00
2025-05-06 21:00:00+00:00,BG.West.010,20.150000000000002,1015.4085,10.211,81.63333333333334,0.0,0.0,2025-05-06 23:00:00+02:00
2025-05-06 22:00:00+00:00,BG.West.010,20.466666666666665,1015.4085,9.952167,76.98333333333333,0.0,0.17136532,2025-05-07 00:00:00+02:00
2025-05-06 23:00:00+00:00,BG.West.010,20.433333333333334,1015.4085,9.275,77.25,0.0,0.0149013335,2025-05-07 01:00:00+02:00
2025-05-07 00:00:00+00:00,BG.West.010,20.416666666666668,1015.4085,9.130334,77.63333333333334,0.0,0.0149013335,2025-05-07 02:00:00+02:00
2025-05-07 01:00:00+00:00,BG.West.010,20.316666666666666,1015.4085,9.3125,75.7,0.0,0.089408,2025-05-07 03:00:00+02:00
2025-05-07 02:00:00+00:00,BG.West.010,20.283333333333335,1015.4085,9.328167,72.36666666666666,0.0,0.052154664,2025-05-07 04:00:00+02:00
2025-05-07 03:00:00+00:00,BG.West.010,20.25,1015.4085,9.004,72.76666666666667,0.0,0.0149013335,2025-05-07 05:00:00+02:00
2025-05-07 04:00:00+00:00,BG.West.010,20.2,1015.4085,8.979,71.3,6.083333333333333,0.022352,2025-05-07 06:00:00+02:00
2025-05-07 05:00:00+00:00,BG.West.010,19.966666666666665,1015.4085,9.070833,71.63333333333334,32.21666666666667,0.029802667,2025-05-07 07:00:00+02:00
2025-05-07 06:00:00+00:00,BG.West.010,19.849999999999998,1015.4085,9.802167,71.46666666666667,89.61666666666666,0.029802667,2025-05-07 08:00:00+02:00
2025-05-07 07:00:00+00:00,BG.West.010,18.150000000000002,1015.4085,10.523334,70.31666666666666,127.6,0.11921067,2025-05-07 09:00:00+02:00
2025-05-07 08:00:00+00:00,BG.West.010,17.566666666666666,1015.4085,11.3975,69.03333333333333,177.43333333333334,0.052154664,2025-05-07 10:00:00+02:00
2025-05-07 09:00:00+00:00,BG.West.010,20.05,1015.4085,11.819667,68.7,200.06666666666666,0.0149013335,2025-05-07 11:00:00+02:00
2025-05-07 10:00:00+00:00,BG.West.010,20.933333333333334,1015.4085,12.4695,67.98333333333333,229.1,0.059605334,2025-05-07 12:00:00+02:00
2025-05-07 11:00:00+00:00,BG.West.010,21.05,1015.4085,13.393666,66.93333333333334,243.25,0.07450666,2025-05-07 13:00:00+02:00
2025-05-07 12:00:00+00:00,BG.West.010,21.259999999999998,1015.4085,14.0789995,66.35,303.05,0.0,2025-05-07 14:00:00+02:00
2025-05-07 13:00:00+00:00,BG.West.010,21.516666666666666,1015.4085,14.741667,64.86666666666666,453.3666666666667,0.16391467,2025-05-07 15:00:00+02:00
2025-05-07 14:00:00+00:00,BG.West.010,21.75,1015.4085,14.763834,65.9,371.71666666666664,0.29057598,2025-05-07 16:00:00+02:00
2025-05-07 15:00:00+00:00,BG.West.010,21.833333333333332,1015.4085,15.292001,65.16666666666667,425.0833333333333,0.26077333,2025-05-07 17:00:00+02:00
2025-05-07 16:00:00+00:00,BG.West.010,21.733333333333334,1015.4085,14.4605,67.86666666666666,173.01666666666668,0.23097067,2025-05-07 18:00:00+02:00
2025-05-07 17:00:00+00:00,BG.West.010,21.25,1015.4085,12.967,72.0,40.36666666666667,0.07450666,2025-05-07 19:00:00+02:00
2025-05-07 18:00:00+00:00,BG.West.010,20.833333333333332,1015.4085,12.194,73.98333333333333,23.25,0.03725333,2025-05-07 20:00:00+02:00
2025-05-07 19:00:00+00:00,BG.West.010,20.633333333333336,1015.4085,11.468167,74.0,1.7,0.03725333,2025-05-07 21:00:00+02:00
2025-05-07 20:00:00+00:00,BG.West.010,20.3,1015.4085,10.973333,75.13333333333334,0.0,0.0074506667,2025-05-07 22:00:00+02:00
2025-05-07 21:00:00+00:00,BG.West.010,20.183333333333334,1015.4085,10.0245,77.55,0.0,0.059605334,2025-05-07 23:00:00+02:00
2025-05-07 22:00:00+00:00,BG.West.010,20.316666666666666,1015.4085,9.469167,80.6,0.0,0.0149013335,2025-05-08 00:00:00+02:00
2025-05-07 23:00:00+00:00,BG.West.010,20.216666666666665,1015.4085,9.109166,82.58333333333333,0.0,0.0074506667,2025-05-08 01:00:00+02:00
2025-05-08 00:00:00+00:00,BG.West.010,20.2,1015.4085,8.957,83.81666666666666,0.0,0.022352,2025-05-08 02:00:00+02:00
2025-05-08 01:00:00+00:00,BG.West.010,20.166666666666668,1015.4085,8.671666,84.61666666666666,0.0,0.0,2025-05-08 03:00:00+02:00
2025-05-08 02:00:00+00:00,BG.West.010,20.016666666666666,1015.4085,8.284166,85.26666666666667,0.0,0.0,2025-05-08 04:00:00+02:00
2025-05-08 03:00:00+00:00,BG.West.010,19.983333333333334,1015.4085,8.1175,86.0,0.0,0.0,2025-05-08 05:00:00+02:00
2025-05-08 04:00:00+00:00,BG.West.010,20.016666666666666,1015.4085,8.159167,86.0,7.666666666666667,0.0,2025-05-08 06:00:00+02:00
2025-05-08 05:00:00+00:00,BG.West.010,19.849999999999998,1015.4085,8.493834,86.0,22.516666666666666,0.0,2025-05-08 07:00:00+02:00
2025-05-08 06:00:00+00:00,BG.West.010,19.98,1015.4085,9.572167,85.4,77.98333333333333,0.044704,2025-05-08 08:00:00+02:00
2025-05-08 07:00:00+00:00,BG.West.010,20.400000000000002,1015.4085,11.464499,82.83333333333333,74.66666666666667,0.17136532,2025-05-08 09:00:00+02:00
2025-05-08 08:00:00+00:00,BG.West.010,20.650000000000002,1015.4085,13.483334,77.0,324.9,0.044704,2025-05-08 10:00:00+02:00
2025-05-08 09:00:00+00:00,BG.West.010,21.25,1015.4085,15.826,67.38333333333334,590.1666666666666,0.052154664,2025-05-08 11:00:00+02:00
2025-05-08 10:00:00+00:00,BG.West.010,21.816666666666666,1015.4085,17.004665,58.31666666666667,431.4166666666667,0.0074506667,2025-05-08 12:00:00+02:00
2025-05-08 11:00:00+00:00,BG.West.010,21.7,1015.4085,16.594334,63.583333333333336,324.01666666666665,0.10430933,2025-05-08 13:00:00+02:00
2025-05-08 12:00:00+00:00,BG.West.010,21.616666666666664,1015.4085,16.319,67.06666666666666,358.23333333333335,0.059605334,2025-05-08 14:00:00+02:00
2025-05-08 13:00:00+00:00,BG.West.010,21.883333333333336,1015.4085,18.029667,61.8,551.5333333333333,0.096858665,2025-05-08 15:00:00+02:00
2025-05-08 14:00:00+00:00,BG.West.010,21.816666666666666,1015.4085,16.817167,64.48333333333333,223.23333333333332,0.14156267,2025-05-08 16:00:00+02:00
2025-05-08 15:00:00+00:00,BG.West.010,21.683333333333334,1015.4085,16.4135,63.983333333333334,165.83333333333334,0.059605334,2025-05-08 17:00:00+02:00
2025-05-08 16:00:00+00:00,BG.West.010,21.416666666666668,1015.4085,17.082832,59.333333333333336,257.0833333333333,0.022352,2025-05-08 18:00:00+02:00
2025-05-08 17:00:00+00:00,BG.West.010,21.3,1015.4085,17.898335,40.766666666666666,116.35,0.03725333,2025-05-08 19:00:00+02:00
2025-05-08 18:00:00+00:00,BG.West.010,21.016666666666666,1015.4085,16.0595,45.45,27.85,0.0,2025-05-08 20:00:00+02:00
2025-05-08 19:00:00+00:00,BG.West.010,20.916666666666668,1015.4085,14.665,51.38333333333333,1.9666666666666666,0.0,2025-05-08 21:00:00+02:00
2025-05-08 20:00:00+00:00,BG.West.010,20.616666666666667,1015.4085,13.888166,58.06666666666667,0.0,0.0,2025-05-08 22:00:00+02:00
2025-05-08 21:00:00+00:00,BG.West.010,20.566666666666666,1015.4085,12.9545,59.983333333333334,0.0,0.0,2025-05-08 23:00:00+02:00
2025-05-08 22:00:00+00:00,BG.West.010,20.733333333333334,1015.4085,12.0815,56.983333333333334,0.0,0.0,2025-05-09 00:00:00+02:00
2025-05-08 23:00:00+00:00,BG.West.010,20.7,1015.4085,10.8758335,59.666666666666664,0.0,0.0,2025-05-09 01:00:00+02:00
2025-05-09 00:00:00+00:00,BG.West.010,20.599999999999998,1015.4085,9.9818325,61.666666666666664,0.0,0.0,2025-05-09 02:00:00+02:00
2025-05-09 01:00:00+00:00,BG.West.010,20.466666666666665,1015.4085,9.230667,64.31666666666666,0.0,0.0,2025-05-09 03:00:00+02:00
2025-05-09 02:00:00+00:00,BG.West.010,20.38,1015.4085,8.5325,66.6,0.0,0.0,2025-05-09 04:00:00+02:00
2025-05-09 03:00:00+00:00,BG.West.010,20.266666666666666,1015.4085,8.014167,68.75,0.0,0.0,2025-05-09 05:00:00+02:00
2025-05-09 04:00:00+00:00,BG.West.010,20.166666666666668,1015.4085,7.756,70.48333333333333,7.966666666666667,0.0074506667,2025-05-09 06:00:00+02:00
2025-05-09 05:00:00+00:00,BG.West.010,19.766666666666666,1015.4085,8.220667,72.71666666666667,21.616666666666667,0.0,2025-05-09 07:00:00+02:00
2025-05-09 06:00:00+00:00,BG.West.010,19.983333333333334,1015.4085,10.403833,67.33333333333333,68.65,0.0074506667,2025-05-09 08:00:00+02:00
2025-05-09 07:00:00+00:00,BG.West.010,20.616666666666667,1015.4085,13.372334,56.68333333333333,59.016666666666666,0.029802667,2025-05-09 09:00:00+02:00
2025-05-09 08:00:00+00:00,BG.West.010,20.933333333333334,1015.4085,15.563833,47.233333333333334,313.1166666666667,0.38743466,2025-05-09 10:00:00+02:00
2025-05-09 09:00:00+00:00,BG.West.010,21.7,1015.4085,17.438168,39.86666666666667,645.55,0.7748693,2025-05-09 11:00:00+02:00
2025-05-09 10:00:00+00:00,BG.West.010,22.183333333333334,1015.4085,18.795834,37.06666666666667,760.8,0.603504,2025-05-09 12:00:00+02:00
2025-05-09 11:00:00+00:00,BG.West.010,22.133333333333336,1015.4085,19.526667,35.88333333333333,813.0166666666667,0.8642773,2025-05-09 13:00:00+02:00
2025-05-09 12:00:00+00:00,BG.West.010,22.416666666666668,1015.4085,20.239,35.2,798.6,1.0803467,2025-05-09 14:00:00+02:00
2025-05-09 13:00:00+00:00,BG.West.010,22.666666666666668,1015.4085,20.870667,34.11666666666667,750.4666666666667,0.7301653,2025-05-09 15:00:00+02:00
2025-05-09 14:00:00+00:00,BG.West.010,22.71666666666667,1015.4085,21.505499,33.833333333333336,585.0166666666667,0.43213865,2025-05-09 16:00:00+02:00
2025-05-09 15:00:00+00:00,BG.West.010,22.599999999999998,1015.4085,21.254,35.53333333333333,374.43333333333334,0.11176,2025-05-09 17:00:00+02:00
2025-05-09 16:00:00+00:00,BG.West.010,22.38333333333333,1015.4085,21.118666,36.916666666666664,359.6,0.11176,2025-05-09 18:00:00+02:00
2025-05-09 17:00:00+00:00,BG.West.010,22.233333333333334,1015.4085,20.583166,38.93333333333333,197.95,0.052154664,2025-05-09 19:00:00+02:00
2025-05-09 18:00:00+00:00,BG.West.010,21.916666666666668,1015.4085,18.583166,45.0,29.016666666666666,0.0,2025-05-09 20:00:00+02:00
2025-05-09 19:00:00+00:00,BG.West.010,21.55,1015.4085,16.586166,53.31666666666667,2.4833333333333334,0.0,2025-05-09 21:00:00+02:00
2025-05-09 20:00:00+00:00,BG.West.010,21.349999999999998,1015.4085,15.026,58.6,0.0,0.0,2025-05-09 22:00:00+02:00
2025-05-09 21:00:00+00:00,BG.West.010,21.416666666666668,1015.4085,14.251333,62.6,0.0,0.0149013335,2025-05-09 23:00:00+02:00
2025-05-09 22:00:00+00:00,BG.West.010,21.38,1015.4085,13.712833,62.9,0.0,0.0074506667,2025-05-10 00:00:00+02:00
2025-05-09 23:00:00+00:00,BG.West.010,21.266666666666666,1015.4085,12.590166,65.76666666666667,0.0,0.0,2025-05-10 01:00:00+02:00
2025-05-10 00:00:00+00:00,BG.West.010,21.2,1015.4085,11.5181675,68.98333333333333,0.0,0.0,2025-05-10 02:00:00+02:00
2025-05-10 01:00:00+00:00,BG.West.010,21.1,1015.4085,10.743834,71.35,0.0,0.0,2025-05-10 03:00:00+02:00
2025-05-10 02:00:00+00:00,BG.West.010,21.0,1015.4085,10.1915,72.68333333333334,0.0,0.0149013335,2025-05-10 04:00:00+02:00
2025-05-10 03:00:00+00:00,BG.West.010,20.883333333333333,1015.4085,9.4895,74.76666666666667,0.0,0.0,2025-05-10 05:00:00+02:00
2025-05-10 04:00:00+00:00,BG.West.010,20.833333333333332,1015.4085,9.072666,76.71666666666667,8.05,0.0,2025-05-10 06:00:00+02:00
2025-05-10 05:00:00+00:00,BG.West.010,20.833333333333332,1015.4085,9.601334,75.68333333333334,21.233333333333334,0.0,2025-05-10 07:00:00+02:00
2025-05-10 06:00:00+00:00,BG.West.010,20.916666666666668,1015.4085,11.605333,71.16666666666667,55.78333333333333,0.0,2025-05-10 08:00:00+02:00
2025-05-10 07:00:00+00:00,BG.West.010,21.166666666666668,1015.4085,14.2225,62.3,51.583333333333336,0.0149013335,2025-05-10 09:00:00+02:00
2025-05-10 08:00:00+00:00,BG.West.010,21.366666666666664,1015.4085,16.638166,53.35,279.73333333333335,0.14901333,2025-05-10 10:00:00+02:00
2025-05-10 09:00:00+00:00,BG.West.010,22.05,1015.4085,19.7275,40.96666666666667,640.65,0.19371733,2025-05-10 11:00:00+02:00
2025-05-10 10:00:00+00:00,BG.West.010,22.46666666666667,1015.4085,21.317167,35.56666666666667,761.2,0.36508268,2025-05-10 12:00:00+02:00
2025-05-10 11:00:00+00:00,BG.West.010,22.616666666666664,1015.4085,22.2515,34.4,803.8833333333333,0.54389864,2025-05-10 13:00:00+02:00
2025-05-10 12:00:00+00:00,BG.West.010,22.833333333333332,1015.4085,22.446001,33.46666666666667,796.2166666666667,0.78977066,2025-05-10 14:00:00+02:00
2025-05-10 13:00:00+00:00,BG.West.010,23.066666666666666,1015.4085,23.227667,31.716666666666665,747.85,0.7301653,2025-05-10 15:00:00+02:00
2025-05-10 14:00:00+00:00,BG.West.010,23.400000000000002,1015.4085,23.2375,30.316666666666666,651.5166666666667,1.274064,2025-05-10 16:00:00+02:00
2025-05-10 15:00:00+00:00,BG.West.010,23.566666666666666,1015.4085,23.187334,30.933333333333334,525.9166666666666,1.3262187,2025-05-10 17:00:00+02:00
2025-05-10 16:00:00+00:00,BG.West.010,23.566666666666666,1015.4085,23.233667,30.266666666666666,376.8333333333333,0.84937596,2025-05-10 18:00:00+02:00
2025-05-10 17:00:00+00:00,BG.West.010,23.333333333333332,1015.4085,22.733334,31.783333333333335,215.5,0.52154666,2025-05-10 19:00:00+02:00
2025-05-10 18:00:00+00:00,BG.West.010,22.983333333333334,1015.4085,21.0655,35.6,34.36666666666667,0.089408,2025-05-10 20:00:00+02:00
2025-05-10 19:00:00+00:00,BG.West.010,22.68,1015.9819,19.314833,40.63333333333333,2.45,0.0,2025-05-10 21:00:00+02:00
2025-05-10 20:00:00+00:00,BG.West.010,22.333333333333332,1016.8245,17.878834,45.0,0.0,0.0,2025-05-10 22:00:00+02:00
2025-05-10 21:00:00+00:00,BG.West.010,22.099999999999998,1016.8646,16.161167,53.7,0.0,0.0,2025-05-10 23:00:00+02:00
2025-05-10 22:00:00+00:00,BG.West.010,21.933333333333334,1016.8646,14.867666,58.81666666666667,0.0,0.0,2025-05-11 00:00:00+02:00
2025-05-10 23:00:00+00:00,BG.West.010,21.78333333333333,1016.8646,13.902833,63.78333333333333,0.0,0.0,2025-05-11 01:00:00+02:00
2025-05-11 00:00:00+00:00,BG.West.010,21.7,1016.8646,13.056334,66.7,0.0,0.0,2025-05-11 02:00:00+02:00
2025-05-11 01:00:00+00:00,BG.West.010,21.566666666666666,1016.8646,12.3984995,68.15,0.0,0.0,2025-05-11 03:00:00+02:00
2025-05-11 02:00:00+00:00,BG.West.010,21.46666666666667,1016.8646,11.631166,70.6,0.0,0.0,2025-05-11 04:00:00+02:00
2025-05-11 03:00:00+00:00,BG.West.010,21.416666666666668,1016.8646,10.9125,74.15,0.0,0.0,2025-05-11 05:00:00+02:00
2025-05-11 04:00:00+00:00,BG.West.010,21.38333333333333,1016.8646,10.640167,76.33333333333333,8.35,0.0,2025-05-11 06:00:00+02:00
2025-05-11 05:00:00+00:00,BG.West.010,21.38333333333333,1016.8646,11.321334,75.91666666666667,21.266666666666666,0.11176,2025-05-11 07:00:00+02:00
2025-05-11 06:00:00+00:00,BG.West.010,21.483333333333334,1016.8646,13.714833,69.68333333333334,54.43333333333333,0.156464,2025-05-11 08:00:00+02:00
2025-05-11 07:00:00+00:00,BG.West.010,21.71666666666667,1016.8646,16.435333,60.483333333333334,53.38333333333333,0.28312534,2025-05-11 09:00:00+02:00
2025-05-11 08:00:00+00:00,BG.West.010,22.016666666666666,1016.8646,18.6745,51.05,324.8666666666667,0.62585604,2025-05-11 10:00:00+02:00
2025-05-11 09:00:00+00:00,BG.West.010,22.7,1016.8646,21.192667,41.1,687.7333333333333,1.2517121,2025-05-11 11:00:00+02:00
2025-05-11 10:00:00+00:00,BG.West.010,23.083333333333332,1016.8646,23.001667,34.95,766.6166666666667,1.3783734,2025-05-11 12:00:00+02:00
2025-05-11 11:00:00+00:00,BG.West.010,23.233333333333334,1016.8646,24.383167,29.733333333333334,807.7666666666667,1.5050347,2025-05-11 13:00:00+02:00
2025-05-11 12:00:00+00:00,BG.West.010,23.599999999999998,1015.9057,25.203001,28.066666666666666,799.5,1.3262187,2025-05-11 14:00:00+02:00
2025-05-11 13:00:00+00:00,BG.West.010,24.05,1012.36127,25.831667,26.883333333333333,745.1166666666667,1.4230772,2025-05-11 15:00:00+02:00
2025-05-11 14:00:00+00:00,BG.West.010,24.3,1011.9916,26.375334,24.2,653.5666666666667,1.184656,2025-05-11 16:00:00+02:00
2025-05-11 15:00:00+00:00,BG.West.010,24.46666666666667,1011.3499,26.310167,22.566666666666666,527.3,1.1548533,2025-05-11 17:00:00+02:00
2025-05-11 16:00:00+00:00,BG.West.010,24.52,1011.0852,26.354334,23.9,376.35,0.66310936,2025-05-11 18:00:00+02:00
2025-05-11 17:00:00+00:00,BG.West.010,24.349999999999998,1010.91815,25.709002,25.583333333333332,216.16666666666666,0.6780107,2025-05-11 19:00:00+02:00
2025-05-11 18:00:00+00:00,BG.West.010,24.133333333333336,1010.63934,23.723,29.916666666666668,38.1,0.059605334,2025-05-11 20:00:00+02:00
2025-05-11 19:00:00+00:00,BG.West.010,23.78333333333333,1010.72345,21.484335,38.86666666666667,2.65,0.0,2025-05-11 21:00:00+02:00
2025-05-11 20:00:00+00:00,BG.West.010,23.333333333333332,1010.9661,19.5145,47.0,0.0,0.0074506667,2025-05-11 22:00:00+02:00
2025-05-11 21:00:00+00:00,BG.West.010,23.116666666666664,1011.28674,18.088999,53.43333333333333,0.0,0.0,2025-05-11 23:00:00+02:00
2025-05-11 22:00:00+00:00,BG.West.010,22.916666666666668,1011.4475,16.795332,59.233333333333334,0.0,0.0,2025-05-12 00:00:00+02:00
2025-05-11 23:00:00+00:00,BG.West.010,22.75,1011.5328,15.9175,62.85,0.0,0.0,2025-05-12 01:00:00+02:00
2025-05-12 00:00:00+00:00,BG.West.010,22.61666666666667,1011.54803,15.462999,65.65,0.0,0.0,2025-05-12 02:00:00+02:00
2025-05-12 01:00:00+00:00,BG.West.010,22.566666666666666,1011.54803,15.017333,67.08333333333333,0.0,0.0,2025-05-12 03:00:00+02:00
2025-05-12 02:00:00+00:00,BG.West.010,22.433333333333334,1011.64514,14.491834,68.08333333333333,0.0,0.0,2025-05-12 04:00:00+02:00
2025-05-12 03:00:00+00:00,BG.West.010,22.399999999999995,1011.76587,13.753833,70.13333333333334,0.0,0.0,2025-05-12 05:00:00+02:00
2025-05-12 04:00:00+00:00,BG.West.010,22.28333333333333,1011.8302,13.483334,70.91666666666667,8.433333333333334,0.029802667,2025-05-12 06:00:00+02:00
2025-05-12 05:00:00+00:00,BG.West.010,22.183333333333334,1012.2772,14.343333,67.71666666666667,21.366666666666667,0.17136532,2025-05-12 07:00:00+02:00
2025-05-12 06:00:00+00:00,BG.West.010,22.25,1012.46796,16.348,61.7,54.61666666666667,0.5737013,2025-05-12 08:00:00+02:00
2025-05-12 07:00:00+00:00,BG.West.010,22.96666666666667,1012.66547,18.2175,57.0,62.083333333333336,0.20861866,2025-05-12 09:00:00+02:00
2025-05-12 08:00:00+00:00,BG.West.010,23.55,1012.8484,19.642834,53.68333333333333,254.88333333333333,0.14156267,2025-05-12 10:00:00+02:00
2025-05-12 09:00:00+00:00,BG.West.010,24.333333333333332,1012.98724,21.659498,47.86666666666667,655.2166666666667,0.54389864,2025-05-12 11:00:00+02:00
2025-05-12 10:00:00+00:00,BG.West.010,24.75,1012.98553,23.738667,42.86666666666667,724.1166666666667,0.6407573,2025-05-12 12:00:00+02:00
2025-05-12 11:00:00+00:00,BG.West.010,24.96,1012.8055,24.684,36.43333333333333,801.5166666666667,1.1623039,2025-05-12 13:00:00+02:00
2025-05-12 12:00:00+00:00,BG.West.010,25.333333333333332,1012.72144,25.375668,34.85,796.25,1.1325014,2025-05-12 14:00:00+02:00
2025-05-12 13:00:00+00:00,BG.West.010,25.71666666666667,1012.7344,25.807167,31.966666666666665,747.9,1.0207413,2025-05-12 15:00:00+02:00
2025-05-12 14:00:00+00:00,BG.West.010,25.983333333333334,1012.665,25.888666,31.4,649.35,1.3187679,2025-05-12 16:00:00+02:00
2025-05-12 15:00:00+00:00,BG.West.010,25.96666666666667,1012.54193,25.96,31.633333333333333,521.1,0.871728,2025-05-12 17:00:00+02:00
2025-05-12 16:00:00+00:00,BG.West.010,25.766666666666666,1012.4945,25.367,31.683333333333334,376.46666666666664,0.66310936,2025-05-12 18:00:00+02:00
2025-05-12 17:00:00+00:00,BG.West.010,25.650000000000002,1012.48944,24.704,32.43333333333333,219.95,0.58860266,2025-05-12 19:00:00+02:00
2025-05-12 18:00:00+00:00,BG.West.010,25.2,1012.9551,22.608166,34.53333333333333,42.65,0.42468798,2025-05-12 20:00:00+02:00
2025-05-12 19:00:00+00:00,BG.West.010,24.616666666666664,1013.7633,20.549665,40.86666666666667,3.816666666666667,0.029802667,2025-05-12 21:00:00+02:00
2025-05-12 20:00:00+00:00,BG.West.010,24.016666666666666,1014.50885,18.631166,48.083333333333336,0.0,0.0,2025-05-12 22:00:00+02:00
2025-05-12 21:00:00+00:00,BG.West.010,23.61666666666667,1014.9903,17.2545,51.916666666666664,0.0,0.0,2025-05-12 23:00:00+02:00
2025-05-12 22:00:00+00:00,BG.West.010,23.5,1015.54675,16.132833,53.666666666666664,0.0,0.0,2025-05-13 00:00:00+02:00
2025-05-12 23:00:00+00:00,BG.West.010,23.349999999999998,1015.81604,15.157667,54.3,0.0,0.0,2025-05-13 01:00:00+02:00
2025-05-13 00:00:00+00:00,BG.West.010,23.3,1016.01575,14.228,56.43333333333333,0.0,0.0,2025-05-13 02:00:00+02:00
2025-05-13 01:00:00+00:00,BG.West.010,23.2,1016.49835,13.472,58.166666666666664,0.0,0.0,2025-05-13 03:00:00+02:00
2025-05-13 02:00:00+00:00,BG.West.010,23.100000000000005,1016.82684,12.979501,59.75,0.0,0.0,2025-05-13 04:00:00+02:00
2025-05-13 03:00:00+00:00,BG.West.010,22.96666666666667,1017.04016,12.2905,62.36666666666667,0.08333333333333333,0.0,2025-05-13 05:00:00+02:00
2025-05-13 04:00:00+00:00,BG.West.010,22.833333333333332,1017.46857,11.700666,64.76666666666667,13.166666666666666,0.0,2025-05-13 06:00:00+02:00
2025-05-13 05:00:00+00:00,BG.West.010,22.583333333333332,1017.9968,12.188833,63.6,24.866666666666667,0.10430933,2025-05-13 07:00:00+02:00
2025-05-13 06:00:00+00:00,BG.West.010,22.45,1018.3885,14.4415,54.55,59.2,0.26822397,2025-05-13 08:00:00+02:00
2025-05-13 07:00:00+00:00,BG.West.010,23.1,1018.63965,16.390001,48.56666666666667,68.01666666666667,0.47684267,2025-05-13 09:00:00+02:00
2025-05-13 08:00:00+00:00,BG.West.010,23.75,1018.7147,18.160833,42.75,248.55,0.92388266,2025-05-13 10:00:00+02:00
2025-05-13 09:00:00+00:00,BG.West.010,24.5,1018.70685,20.085333,36.63333333333333,575.3166666666667,0.8344746,2025-05-13 11:00:00+02:00
2025-05-13 10:00:00+00:00,BG.West.010,25.150000000000002,1018.612,21.894667,32.583333333333336,745.3,0.759968,2025-05-13 12:00:00+02:00
2025-05-13 11:00:00+00:00,BG.West.010,25.316666666666666,1018.5212,22.921333,28.733333333333334,826.7333333333333,0.715264,2025-05-13 13:00:00+02:00
2025-05-13 12:00:00+00:00,BG.West.010,25.599999999999998,1018.2666,23.790167,27.383333333333333,816.6833333333333,0.5960533,2025-05-13 14:00:00+02:00
2025-05-13 13:00:00+00:00,BG.West.010,25.766666666666666,1017.95337,24.532167,25.783333333333335,761.3666666666667,0.40978667,2025-05-13 15:00:00+02:00
2025-05-13 14:00:00+00:00,BG.West.010,25.899999999999995,1017.6836,24.841333,25.15,666.5833333333334,0.29057598,2025-05-13 16:00:00+02:00
2025-05-13 15:00:00+00:00,BG.West.010,25.88333333333333,1017.3455,24.781668,25.533333333333335,538.1166666666667,0.38743466,2025-05-13 17:00:00+02:00
2025-05-13 16:00:00+00:00,BG.West.010,25.766666666666666,1017.1231,24.9075,27.516666666666666,383.71666666666664,0.11921067,2025-05-13 18:00:00+02:00
2025-05-13 17:00:00+00:00,BG.West.010,25.516666666666666,1017.0379,23.863832,30.75,222.76666666666668,0.03725333,2025-05-13 19:00:00+02:00
2025-05-13 18:00:00+00:00,BG.West.010,24.916666666666668,1017.2823,21.465502,35.45,46.083333333333336,0.044704,2025-05-13 20:00:00+02:00
2025-05-13 19:00:00+00:00,BG.West.010,24.25,1017.5566,19.338001,40.333333333333336,3.45,0.0074506667,2025-05-13 21:00:00+02:00
2025-05-13 20:00:00+00:00,BG.West.010,23.666666666666668,1017.90424,17.614834,56.56666666666667,0.0,0.0074506667,2025-05-13 22:00:00+02:00
2025-05-13 21:00:00+00:00,BG.West.010,23.38333333333333,1018.467,16.197166,63.78333333333333,0.0,0.0074506667,2025-05-13 23:00:00+02:00
2025-05-13 22:00:00+00:00,BG.West.010,23.366666666666664,1018.86096,15.093833,67.45,0.0,0.0,2025-05-14 00:00:00+02:00
2025-05-13 23:00:00+00:00,BG.West.010,23.366666666666664,1018.967,14.122,71.9,0.0,0.0,2025-05-14 01:00:00+02:00
2025-05-14 00:00:00+00:00,BG.West.010,23.233333333333334,1019.0246,13.1665,75.46666666666667,0.0,0.0,2025-05-14 02:00:00+02:00
2025-05-14 01:00:00+00:00,BG.West.010,23.080000000000002,1019.0246,12.6985,75.73333333333333,0.0,0.0,2025-05-14 03:00:00+02:00
2025-05-14 02:00:00+00:00,BG.West.010,22.95,1019.20233,12.254667,75.31666666666666,0.0,0.0,2025-05-14 04:00:00+02:00
2025-05-14 03:00:00+00:00,BG.West.010,22.78333333333333,1019.13293,11.562834,77.11666666666666,0.0,0.0,2025-05-14 05:00:00+02:00
2025-05-14 04:00:00+00:00,BG.West.010,22.683333333333334,1019.208,11.244833,78.68333333333334,6.866666666666666,0.0,2025-05-14 06:00:00+02:00
2025-05-14 05:00:00+00:00,BG.West.010,22.416666666666668,1019.471,11.951,77.56666666666666,25.483333333333334,0.0149013335,2025-05-14 07:00:00+02:00
2025-05-14 06:00:00+00:00,BG.West.010,22.333333333333332,1019.5704,14.047667,70.91666666666667,59.05,0.029802667,2025-05-14 08:00:00+02:00
2025-05-14 07:00:00+00:00,BG.West.010,21.05,1019.79047,15.737834,65.83333333333333,72.38333333333334,0.03725333,2025-05-14 09:00:00+02:00
2025-05-14 08:00:00+00:00,BG.West.010,21.5,1020.0128,17.272,59.483333333333334,236.65,0.0,2025-05-14 10:00:00+02:00
2025-05-14 09:00:00+00:00,BG.West.010,22.05,1020.1308,18.4825,57.93333333333333,373.3666666666667,0.022352,2025-05-14 11:00:00+02:00
2025-05-14 10:00:00+00:00,BG.West.010,22.7,1020.1274,19.320333,53.516666666666666,455.98333333333335,0.044704,2025-05-14 12:00:00+02:00
2025-05-14 11:00:00+00:00,BG.West.010,22.75,1019.9948,19.279667,57.81666666666667,568.3333333333334,0.13411199,2025-05-14 13:00:00+02:00
2025-05-14 12:00:00+00:00,BG.West.010,23.133333333333336,1019.9457,19.899834,51.083333333333336,682.5833333333334,0.14901333,2025-05-14 14:00:00+02:00
2025-05-14 13:00:00+00:00,BG.West.010,23.116666666666664,1019.8723,19.992668,46.06666666666667,742.1,0.26077333,2025-05-14 15:00:00+02:00
2025-05-14 14:00:00+00:00,BG.West.010,22.883333333333336,1020.0868,19.171,48.53333333333333,663.75,0.28312534,2025-05-14 16:00:00+02:00
2025-05-14 15:00:00+00:00,BG.West.010,21.983333333333334,1020.168,17.2335,59.13333333333333,528.7333333333333,0.39488533,2025-05-14 17:00:00+02:00
2025-05-14 16:00:00+00:00,BG.West.010,21.25,1020.01,16.588,58.8,382.03333333333336,0.052154664,2025-05-14 18:00:00+02:00
2025-05-14 17:00:00+00:00,BG.West.010,20.75,1020.07043,15.369666,63.3,227.43333333333334,0.18626666,2025-05-14 19:00:00+02:00
2025-05-14 18:00:00+00:00,BG.West.010,22.083333333333332,1020.03033,13.660334,68.3,53.8,0.08195733,2025-05-14 20:00:00+02:00
2025-05-14 19:00:00+00:00,BG.West.010,22.099999999999998,1020.0823,12.191667,73.41666666666667,4.883333333333334,0.09685866,2025-05-14 21:00:00+02:00
2025-05-14 20:00:00+00:00,BG.West.010,21.919999999999998,1020.3594,11.583667,74.0,0.0,0.11176,2025-05-14 22:00:00+02:00
2025-05-14 21:00:00+00:00,BG.West.010,21.983333333333334,1020.2008,11.439834,73.16666666666667,0.0,0.044704,2025-05-14 23:00:00+02:00
2025-05-14 22:00:00+00:00,BG.West.010,22.2,1020.15735,11.5045,72.11666666666666,0.0,0.022352,2025-05-15 00:00:00+02:00
2025-05-14 23:00:00+00:00,BG.West.010,22.233333333333334,1020.0896,11.6925,71.66666666666667,0.0,0.029802667,2025-05-15 01:00:00+02:00
2025-05-15 00:00:00+00:00,BG.West.010,22.28333333333333,1019.8633,11.893666,73.08333333333333,0.0,0.029802667,2025-05-15 02:00:00+02:00
2025-05-15 01:00:00+00:00,BG.West.010,22.3,1019.73914,11.990001,74.0,0.0,0.029802667,2025-05-15 03:00:00+02:00
2025-05-15 02:00:00+00:00,BG.West.010,22.2,1019.5839,11.946,74.2,0.0,0.044704,2025-05-15 04:00:00+02:00
2025-05-15 03:00:00+00:00,BG.West.010,22.2,1019.44,11.769,74.38333333333334,0.0,0.08195733,2025-05-15 05:00:00+02:00
2025-05-15 04:00:00+00:00,BG.West.010,22.133333333333336,1019.6742,11.652666,74.13333333333334,6.933333333333334,0.059605334,2025-05-15 06:00:00+02:00
2025-05-15 05:00:00+00:00,BG.West.010,21.983333333333334,1020.0354,11.7890005,73.8,25.7,0.052154664,2025-05-15 07:00:00+02:00
2025-05-15 06:00:00+00:00,BG.West.010,21.816666666666666,1020.347,11.949833,74.43333333333334,55.71666666666667,0.0149013335,2025-05-15 08:00:00+02:00
2025-05-15 07:00:00+00:00,BG.West.010,22.0,1020.65796,12.7625,73.05,148.16666666666666,0.029802667,2025-05-15 09:00:00+02:00
2025-05-15 08:00:00+00:00,BG.West.010,22.683333333333334,1020.882,14.247499,67.73333333333333,238.83333333333334,0.052154664,2025-05-15 10:00:00+02:00
2025-05-15 09:00:00+00:00,BG.West.010,23.2,1021.16815,15.440166,65.81666666666666,301.45,0.06705599,2025-05-15 11:00:00+02:00
2025-05-15 10:00:00+00:00,BG.West.010,23.866666666666664,1021.2303,16.775501,64.15,724.1,0.11176,2025-05-15 12:00:00+02:00
2025-05-15 11:00:00+00:00,BG.West.010,24.05,1021.2161,17.606667,61.833333333333336,799.5166666666667,0.43213865,2025-05-15 13:00:00+02:00
2025-05-15 12:00:00+00:00,BG.West.010,22.900000000000002,1021.2743,18.336666,57.983333333333334,792.6,0.379984,2025-05-15 14:00:00+02:00
2025-05-15 13:00:00+00:00,BG.West.010,22.45,1021.0497,19.3255,50.016666666666666,714.6333333333333,0.30547732,2025-05-15 15:00:00+02:00
2025-05-15 21:00:00+00:00,BG.West.010,21.9,1024.1882,11.421499,67.4,0.0,0.022352,2025-05-15 23:00:00+02:00
2025-05-15 22:00:00+00:00,BG.West.010,21.95,1024.3988,10.776834,72.26666666666667,0.0,0.0,2025-05-16 00:00:00+02:00
2025-05-15 23:00:00+00:00,BG.West.010,21.899999999999995,1024.4259,10.246334,75.55,0.0,0.0,2025-05-16 01:00:00+02:00
2025-05-16 00:00:00+00:00,BG.West.010,21.88333333333333,1024.3435,9.673167,78.31666666666666,0.0,0.0,2025-05-16 02:00:00+02:00
2025-05-16 01:00:00+00:00,BG.West.010,21.9,1024.2001,9.218333,79.7,0.0,0.0,2025-05-16 03:00:00+02:00
2025-05-16 02:00:00+00:00,BG.West.010,21.88333333333333,1024.0754,8.7345,80.03333333333333,0.0,0.0,2025-05-16 04:00:00+02:00
2025-05-16 03:00:00+00:00,BG.West.010,21.75,1023.8282,8.475,81.55,0.0,0.0,2025-05-16 05:00:00+02:00
2025-05-16 04:00:00+00:00,BG.West.010,21.766666666666666,1023.5488,8.750501,82.95,10.2,0.0,2025-05-16 06:00:00+02:00
2025-05-16 05:00:00+00:00,BG.West.010,21.733333333333334,1023.51154,10.141001,82.38333333333334,22.9,0.0074506667,2025-05-16 07:00:00+02:00
2025-05-16 06:00:00+00:00,BG.West.010,21.566666666666666,1023.4212,11.9945,75.16666666666667,77.91666666666667,0.15646401,2025-05-16 08:00:00+02:00
2025-05-16 07:00:00+00:00,BG.West.010,19.7,1023.2948,13.044833,68.75,130.15,0.14901333,2025-05-16 09:00:00+02:00
2025-05-16 08:00:00+00:00,BG.West.010,20.599999999999998,1023.36536,13.405667,67.01666666666667,182.41666666666666,0.13411199,2025-05-16 10:00:00+02:00
2025-05-16 09:00:00+00:00,BG.West.010,22.233333333333334,1023.38855,14.116667,65.26666666666667,290.93333333333334,0.06705599,2025-05-16 11:00:00+02:00
2025-05-16 10:00:00+00:00,BG.West.010,22.96666666666667,1023.21466,15.019834,62.56666666666667,662.0666666666667,0.23097067,2025-05-16 12:00:00+02:00
2025-05-16 11:00:00+00:00,BG.West.010,23.349999999999998,1023.11926,15.631833,60.75,733.1833333333333,0.29057598,2025-05-16 13:00:00+02:00
2025-05-16 12:00:00+00:00,BG.West.010,23.5,1022.8546,15.925167,60.95,705.8166666666667,0.30547732,2025-05-16 14:00:00+02:00
2025-05-16 13:00:00+00:00,BG.West.010,23.349999999999998,1022.547,15.378833,61.583333333333336,509.35,0.290576,2025-05-16 15:00:00+02:00
2025-05-16 14:00:00+00:00,BG.West.010,23.116666666666664,1022.1288,14.077167,65.26666666666667,261.71666666666664,0.53644794,2025-05-16 16:00:00+02:00
2025-05-16 15:00:00+00:00,BG.West.010,22.650000000000002,1021.75745,13.313001,68.46666666666667,123.2,0.53644794,2025-05-16 17:00:00+02:00
2025-05-16 16:00:00+00:00,BG.West.010,22.233333333333334,1021.48083,12.835,71.13333333333334,56.86666666666667,0.21606933,2025-05-16 18:00:00+02:00
2025-05-16 17:00:00+00:00,BG.West.010,21.95,1021.3652,12.564667,73.05,28.533333333333335,0.12666133,2025-05-16 19:00:00+02:00
2025-05-16 18:00:00+00:00,BG.West.010,22.0,1021.2376,12.543,73.46666666666667,16.683333333333334,0.06705599,2025-05-16 20:00:00+02:00
2025-05-16 19:00:00+00:00,BG.West.010,21.933333333333334,1021.0654,12.4609995,74.38333333333334,0.6333333333333333,0.08195733,2025-05-16 21:00:00+02:00
2025-05-16 20:00:00+00:00,BG.West.010,21.866666666666664,1021.2246,12.312166,74.51666666666667,0.0,0.059605334,2025-05-16 22:00:00+02:00
2025-05-16 21:00:00+00:00,BG.West.010,21.740000000000002,1021.048,11.957167,75.9,0.0,0.0,2025-05-16 23:00:00+02:00
2025-05-16 22:00:00+00:00,BG.West.010,21.666666666666668,1021.01526,11.195167,79.15,0.0,0.0,2025-05-17 00:00:00+02:00
2025-05-16 23:00:00+00:00,BG.West.010,21.583333333333332,1020.8459,11.0035,81.76666666666667,0.0,0.0,2025-05-17 01:00:00+02:00
2025-05-17 00:00:00+00:00,BG.West.010,21.483333333333334,1020.6952,10.915166,82.93333333333334,0.0,0.0074506667,2025-05-17 02:00:00+02:00
2025-05-17 01:00:00+00:00,BG.West.010,21.399999999999995,1020.55975,10.768001,83.8,0.0,0.0,2025-05-17 03:00:00+02:00
2025-05-17 02:00:00+00:00,BG.West.010,21.333333333333332,1020.25214,10.637667,84.45,0.0,0.0,2025-05-17 04:00:00+02:00
2025-05-17 03:00:00+00:00,BG.West.010,21.3,1020.264,10.738333,85.03333333333333,0.0,0.0,2025-05-17 05:00:00+02:00
2025-05-17 04:00:00+00:00,BG.West.010,21.283333333333335,1020.3441,10.907834,86.0,13.033333333333333,0.0,2025-05-17 06:00:00+02:00
2025-05-17 05:00:00+00:00,BG.West.010,21.399999999999995,1020.6473,11.5175,86.0,36.68333333333333,0.0,2025-05-17 07:00:00+02:00
2025-05-17 06:00:00+00:00,BG.West.010,21.53333333333333,1020.755,12.526167,84.2,73.6,0.029802667,2025-05-17 08:00:00+02:00
2025-05-17 07:00:00+00:00,BG.West.010,21.633333333333336,1020.84143,13.7455,78.65,82.0,0.059605334,2025-05-17 09:00:00+02:00
2025-05-17 08:00:00+00:00,BG.West.010,21.8,1020.79395,14.584,74.31666666666666,187.86666666666667,0.23842134,2025-05-17 10:00:00+02:00
2025-05-17 09:00:00+00:00,BG.West.010,22.333333333333332,1020.95087,15.502833,70.21666666666667,436.81666666666666,0.11921067,2025-05-17 11:00:00+02:00
2025-05-17 10:00:00+00:00,BG.West.010,22.78333333333333,1020.90173,16.2225,65.96666666666667,709.6,0.24587199,2025-05-17 12:00:00+02:00
2025-05-17 11:00:00+00:00,BG.West.010,22.916666666666668,1020.7257,16.8935,61.63333333333333,816.9833333333333,0.201168,2025-05-17 13:00:00+02:00
2025-05-17 12:00:00+00:00,BG.West.010,23.133333333333336,1020.5236,16.694666,61.15,813.5333333333333,0.402336,2025-05-17 14:00:00+02:00
2025-05-17 13:00:00+00:00,BG.West.010,23.2,1020.3983,16.7215,61.766666666666666,766.6333333333333,0.26822397,2025-05-17 15:00:00+02:00
2025-05-17 14:00:00+00:00,BG.West.010,23.183333333333334,1020.2488,16.036,63.21666666666667,659.4666666666667,0.28312534,2025-05-17 16:00:00+02:00
2025-05-17 15:00:00+00:00,BG.West.010,23.133333333333336,1020.03143,15.2664995,65.66666666666667,549.85,0.357632,2025-05-17 17:00:00+02:00
2025-05-17 16:00:00+00:00,BG.West.010,22.816666666666666,1019.82886,14.0915,68.4,229.2,0.37253332,2025-05-17 18:00:00+02:00
2025-05-17 17:00:00+00:00,BG.West.010,22.366666666666664,1019.5438,12.711333,72.35,111.11666666666666,0.45449066,2025-05-17 19:00:00+02:00
2025-05-17 18:00:00+00:00,BG.West.010,21.883333333333336,1019.3378,11.939333,74.56666666666666,25.166666666666668,0.31292802,2025-05-17 20:00:00+02:00
2025-05-17 19:00:00+00:00,BG.West.010,21.683333333333334,1019.10815,11.906833,76.86666666666666,0.6666666666666666,0.13411199,2025-05-17 21:00:00+02:00
2025-05-17 20:00:00+00:00,BG.West.010,21.580000000000002,1019.0602,12.129666,78.93333333333334,0.0,0.11176,2025-05-17 22:00:00+02:00
2025-05-17 21:00:00+00:00,BG.West.010,21.7,1018.95685,12.408167,77.65,0.0,0.14156267,2025-05-17 23:00:00+02:00
2025-05-17 22:00:00+00:00,BG.West.010,21.55,1018.7074,12.261333,77.66666666666667,0.0,0.15646401,2025-05-18 00:00:00+02:00
2025-05-17 23:00:00+00:00,BG.West.010,21.483333333333334,1018.6476,12.079166,78.68333333333334,0.0,0.15646401,2025-05-18 01:00:00+02:00
2025-05-18 00:00:00+00:00,BG.West.010,21.400000000000002,1018.41565,11.910999,78.23333333333333,0.0,0.23842134,2025-05-18 02:00:00+02:00
2025-05-18 01:00:00+00:00,BG.West.010,21.45,1018.21466,11.844167,78.5,0.0,0.10430933,2025-05-18 03:00:00+02:00
2025-05-18 02:00:00+00:00,BG.West.010,21.366666666666664,1017.93585,11.747334,79.0,0.0,0.09685866,2025-05-18 04:00:00+02:00
2025-05-18 03:00:00+00:00,BG.West.010,21.25,1017.679,11.7075,78.55,0.0,0.178816,2025-05-18 05:00:00+02:00
2025-05-18 04:00:00+00:00,BG.West.010,21.25,1017.78296,11.726334,78.88333333333334,10.316666666666666,0.06705599,2025-05-18 06:00:00+02:00
2025-05-18 05:00:00+00:00,BG.West.010,21.349999999999998,1017.9579,12.205334,77.85,40.25,0.0,2025-05-18 07:00:00+02:00
2025-05-18 06:00:00+00:00,BG.West.010,21.483333333333334,1018.1351,12.376333,74.1,59.61666666666667,0.0074506667,2025-05-18 08:00:00+02:00
2025-05-18 07:00:00+00:00,BG.West.010,21.53333333333333,1018.3744,12.667167,72.65,88.86666666666666,0.0,2025-05-18 09:00:00+02:00
2025-05-18 08:00:00+00:00,BG.West.010,21.733333333333334,1018.612,13.365001,71.13333333333334,141.45,0.0074506667,2025-05-18 10:00:00+02:00
2025-05-18 09:00:00+00:00,BG.West.010,21.71666666666667,1018.7136,13.415,72.65,156.18333333333334,0.12666133,2025-05-18 11:00:00+02:00
2025-05-18 10:00:00+00:00,BG.West.010,22.21666666666667,1018.6532,14.5789995,71.08333333333333,381.6166666666667,0.13411199,2025-05-18 12:00:00+02:00
2025-05-18 11:00:00+00:00,BG.West.010,22.650000000000002,1018.43195,15.621667,68.6,415.23333333333335,0.11921067,2025-05-18 13:00:00+02:00
2025-05-18 12:00:00+00:00,BG.West.010,22.683333333333334,1018.0651,17.157833,64.5,676.75,0.07450666,2025-05-18 14:00:00+02:00
2025-05-18 13:00:00+00:00,BG.West.010,22.8,1017.97144,17.682001,63.21666666666667,650.4,0.178816,2025-05-18 15:00:00+02:00
2025-05-18 14:00:00+00:00,BG.West.010,22.916666666666668,1018.07416,17.59,63.2,564.7666666666667,0.20861866,2025-05-18 16:00:00+02:00
2025-05-18 15:00:00+00:00,BG.West.010,22.866666666666664,1018.10236,17.158834,65.23333333333333,455.8,0.19371733,2025-05-18 17:00:00+02:00
2025-05-18 16:00:00+00:00,BG.West.010,22.740000000000002,1018.0008,16.5725,67.45,373.3666666666667,0.12666133,2025-05-18 18:00:00+02:00
2025-05-18 17:00:00+00:00,BG.West.010,22.583333333333332,1018.18304,16.066833,69.86666666666666,223.93333333333334,0.12666133,2025-05-18 19:00:00+02:00
2025-05-18 18:00:00+00:00,BG.West.010,22.28333333333333,1018.5494,14.398,74.26666666666667,46.21666666666667,0.17136532,2025-05-18 20:00:00+02:00
2025-05-18 19:00:00+00:00,BG.West.010,21.916666666666668,1018.88464,12.899667,79.93333333333334,3.0,0.11176,2025-05-18 21:00:00+02:00
2025-05-18 20:00:00+00:00,BG.West.010,21.71666666666667,1019.2402,12.396833,82.33333333333333,0.0,0.029802667,2025-05-18 22:00:00+02:00
2025-05-18 21:00:00+00:00,BG.West.010,21.583333333333332,1019.5235,12.069333,83.61666666666666,0.0,0.0,2025-05-18 23:00:00+02:00
2025-05-18 22:00:00+00:00,BG.West.010,21.483333333333334,1019.71423,11.766666,84.38333333333334,0.0,0.0,2025-05-19 00:00:00+02:00
2025-05-18 23:00:00+00:00,BG.West.010,21.400000000000002,1019.8379,11.471,85.0,0.0,0.0,2025-05-19 01:00:00+02:00
2025-05-19 00:00:00+00:00,BG.West.010,21.333333333333332,1019.7956,11.106999,85.4,0.0,0.0,2025-05-19 02:00:00+02:00
2025-05-19 01:00:00+00:00,BG.West.010,21.233333333333334,1019.9191,10.504833,86.0,0.0,0.0,2025-05-19 03:00:00+02:00
2025-05-19 02:00:00+00:00,BG.West.010,21.183333333333334,1020.0242,10.0295,86.0,0.0,0.0,2025-05-19 04:00:00+02:00
2025-05-19 03:00:00+00:00,BG.West.010,21.016666666666666,1020.2318,9.6235,86.13333333333334,0.16666666666666666,0.0,2025-05-19 05:00:00+02:00
2025-05-19 04:00:00+00:00,BG.West.010,20.95,1020.3769,9.391333,86.56666666666666,10.833333333333334,0.0,2025-05-19 06:00:00+02:00
2025-05-19 05:00:00+00:00,BG.West.010,20.983333333333334,1020.5321,10.139001,86.95,22.983333333333334,0.0,2025-05-19 07:00:00+02:00
2025-05-19 06:00:00+00:00,BG.West.010,20.983333333333334,1020.80695,12.116834,85.8,54.56666666666667,0.0,2025-05-19 08:00:00+02:00
2025-05-19 07:00:00+00:00,BG.West.010,21.2,1021.0186,14.241166,79.58333333333333,74.63333333333334,0.044704,2025-05-19 09:00:00+02:00
2025-05-19 08:00:00+00:00,BG.West.010,21.416666666666668,1021.19696,16.134666,66.18333333333334,177.66666666666666,0.12666133,2025-05-19 10:00:00+02:00
2025-05-19 09:00:00+00:00,BG.West.010,22.28333333333333,1021.2043,18.400835,52.56666666666667,379.3,0.052154668,2025-05-19 11:00:00+02:00
2025-05-19 10:00:00+00:00,BG.West.010,22.916666666666668,1020.9317,19.578833,43.85,735.2833333333333,0.03725333,2025-05-19 12:00:00+02:00
2025-05-19 11:00:00+00:00,BG.West.010,23.166666666666668,1020.4689,20.905832,36.7,836.9333333333333,0.11921067,2025-05-19 13:00:00+02:00
2025-05-19 12:00:00+00:00,BG.West.010,23.32,1019.93726,21.701666,40.81666666666667,807.1166666666667,0.12666133,2025-05-19 14:00:00+02:00
2025-05-19 13:00:00+00:00,BG.West.010,23.516666666666666,1019.57715,20.979166,49.3,770.9833333333333,0.178816,2025-05-19 15:00:00+02:00
2025-05-19 14:00:00+00:00,BG.West.010,23.766666666666666,1019.2729,20.711334,48.85,672.6833333333333,0.30547732,2025-05-19 16:00:00+02:00
2025-05-19 15:00:00+00:00,BG.West.010,23.933333333333334,1018.9309,21.182001,47.916666666666664,543.5333333333333,0.052154664,2025-05-19 17:00:00+02:00
2025-05-19 16:00:00+00:00,BG.West.010,23.766666666666666,1018.5556,21.952,45.45,398.81666666666666,0.0149013335,2025-05-19 18:00:00+02:00
2025-05-19 17:00:00+00:00,BG.West.010,23.483333333333334,1018.56683,21.925999,46.31666666666667,232.06666666666666,0.052154664,2025-05-19 19:00:00+02:00
2025-05-19 18:00:00+00:00,BG.West.010,23.0,1018.77057,19.3105,56.766666666666666,70.53333333333333,0.0074506667,2025-05-19 20:00:00+02:00
2025-05-19 19:00:00+00:00,BG.West.010,22.46666666666667,1019.04205,17.170834,64.66666666666667,6.816666666666666,0.0,2025-05-19 21:00:00+02:00
2025-05-19 20:00:00+00:00,BG.West.010,22.083333333333332,1019.56415,15.929999,69.2,0.0,0.0149013335,2025-05-19 22:00:00+02:00
2025-05-19 21:00:00+00:00,BG.West.010,22.016666666666666,1019.7476,15.238833,67.6,0.0,0.0,2025-05-19 23:00:00+02:00
2025-05-19 22:00:00+00:00,BG.West.010,22.0,1019.71484,14.380833,70.65,0.0,0.0,2025-05-20 00:00:00+02:00
2025-05-19 23:00:00+00:00,BG.West.010,21.95,1019.6387,13.520333,74.51666666666667,0.0,0.0,2025-05-20 01:00:00+02:00
2025-05-20 00:00:00+00:00,BG.West.010,21.899999999999995,1019.71204,12.8715,78.25,0.0,0.0,2025-05-20 02:00:00+02:00
2025-05-20 01:00:00+00:00,BG.West.010,21.833333333333332,1019.6347,12.309333,80.43333333333334,0.0,0.0,2025-05-20 03:00:00+02:00
2025-05-20 02:00:00+00:00,BG.West.010,21.71666666666667,1019.46936,11.775833,82.53333333333333,0.0,0.0,2025-05-20 04:00:00+02:00
2025-05-20 03:00:00+00:00,BG.West.010,21.7,1019.24695,11.320001,83.35,0.3333333333333333,0.0,2025-05-20 05:00:00+02:00
2025-05-20 04:00:00+00:00,BG.West.010,21.666666666666668,1019.2063,11.1875,82.73333333333333,16.933333333333334,0.0,2025-05-20 06:00:00+02:00
2025-05-20 05:00:00+00:00,BG.West.010,21.650000000000002,1019.427,12.215667,78.61666666666666,39.2,0.0,2025-05-20 07:00:00+02:00
2025-05-20 06:00:00+00:00,BG.West.010,21.650000000000002,1019.56415,13.870333,68.68333333333334,65.85,0.0,2025-05-20 08:00:00+02:00
2025-05-20 07:00:00+00:00,BG.West.010,20.240000000000002,1019.7459,15.824499,57.36666666666667,73.2,0.0,2025-05-20 09:00:00+02:00
2025-05-20 08:00:00+00:00,BG.West.010,20.766666666666666,1019.77466,17.710167,49.333333333333336,170.38333333333333,0.0,2025-05-20 10:00:00+02:00
2025-05-20 09:00:00+00:00,BG.West.010,21.599999999999998,1019.7357,18.944334,45.7,434.1166666666667,0.022352,2025-05-20 11:00:00+02:00
2025-05-20 10:00:00+00:00,BG.West.010,22.583333333333332,1019.5207,19.807499,42.416666666666664,770.7666666666667,0.029802667,2025-05-20 12:00:00+02:00
2025-05-20 11:00:00+00:00,BG.West.010,23.05,1019.26276,20.344168,40.516666666666666,822.1166666666667,0.104309335,2025-05-20 13:00:00+02:00
2025-05-20 12:00:00+00:00,BG.West.010,23.433333333333334,1019.08105,20.640501,43.46666666666667,793.8,0.10430933,2025-05-20 14:00:00+02:00
2025-05-20 13:00:00+00:00,BG.West.010,23.116666666666664,1019.0562,19.836168,51.766666666666666,775.4,0.11176,2025-05-20 15:00:00+02:00
2025-05-20 14:00:00+00:00,BG.West.010,22.5,1019.0048,18.188833,58.55,680.9666666666667,0.29802665,2025-05-20 16:00:00+02:00
2025-05-20 15:00:00+00:00,BG.West.010,21.849999999999998,1018.78357,17.915998,60.516666666666666,557.3,0.14901333,2025-05-20 17:00:00+02:00
2025-05-20 16:00:00+00:00,BG.West.010,22.05,1018.51154,17.110666,64.28333333333333,410.18333333333334,0.201168,2025-05-20 18:00:00+02:00
2025-05-20 17:00:00+00:00,BG.West.010,22.733333333333334,1018.2683,16.3985,67.11666666666666,251.51666666666668,0.13411199,2025-05-20 19:00:00+02:00
2025-05-20 18:00:00+00:00,BG.West.010,22.333333333333332,1018.30383,14.853,71.71666666666667,68.35,0.052154664,2025-05-20 20:00:00+02:00
2025-05-20 19:00:00+00:00,BG.West.010,22.0,1018.2852,13.165667,77.98333333333333,6.3,0.12666133,2025-05-20 21:00:00+02:00
2025-05-20 20:00:00+00:00,BG.West.010,21.816666666666666,1018.3366,12.374666,81.33333333333333,0.0,0.0,2025-05-20 22:00:00+02:00
2025-05-20 21:00:00+00:00,BG.West.010,21.650000000000002,1018.384,11.8085,83.25,0.0,0.0,2025-05-20 23:00:00+02:00
2025-05-20 22:00:00+00:00,BG.West.010,21.683333333333334,1018.1458,11.533667,84.0,0.0,0.0,2025-05-21 00:00:00+02:00
2025-05-20 23:00:00+00:00,BG.West.010,21.616666666666664,1017.7265,11.212333,84.38333333333334,0.0,0.0,2025-05-21 01:00:00+02:00
2025-05-21 00:00:00+00:00,BG.West.010,21.600000000000005,1017.2225,11.228666,85.0,0.0,0.0,2025-05-21 02:00:00+02:00
2025-05-21 01:00:00+00:00,BG.West.010,21.600000000000005,1016.7247,10.573667,85.06666666666666,0.0,0.0,2025-05-21 03:00:00+02:00
2025-05-21 02:00:00+00:00,BG.West.010,21.583333333333332,1016.43396,10.2369995,86.0,0.0,0.0,2025-05-21 04:00:00+02:00
2025-05-21 03:00:00+00:00,BG.West.010,21.516666666666666,1016.03326,10.381166,86.0,0.16666666666666666,0.0,2025-05-21 05:00:00+02:00
2025-05-21 04:00:00+00:00,BG.West.010,21.53333333333333,1015.8978,11.038166,86.0,16.116666666666667,0.0,2025-05-21 06:00:00+02:00
2025-05-21 05:00:00+00:00,BG.West.010,21.45,1015.9074,11.9425,85.48333333333333,35.61666666666667,0.059605334,2025-05-21 07:00:00+02:00
2025-05-21 06:00:00+00:00,BG.West.010,21.616666666666664,1015.8019,13.523167,79.31666666666666,105.33333333333333,0.044704,2025-05-21 08:00:00+02:00
2025-05-21 07:00:00+00:00,BG.West.010,21.833333333333332,1015.67596,14.697333,70.33333333333333,141.03333333333333,0.10430933,2025-05-21 09:00:00+02:00
2025-05-21 08:00:00+00:00,BG.West.010,22.21666666666667,1015.52423,15.521334,66.61666666666666,190.56666666666666,0.19371732,2025-05-21 10:00:00+02:00
2025-05-21 09:00:00+00:00,BG.West.010,22.983333333333334,1015.49146,16.334833,62.65,312.51666666666665,0.24587199,2025-05-21 11:00:00+02:00
2025-05-21 10:00:00+00:00,BG.West.010,23.433333333333334,1015.3712,16.321499,64.81666666666666,408.01666666666665,0.36508268,2025-05-21 12:00:00+02:00
2025-05-21 11:00:00+00:00,BG.West.010,23.433333333333334,1015.2166,16.029333,68.83333333333333,359.15,0.201168,2025-05-21 13:00:00+02:00
2025-05-21 12:00:00+00:00,BG.West.010,23.150000000000002,1015.14154,15.4713335,69.96666666666667,380.05,0.178816,2025-05-21 14:00:00+02:00
2025-05-21 13:00:00+00:00,BG.West.010,23.25,1015.106,15.692,65.68333333333334,531.4333333333333,0.357632,2025-05-21 15:00:00+02:00
2025-05-21 14:00:00+00:00,BG.West.010,22.95,1015.13477,14.674833,65.98333333333333,367.6,0.29057598,2025-05-21 16:00:00+02:00
2025-05-21 15:00:00+00:00,BG.West.010,22.82,1014.9361,14.173,64.25,279.05,0.20861866,2025-05-21 17:00:00+02:00
2025-05-21 16:00:00+00:00,BG.West.010,22.333333333333332,1014.5873,13.472667,66.1,167.3,0.14901333,2025-05-21 18:00:00+02:00
2025-05-21 17:00:00+00:00,BG.West.010,22.016666666666666,1014.5094,12.820499,66.55,73.28333333333333,0.178816,2025-05-21 19:00:00+02:00
2025-05-21 18:00:00+00:00,BG.West.010,21.900000000000002,1014.6612,12.7115,65.9,46.4,0.089408,2025-05-21 20:00:00+02:00
2025-05-21 19:00:00+00:00,BG.West.010,21.5,1014.9671,12.0859995,66.05,5.416666666666667,0.059605334,2025-05-21 21:00:00+02:00
2025-05-21 20:00:00+00:00,BG.West.010,21.183333333333334,1015.1918,12.017,66.3,0.0,0.0074506667,2025-05-21 22:00:00+02:00
2025-05-21 21:00:00+00:00,BG.West.010,21.033333333333335,1015.0851,11.6375,68.4,0.0,0.0,2025-05-21 23:00:00+02:00
2025-05-21 22:00:00+00:00,BG.West.010,21.2,1015.1449,11.398833,70.6,0.0,0.0,2025-05-22 00:00:00+02:00
2025-05-21 23:00:00+00:00,BG.West.010,21.2,1015.19293,10.9075,73.3,0.0,0.0,2025-05-22 01:00:00+02:00
2025-05-22 00:00:00+00:00,BG.West.010,21.150000000000002,1015.09186,10.500167,74.21666666666667,0.0,0.0,2025-05-22 02:00:00+02:00
2025-05-22 01:00:00+00:00,BG.West.010,21.116666666666667,1014.98065,10.574,73.81666666666666,0.0,0.0074506667,2025-05-22 03:00:00+02:00
2025-05-22 02:00:00+00:00,BG.West.010,21.083333333333332,1014.7961,11.12,71.58333333333333,0.0,0.059605334,2025-05-22 04:00:00+02:00
2025-05-22 03:00:00+00:00,BG.West.010,21.1,1014.71423,11.281333,69.7,0.5,0.0,2025-05-22 05:00:00+02:00
2025-05-22 04:00:00+00:00,BG.West.010,21.133333333333336,1014.80963,11.3365,72.06666666666666,11.733333333333333,0.044704,2025-05-22 06:00:00+02:00
2025-05-22 05:00:00+00:00,BG.West.010,20.900000000000002,1015.20355,11.619167,69.71666666666667,27.983333333333334,0.08195733,2025-05-22 07:00:00+02:00
2025-05-22 06:00:00+00:00,BG.West.010,20.650000000000002,1015.8588,11.045333,72.86666666666666,52.016666666666666,0.11921067,2025-05-22 08:00:00+02:00
2025-05-22 07:00:00+00:00,BG.West.010,20.983333333333334,1016.3934,11.8105,65.86666666666666,147.11666666666667,0.13411199,2025-05-22 09:00:00+02:00
2025-05-22 08:00:00+00:00,BG.West.010,21.45,1016.5147,12.439166,58.95,173.48333333333332,0.24587199,2025-05-22 10:00:00+02:00
2025-05-22 09:00:00+00:00,BG.West.010,22.2,1016.846,13.366166,50.516666666666666,407.73333333333335,0.26822397,2025-05-22 11:00:00+02:00
2025-05-22 10:00:00+00:00,BG.West.010,22.766666666666666,1017.1491,14.044666,49.7,657.8166666666667,0.245872,2025-05-22 12:00:00+02:00
2025-05-22 11:00:00+00:00,BG.West.010,22.46,1017.2428,14.334333,51.11666666666667,589.45,0.21606933,2025-05-22 13:00:00+02:00
2025-05-22 12:00:00+00:00,BG.West.010,22.433333333333334,1017.3449,14.793667,50.68333333333333,730.1,0.33528,2025-05-22 14:00:00+02:00
2025-05-22 13:00:00+00:00,BG.West.010,22.666666666666668,1017.5893,13.682333,56.85,432.3,0.44704,2025-05-22 15:00:00+02:00
2025-05-22 14:00:00+00:00,BG.West.010,22.71666666666667,1017.6497,14.336667,51.85,576.95,0.47684267,2025-05-22 16:00:00+02:00
2025-05-22 15:00:00+00:00,BG.West.010,22.616666666666664,1017.8856,14.221,50.2,380.56666666666666,0.36508265,2025-05-22 17:00:00+02:00
2025-05-22 16:00:00+00:00,BG.West.010,22.46666666666667,1017.9951,13.3845005,52.833333333333336,278.28333333333336,0.5737013,2025-05-22 18:00:00+02:00
2025-05-22 17:00:00+00:00,BG.West.010,22.03333333333333,1018.17065,13.278833,53.43333333333333,178.36666666666667,0.201168,2025-05-22 19:00:00+02:00
2025-05-22 18:00:00+00:00,BG.West.010,21.583333333333332,1018.3575,12.140333,59.63333333333333,86.63333333333334,0.32782933,2025-05-22 20:00:00+02:00
2025-05-22 19:00:00+00:00,BG.West.010,21.133333333333333,1018.5166,11.394667,61.21666666666667,9.5,0.089408,2025-05-22 21:00:00+02:00
2025-05-22 20:00:00+00:00,BG.West.010,20.566666666666666,1018.67865,10.812166,63.5,0.0,0.178816,2025-05-22 22:00:00+02:00
2025-05-22 21:00:00+00:00,BG.West.010,20.55,1018.51324,10.160833,69.63333333333334,0.0,0.28312534,2025-05-22 23:00:00+02:00
2025-05-22 22:00:00+00:00,BG.West.010,20.7,1018.23615,10.132,69.5,0.0,0.14156267,2025-05-23 00:00:00+02:00
2025-05-22 23:00:00+00:00,BG.West.010,20.7,1018.0222,10.1855,67.41666666666667,0.0,0.23842134,2025-05-23 01:00:00+02:00
2025-05-23 00:00:00+00:00,BG.West.010,20.7,1017.7846,10.280666,66.15,0.0,0.27567467,2025-05-23 02:00:00+02:00
2025-05-23 01:00:00+00:00,BG.West.010,20.683333333333334,1017.51086,9.7255,70.91666666666667,0.0,0.06705599,2025-05-23 03:00:00+02:00
2025-05-23 02:00:00+00:00,BG.West.010,20.633333333333336,1017.32294,9.5345,71.08333333333333,0.0,0.15646401,2025-05-23 04:00:00+02:00
2025-05-23 03:00:00+00:00,BG.West.010,20.483333333333334,1017.2529,8.758667,78.05,0.55,0.12666133,2025-05-23 05:00:00+02:00
2025-05-23 04:00:00+00:00,BG.West.010,20.466666666666665,1017.23206,9.1075,75.71666666666667,16.833333333333332,0.21606933,2025-05-23 06:00:00+02:00
2025-05-23 05:00:00+00:00,BG.West.010,20.383333333333333,1017.4206,9.970333,72.1,36.68333333333333,0.37253332,2025-05-23 07:00:00+02:00
2025-05-23 06:00:00+00:00,BG.West.010,20.25,1017.61926,10.5633335,68.68333333333334,111.13333333333334,0.51409596,2025-05-23 08:00:00+02:00
2025-05-23 07:00:00+00:00,BG.West.010,20.3,1017.92175,10.5925,70.15,113.03333333333333,0.491744,2025-05-23 09:00:00+02:00
2025-05-23 08:00:00+00:00,BG.West.010,20.566666666666666,1018.05664,11.532667,66.11666666666666,179.91666666666666,0.9685867,2025-05-23 10:00:00+02:00
2025-05-23 09:00:00+00:00,BG.West.010,20.483333333333334,1018.2598,12.0215,66.71666666666667,279.3833333333333,0.78231996,2025-05-23 11:00:00+02:00
2025-05-23 10:00:00+00:00,BG.West.010,21.616666666666664,1018.248,13.084167,58.75,618.25,1.095248,2025-05-23 12:00:00+02:00
2025-05-23 11:00:00+00:00,BG.West.010,21.88333333333333,1018.32245,13.5275,53.21666666666667,569.3666666666667,1.0430933,2025-05-23 13:00:00+02:00
2025-05-23 12:00:00+00:00,BG.West.010,21.900000000000002,1018.5183,13.4485,54.016666666666666,530.2333333333333,0.8866293,2025-05-23 14:00:00+02:00
2025-05-23 13:00:00+00:00,BG.West.010,22.25,1018.6549,13.802334,54.81666666666667,420.1333333333333,1.1474026,2025-05-23 15:00:00+02:00
2025-05-23 14:00:00+00:00,BG.West.010,22.016666666666666,1018.70795,12.895167,58.85,266.95,1.0356426,2025-05-23 16:00:00+02:00
2025-05-23 15:00:00+00:00,BG.West.010,22.016666666666666,1018.6165,13.8835,54.06666666666667,426.68333333333334,0.759968,2025-05-23 17:00:00+02:00
2025-05-23 16:00:00+00:00,BG.West.010,21.816666666666666,1018.5804,13.709834,53.35,350.2,0.5737013,2025-05-23 18:00:00+02:00
2025-05-23 17:00:00+00:00,BG.West.010,21.666666666666668,1018.5832,13.818666,55.36666666666667,248.53333333333333,0.28312534,2025-05-23 19:00:00+02:00
2025-05-23 18:00:00+00:00,BG.West.010,21.483333333333334,1018.7553,12.535167,60.45,77.23333333333333,0.379984,2025-05-23 20:00:00+02:00
2025-05-23 19:00:00+00:00,BG.West.010,21.099999999999998,1018.8728,11.566166,64.65,7.883333333333334,0.022352,2025-05-23 21:00:00+02:00
2025-05-23 20:00:00+00:00,BG.West.010,20.733333333333334,1018.73505,10.378,70.11666666666666,0.0,0.0,2025-05-23 22:00:00+02:00
2025-05-23 21:00:00+00:00,BG.West.010,20.866666666666664,1018.26263,9.0875,76.36666666666666,0.0,0.0,2025-05-23 23:00:00+02:00
2025-05-23 22:00:00+00:00,BG.West.010,20.7,1017.661,8.753167,80.1,0.0,0.0074506667,2025-05-24 00:00:00+02:00
2025-05-23 23:00:00+00:00,BG.West.010,20.583333333333332,1017.15985,9.000167,81.01666666666667,0.0,0.0,2025-05-24 01:00:00+02:00
2025-05-24 00:00:00+00:00,BG.West.010,20.483333333333334,1016.32904,9.604334,80.21666666666667,0.0,0.089408,2025-05-24 02:00:00+02:00
2025-05-24 01:00:00+00:00,BG.West.010,20.466666666666665,1015.56256,10.598499,74.28333333333333,0.0,0.14156267,2025-05-24 03:00:00+02:00
2025-05-24 02:00:00+00:00,BG.West.010,20.439999999999998,1014.91864,10.848333,69.11666666666666,0.0,0.096858665,2025-05-24 04:00:00+02:00
2025-05-24 03:00:00+00:00,BG.West.010,20.416666666666668,1014.3254,11.242833,66.71666666666667,1.1,0.052154664,2025-05-24 05:00:00+02:00
2025-05-24 04:00:00+00:00,BG.West.010,20.4,1013.8096,11.584,66.88333333333334,20.516666666666666,0.096858665,2025-05-24 06:00:00+02:00
2025-05-24 05:00:00+00:00,BG.West.010,20.45,1013.511,12.146833,69.36666666666666,40.55,0.21606933,2025-05-24 07:00:00+02:00
2025-05-24 06:00:00+00:00,BG.West.010,20.566666666666666,1013.2294,12.924,73.56666666666666,71.65,0.54389864,2025-05-24 08:00:00+02:00
2025-05-24 07:00:00+00:00,BG.West.010,20.683333333333334,1012.9336,14.026334,76.31666666666666,130.6,0.72271466,2025-05-24 09:00:00+02:00
2025-05-24 08:00:00+00:00,BG.West.010,20.933333333333334,1013.14417,14.267333,76.0,150.88333333333333,1.0579946,2025-05-24 10:00:00+02:00
2025-05-24 09:00:00+00:00,BG.West.010,20.833333333333332,1013.05835,13.4705,81.98333333333333,103.51666666666667,0.5588,2025-05-24 11:00:00+02:00
2025-05-24 10:00:00+00:00,BG.West.010,20.816666666666666,1012.53455,13.207833,84.0,114.05,0.46194133,2025-05-24 12:00:00+02:00
2025-05-24 11:00:00+00:00,BG.West.010,20.7,1012.0836,12.765333,85.06666666666666,62.083333333333336,0.871728,2025-05-24 13:00:00+02:00
2025-05-24 12:00:00+00:00,BG.West.010,20.616666666666667,1011.6942,12.677833,85.96666666666667,48.083333333333336,0.54389864,2025-05-24 14:00:00+02:00
2025-05-24 13:00:00+00:00,BG.West.010,20.6,1011.46844,13.142834,86.0,42.5,0.0,2025-05-24 15:00:00+02:00
2025-05-24 14:00:00+00:00,BG.West.010,20.683333333333334,1011.16534,14.1335,86.31666666666666,30.083333333333332,0.0,2025-05-24 16:00:00+02:00
2025-05-24 15:00:00+00:00,BG.West.010,20.766666666666666,1010.8431,15.042001,86.01666666666667,66.78333333333333,0.0,2025-05-24 17:00:00+02:00
2025-05-24 16:00:00+00:00,BG.West.010,20.883333333333333,1010.8549,15.613667,86.0,77.76666666666667,0.34273064,2025-05-24 18:00:00+02:00
2025-05-24 17:00:00+00:00,BG.West.010,20.883333333333333,1010.6613,15.921666,85.58333333333333,39.416666666666664,0.37253332,2025-05-24 19:00:00+02:00
2025-05-24 18:00:00+00:00,BG.West.010,20.783333333333335,1010.6331,15.661166,85.0,17.816666666666666,0.65565866,2025-05-24 20:00:00+02:00
2025-05-24 19:00:00+00:00,BG.West.010,20.650000000000002,1010.74316,15.232667,85.03333333333333,2.3666666666666667,0.53644794,2025-05-24 21:00:00+02:00
2025-05-24 20:00:00+00:00,BG.West.010,20.6,1010.6856,14.940833,85.96666666666667,0.0,0.65565866,2025-05-24 22:00:00+02:00
2025-05-24 21:00:00+00:00,BG.West.010,20.5,1010.46606,14.827666,86.0,0.0,0.55134934,2025-05-24 23:00:00+02:00
2025-05-24 22:00:00+00:00,BG.West.010,20.483333333333334,1010.334,14.7325,86.0,0.0,0.58115196,2025-05-25 00:00:00+02:00
2025-05-24 23:00:00+00:00,BG.West.010,20.416666666666668,1010.21716,14.646,86.0,0.0,0.9909386,2025-05-25 01:00:00+02:00
2025-05-25 00:00:00+00:00,BG.West.010,20.36,1009.7301,14.4165,86.0,0.0,1.139952,2025-05-25 02:00:00+02:00
2025-05-25 01:00:00+00:00,BG.West.010,20.383333333333333,1009.09174,14.587,86.0,0.0,0.85682666,2025-05-25 03:00:00+02:00
2025-05-25 02:00:00+00:00,BG.West.010,20.366666666666664,1008.406,14.977666,85.36666666666666,0.0,1.2368107,2025-05-25 04:00:00+02:00
2025-05-25 03:00:00+00:00,BG.West.010,20.4,1008.0352,15.054334,83.33333333333333,0.0,1.7211039,2025-05-25 05:00:00+02:00
2025-05-25 04:00:00+00:00,BG.West.010,20.333333333333332,1008.0188,14.322666,84.93333333333334,6.433333333333334,1.6018933,2025-05-25 06:00:00+02:00
2025-05-25 05:00:00+00:00,BG.West.010,20.233333333333334,1007.78235,14.210833,86.0,17.733333333333334,0.9760373,2025-05-25 07:00:00+02:00
2025-05-25 06:00:00+00:00,BG.West.010,20.266666666666666,1007.6384,14.2475,86.21666666666667,20.133333333333333,0.53644794,2025-05-25 08:00:00+02:00
2025-05-25 07:00:00+00:00,BG.West.010,20.349999999999998,1007.58875,14.435166,86.45,72.83333333333333,0.11176,2025-05-25 09:00:00+02:00
2025-05-25 08:00:00+00:00,BG.West.010,20.55,1007.4646,14.880167,85.9,96.08333333333333,1.6242453,2025-05-25 10:00:00+02:00
2025-05-25 09:00:00+00:00,BG.West.010,20.7,1007.38104,15.801666,81.9,211.41666666666666,1.7136533,2025-05-25 11:00:00+02:00
2025-05-25 10:00:00+00:00,BG.West.010,20.3,1007.7965,16.829334,78.48333333333333,291.6666666666667,1.8924693,2025-05-25 12:00:00+02:00
2025-05-25 11:00:00+00:00,BG.West.010,20.466666666666665,1008.11755,17.708668,74.51666666666667,581.8333333333334,1.385824,2025-05-25 13:00:00+02:00
2025-05-25 12:00:00+00:00,BG.West.010,20.516666666666666,1008.26044,17.747166,72.9,298.4,1.3709226,2025-05-25 14:00:00+02:00
2025-05-25 13:00:00+00:00,BG.West.010,20.483333333333334,1008.5759,17.8375,73.16666666666667,351.65,1.5795413,2025-05-25 15:00:00+02:00
2025-05-25 14:00:00+00:00,BG.West.010,20.583333333333332,1008.9958,17.631834,72.91666666666667,258.68333333333334,1.6614987,2025-05-25 16:00:00+02:00
2025-05-25 15:00:00+00:00,BG.West.010,20.366666666666667,1009.7374,17.117334,72.38333333333334,332.3666666666667,1.430528,2025-05-25 17:00:00+02:00
2025-05-25 16:00:00+00:00,BG.West.010,20.0,1009.9903,17.316334,71.73333333333333,310.3666666666667,0.54389864,2025-05-25 18:00:00+02:00
2025-05-25 17:00:00+00:00,BG.West.010,19.7,1010.6061,17.271168,70.73333333333333,187.73333333333332,0.12666133,2025-05-25 19:00:00+02:00
2025-05-25 18:00:00+00:00,BG.West.010,19.616666666666667,1011.00616,17.564833,67.13333333333334,97.13333333333334,0.059605334,2025-05-25 20:00:00+02:00
2025-05-25 19:00:00+00:00,BG.West.010,19.349999999999998,1011.0739,16.172333,70.65,7.566666666666666,0.06705599,2025-05-25 21:00:00+02:00
2025-05-25 20:00:00+00:00,BG.West.010,19.03333333333333,1011.9222,15.359667,75.81666666666666,0.0,0.201168,2025-05-25 22:00:00+02:00
2025-05-25 21:00:00+00:00,BG.West.010,18.866666666666664,1012.20953,14.660501,80.08333333333333,0.0,0.28312534,2025-05-25 23:00:00+02:00
2025-05-25 22:00:00+00:00,BG.West.010,18.78,1012.4262,14.512,81.0,0.0,0.17136532,2025-05-26 00:00:00+02:00
2025-05-25 23:00:00+00:00,BG.West.010,18.716666666666665,1012.4877,14.469,80.98333333333333,0.0,0.08195733,2025-05-26 01:00:00+02:00
2025-05-26 00:00:00+00:00,BG.West.010,18.666666666666668,1012.5798,14.487667,78.68333333333334,0.0,0.11176,2025-05-26 02:00:00+02:00
2025-05-26 01:00:00+00:00,BG.West.010,18.733333333333334,1012.9962,14.081333,73.91666666666667,0.0,0.11921067,2025-05-26 03:00:00+02:00
2025-05-26 02:00:00+00:00,BG.West.010,18.683333333333334,1013.28125,13.872833,71.51666666666667,0.0,0.22352,2025-05-26 04:00:00+02:00
2025-05-26 03:00:00+00:00,BG.West.010,18.416666666666668,1013.6064,13.505666,72.18333333333334,1.0333333333333334,0.10430933,2025-05-26 05:00:00+02:00
2025-05-26 04:00:00+00:00,BG.West.010,18.216666666666665,1014.0748,13.2445,74.8,23.816666666666666,0.23842134,2025-05-26 06:00:00+02:00
2025-05-26 05:00:00+00:00,BG.West.010,18.599999999999998,1014.733,13.556834,74.91666666666667,56.166666666666664,0.44704,2025-05-26 07:00:00+02:00
2025-05-26 06:00:00+00:00,BG.West.010,18.599999999999998,1014.8328,13.9625,74.08333333333333,95.56666666666666,0.357632,2025-05-26 08:00:00+02:00
2025-05-26 07:00:00+00:00,BG.West.010,19.216666666666665,1014.8328,14.409333,71.8,113.78333333333333,0.34273064,2025-05-26 09:00:00+02:00
2025-05-26 08:00:00+00:00,BG.West.010,19.633333333333333,1014.8328,14.904166,68.4,175.28333333333333,0.5066453,2025-05-26 10:00:00+02:00
2025-05-26 09:00:00+00:00,BG.West.010,20.583333333333332,1015.29504,15.513834,67.35,255.53333333333333,0.5066453,2025-05-26 11:00:00+02:00
2025-05-26 10:00:00+00:00,BG.West.010,21.233333333333334,1016.6953,16.174334,60.78333333333333,660.0666666666667,0.961136,2025-05-26 12:00:00+02:00
2025-05-26 11:00:00+00:00,BG.West.010,21.46666666666667,1016.8223,17.063833,53.416666666666664,814.3166666666667,1.00584,2025-05-26 13:00:00+02:00
2025-05-26 12:00:00+00:00,BG.West.010,21.933333333333334,1016.8646,17.573334,52.916666666666664,822.2833333333333,1.2219093,2025-05-26 14:00:00+02:00
2025-05-26 13:00:00+00:00,BG.West.010,22.5,1016.77094,17.779167,55.06666666666667,697.6,1.207008,2025-05-26 15:00:00+02:00
2025-05-26 14:00:00+00:00,BG.West.010,22.7,1016.73254,17.46,56.11666666666667,442.9,1.3038667,2025-05-26 16:00:00+02:00
2025-05-26 15:00:00+00:00,BG.West.010,22.5,1016.7111,17.637333,53.06666666666667,413.21666666666664,1.743456,2025-05-26 17:00:00+02:00
2025-05-26 16:00:00+00:00,BG.West.010,22.416666666666668,1016.37585,17.220499,53.45,229.25,1.7062027,2025-05-26 18:00:00+02:00
2025-05-26 17:00:00+00:00,BG.West.010,21.849999999999998,1016.24493,16.483667,57.68333333333333,127.01666666666667,1.7285546,2025-05-26 19:00:00+02:00
2025-05-26 18:00:00+00:00,BG.West.010,21.419999999999998,1016.1383,16.008,60.75,28.283333333333335,1.8179626,2025-05-26 20:00:00+02:00
2025-05-26 19:00:00+00:00,BG.West.010,21.016666666666666,1016.06323,15.550833,63.31666666666667,4.133333333333334,1.832864,2025-05-26 21:00:00+02:00
2025-05-26 20:00:00+00:00,BG.West.010,20.833333333333332,1015.92664,15.3995,63.8,0.0,1.8552159,2025-05-26 22:00:00+02:00
2025-05-26 21:00:00+00:00,BG.West.010,20.766666666666666,1015.7144,15.171334,64.73333333333333,0.0,1.2517121,2025-05-26 23:00:00+02:00
2025-05-26 22:00:00+00:00,BG.West.010,20.9,1015.2504,14.9210005,66.51666666666667,0.0,1.7583574,2025-05-27 00:00:00+02:00
2025-05-26 23:00:00+00:00,BG.West.010,20.816666666666666,1014.9451,14.0945,73.51666666666667,0.0,1.5348374,2025-05-27 01:00:00+02:00
2025-05-27 00:00:00+00:00,BG.West.010,20.716666666666665,1014.567,13.043333,80.55,0.0,0.9909386,2025-05-27 02:00:00+02:00
2025-05-27 01:00:00+00:00,BG.West.010,20.683333333333334,1013.95514,13.088166,79.4,0.0,0.9685867,2025-05-27 03:00:00+02:00
2025-05-27 02:00:00+00:00,BG.West.010,20.666666666666668,1013.2237,13.557,78.81666666666666,0.0,1.1995574,2025-05-27 04:00:00+02:00
2025-05-27 03:00:00+00:00,BG.West.010,20.616666666666667,1012.7801,13.966833,78.0,0.0,1.609344,2025-05-27 05:00:00+02:00
2025-05-27 04:00:00+00:00,BG.West.010,20.666666666666668,1012.4872,14.166834,78.05,8.333333333333334,1.5795413,2025-05-27 06:00:00+02:00
2025-05-27 05:00:00+00:00,BG.West.010,20.583333333333332,1012.83655,13.329166,83.26666666666667,20.166666666666668,1.2666132,2025-05-27 07:00:00+02:00
2025-05-27 06:00:00+00:00,BG.West.010,20.4,1012.98267,13.288,85.33333333333333,45.75,1.2591627,2025-05-27 08:00:00+02:00
2025-05-27 07:00:00+00:00,BG.West.010,20.566666666666666,1013.30444,13.564,86.0,81.25,1.184656,2025-05-27 09:00:00+02:00
2025-05-27 08:00:00+00:00,BG.West.010,21.033333333333335,1013.5573,14.112834,86.0,160.91666666666666,0.73761594,2025-05-27 10:00:00+02:00
2025-05-27 09:00:00+00:00,BG.West.010,21.75,1013.78754,15.386834,84.45,225.83333333333334,1.1176,2025-05-27 11:00:00+02:00
2025-05-27 10:00:00+00:00,BG.West.010,21.933333333333334,1013.8694,16.341,77.73333333333333,293.9166666666667,1.1026987,2025-05-27 12:00:00+02:00
2025-05-27 11:00:00+00:00,BG.West.010,22.0,1013.94446,17.214834,70.6,422.21666666666664,1.1548533,2025-05-27 13:00:00+02:00
2025-05-27 13:00:00+00:00,BG.West.010,22.099999999999998,1014.0827,16.479334,74.21666666666667,132.4,1.6242453,2025-05-27 15:00:00+02:00
2025-05-27 14:00:00+00:00,BG.West.010,21.64,1013.61365,13.8705,79.11666666666666,77.21666666666667,0.93133336,2025-05-27 16:00:00+02:00
2025-05-27 15:00:00+00:00,BG.West.010,21.183333333333334,1012.1361,12.811334,84.66666666666667,33.43333333333333,0.052154664,2025-05-27 17:00:00+02:00
2025-05-27 16:00:00+00:00,BG.West.010,20.966666666666665,1011.48364,14.052334,86.0,15.116666666666667,0.7003626,2025-05-27 18:00:00+02:00
2025-05-27 17:00:00+00:00,BG.West.010,21.2,1011.23865,14.928333,86.0,22.95,1.4752319,2025-05-27 19:00:00+02:00
2025-05-27 18:00:00+00:00,BG.West.010,20.966666666666665,1010.9244,14.752833,86.0,7.85,0.9909386,2025-05-27 20:00:00+02:00
2025-05-27 19:00:00+00:00,BG.West.010,20.716666666666665,1010.8707,14.764001,86.0,0.0,1.6913013,2025-05-27 21:00:00+02:00
2025-05-27 20:00:00+00:00,BG.West.010,20.616666666666667,1011.05817,14.894167,85.43333333333334,0.0,1.7285546,2025-05-27 22:00:00+02:00
2025-05-27 21:00:00+00:00,BG.West.010,20.650000000000002,1010.952,14.9175,85.0,0.0,1.89992,2025-05-27 23:00:00+02:00
2025-05-27 23:00:00+00:00,BG.West.010,20.783333333333335,1010.55133,15.045,85.0,0.0,1.6913013,2025-05-28 01:00:00+02:00
2025-05-28 00:00:00+00:00,BG.West.010,20.75,1010.4643,15.050501,85.0,0.0,1.4826827,2025-05-28 02:00:00+02:00
2025-05-28 01:00:00+00:00,BG.West.010,20.8,1010.4288,15.106334,85.0,0.0,1.7360053,2025-05-28 03:00:00+02:00
2025-05-28 02:00:00+00:00,BG.West.010,20.75,1010.28937,15.0615,85.0,0.0,1.3113173,2025-05-28 04:00:00+02:00
2025-05-28 03:00:00+00:00,BG.West.010,20.7,1010.4389,15.138834,85.0,0.0,1.1026987,2025-05-28 05:00:00+02:00
2025-05-28 04:00:00+00:00,BG.West.010,20.7,1010.4982,15.181667,85.0,10.916666666666666,0.81957334,2025-05-28 06:00:00+02:00
2025-05-28 05:00:00+00:00,BG.West.010,20.666666666666668,1010.4982,15.205999,85.0,29.966666666666665,0.75251734,2025-05-28 07:00:00+02:00
2025-05-28 06:00:00+00:00,BG.West.010,20.650000000000002,1010.4982,15.483834,84.46666666666667,63.65,0.804672,2025-05-28 08:00:00+02:00
2025-05-28 07:00:00+00:00,BG.West.010,20.866666666666667,1010.4982,15.656833,83.43333333333334,79.15,0.94623464,2025-05-28 09:00:00+02:00
2025-05-28 08:00:00+00:00,BG.West.010,21.266666666666666,1010.4982,16.289667,81.38333333333334,183.08333333333334,1.0877973,2025-05-28 10:00:00+02:00
2025-05-28 09:00:00+00:00,BG.West.010,21.7,1010.4982,16.780832,78.15,206.6,1.2368107,2025-05-28 11:00:00+02:00
2025-05-28 10:00:00+00:00,BG.West.010,21.84,1010.4982,17.0065,75.21666666666667,277.3833333333333,1.4156266,2025-05-28 12:00:00+02:00
2025-05-28 11:00:00+00:00,BG.West.010,22.083333333333332,1011.07166,17.631166,71.35,337.5,1.4826827,2025-05-28 13:00:00+02:00
2025-05-28 12:00:00+00:00,BG.West.010,22.2,1013.6137,16.407667,75.88333333333334,260.1333333333333,0.961136,2025-05-28 14:00:00+02:00
2025-05-28 13:00:00+00:00,BG.West.010,21.95,1013.6137,16.153666,77.81666666666666,346.3833333333333,0.42468798,2025-05-28 15:00:00+02:00
2025-05-28 14:00:00+00:00,BG.West.010,21.866666666666664,1013.6137,16.993168,70.28333333333333,424.8666666666667,0.379984,2025-05-28 16:00:00+02:00
2025-05-28 15:00:00+00:00,BG.West.010,21.933333333333334,1013.6137,16.927668,68.11666666666666,483.06666666666666,0.581152,2025-05-28 17:00:00+02:00
2025-05-28 16:00:00+00:00,BG.West.010,21.816666666666666,1013.6137,17.275167,64.05,416.4166666666667,0.14901333,2025-05-28 18:00:00+02:00
2025-05-28 17:00:00+00:00,BG.West.010,21.416666666666668,1013.6137,16.847,63.05,220.7,0.08195733,2025-05-28 19:00:00+02:00
2025-05-28 18:00:00+00:00,BG.West.010,20.966666666666665,1013.6137,15.727334,68.43333333333334,101.08333333333333,0.022352,2025-05-28 20:00:00+02:00
2025-05-28 19:00:00+00:00,BG.West.010,20.716666666666665,1013.6137,14.384667,72.41666666666667,9.466666666666667,0.0,2025-05-28 21:00:00+02:00
2025-05-28 20:00:00+00:00,BG.West.010,20.383333333333333,1013.6137,13.460834,78.3,0.0,0.0,2025-05-28 22:00:00+02:00
2025-05-28 21:00:00+00:00,BG.West.010,20.45,1018.3614,12.712333,82.21666666666667,0.0,0.0,2025-05-28 23:00:00+02:00
2025-05-28 22:00:00+00:00,BG.West.010,20.666666666666668,1021.54517,12.022,84.35,0.0,0.0,2025-05-29 00:00:00+02:00
2025-05-28 23:00:00+00:00,BG.West.010,20.683333333333334,1021.40857,11.6068325,85.0,0.0,0.0,2025-05-29 01:00:00+02:00
2025-05-29 00:00:00+00:00,BG.West.010,20.683333333333334,1021.4498,11.2895,85.96666666666667,0.0,0.0,2025-05-29 02:00:00+02:00
2025-05-29 01:00:00+00:00,BG.West.010,20.7,1021.1066,11.439166,86.0,0.0,0.0,2025-05-29 03:00:00+02:00
2025-05-29 02:00:00+00:00,BG.West.010,20.7,1021.2274,11.7305,86.0,0.0,0.0,2025-05-29 04:00:00+02:00
2025-05-29 03:00:00+00:00,BG.West.010,20.7,1021.12305,11.987166,86.0,0.3333333333333333,0.0,2025-05-29 05:00:00+02:00
2025-05-29 04:00:00+00:00,BG.West.010,20.7,1020.5987,12.6895,86.0,16.016666666666666,0.0,2025-05-29 06:00:00+02:00
2025-05-29 05:00:00+00:00,BG.West.010,20.55,1020.5942,13.366834,86.0,30.516666666666666,0.0,2025-05-29 07:00:00+02:00
2025-05-29 06:00:00+00:00,BG.West.010,20.46,1020.7211,14.061,86.0,42.6,0.06705599,2025-05-29 08:00:00+02:00
2025-05-29 07:00:00+00:00,BG.West.010,20.483333333333334,1020.7443,14.409834,86.0,82.81666666666666,0.06705599,2025-05-29 09:00:00+02:00
2025-05-29 08:00:00+00:00,BG.West.010,20.516666666666666,1020.42487,14.606167,86.0,107.26666666666667,0.32037866,2025-05-29 10:00:00+02:00
2025-05-29 09:00:00+00:00,BG.West.010,20.616666666666667,1020.2177,14.946667,84.76666666666667,129.33333333333334,0.36508268,2025-05-29 11:00:00+02:00
2025-05-29 10:00:00+00:00,BG.West.010,20.666666666666668,1019.839,15.571,80.61666666666666,132.6,1.0356426,2025-05-29 12:00:00+02:00
2025-05-29 11:00:00+00:00,BG.West.010,20.733333333333334,1019.8108,16.527834,77.23333333333333,151.81666666666666,1.2219093,2025-05-29 13:00:00+02:00
2025-05-29 12:00:00+00:00,BG.West.010,20.866666666666667,1019.4981,17.447666,77.88333333333334,211.18333333333334,1.095248,2025-05-29 14:00:00+02:00
2025-05-29 13:00:00+00:00,BG.West.010,21.133333333333333,1018.8925,18.219168,78.7,265.71666666666664,1.5571893,2025-05-29 15:00:00+02:00
2025-05-29 14:00:00+00:00,BG.West.010,21.53333333333333,1018.45624,19.650667,76.2,358.96666666666664,1.8105121,2025-05-29 16:00:00+02:00
2025-05-29 18:00:00+00:00,BG.West.010,21.183333333333334,1018.1882,17.782331,79.68333333333334,65.28333333333333,1.8552159,2025-05-29 20:00:00+02:00
2025-05-29 19:00:00+00:00,BG.West.010,20.849999999999998,1018.4049,17.055,81.41666666666667,10.216666666666667,1.8105121,2025-05-29 21:00:00+02:00
2025-05-29 20:00:00+00:00,BG.West.010,20.6,1018.65826,16.241833,83.66666666666667,0.0,1.0430933,2025-05-29 22:00:00+02:00
2025-05-29 21:00:00+00:00,BG.West.010,20.650000000000002,1018.94446,16.077333,84.5,0.0,0.804672,2025-05-29 23:00:00+02:00
2025-05-29 22:00:00+00:00,BG.West.010,20.75,1019.17523,16.166834,84.0,0.0,1.1101493,2025-05-30 00:00:00+02:00
2025-05-29 23:00:00+00:00,BG.West.010,20.733333333333334,1019.2109,15.975,84.0,0.0,0.85682666,2025-05-30 01:00:00+02:00
2025-05-30 00:00:00+00:00,BG.West.010,20.7,1019.2074,15.472334,84.8,0.0,0.61840534,2025-05-30 02:00:00+02:00
2025-05-30 01:00:00+00:00,BG.West.010,20.7,1019.1375,15.066167,85.36666666666666,0.0,0.715264,2025-05-30 03:00:00+02:00
2025-05-30 02:00:00+00:00,BG.West.010,20.683333333333334,1018.99414,14.769834,86.0,0.0,0.692912,2025-05-30 04:00:00+02:00
2025-05-30 03:00:00+00:00,BG.West.010,20.66,1018.9924,14.4956665,86.01666666666667,0.08333333333333333,0.5737013,2025-05-30 05:00:00+02:00
2025-05-30 04:00:00+00:00,BG.West.010,20.716666666666665,1019.3102,14.421666,87.0,11.15,0.25332266,2025-05-30 06:00:00+02:00
2025-05-30 05:00:00+00:00,BG.West.010,20.599999999999998,1019.5878,14.348001,87.0,30.75,0.26822397,2025-05-30 07:00:00+02:00
2025-05-30 06:00:00+00:00,BG.West.010,20.466666666666665,1019.67535,14.491,87.0,50.916666666666664,0.15646401,2025-05-30 08:00:00+02:00
2025-05-30 07:00:00+00:00,BG.West.010,20.5,1020.1291,14.855166,87.0,97.31666666666666,0.46194133,2025-05-30 09:00:00+02:00
2025-05-30 08:00:00+00:00,BG.West.010,20.7,1020.24646,15.6825,86.38333333333334,171.4,0.5066453,2025-05-30 10:00:00+02:00
2025-05-30 09:00:00+00:00,BG.West.010,20.866666666666664,1020.26794,16.354834,84.43333333333334,177.8,0.41723734,2025-05-30 11:00:00+02:00
2025-05-30 10:00:00+00:00,BG.West.010,20.983333333333334,1019.983,17.609667,81.18333333333334,408.95,0.581152,2025-05-30 12:00:00+02:00
2025-05-30 11:00:00+00:00,BG.West.010,21.5,1019.8469,19.594334,73.56666666666666,834.5,1.0877973,2025-05-30 13:00:00+02:00
2025-05-30 12:00:00+00:00,BG.West.010,21.983333333333334,1019.57996,20.252834,69.68333333333334,810.8666666666667,1.4379786,2025-05-30 14:00:00+02:00
2025-05-30 13:00:00+00:00,BG.West.010,22.21666666666667,1019.4338,20.4955,68.45,755.0,1.2368107,2025-05-30 15:00:00+02:00
2025-05-30 14:00:00+00:00,BG.West.010,22.3,1019.3383,20.664667,67.1,663.2833333333333,1.2591627,2025-05-30 16:00:00+02:00
2025-05-30 15:00:00+00:00,BG.West.010,22.399999999999995,1019.3017,20.810833,66.73333333333333,539.5,1.0207413,2025-05-30 17:00:00+02:00
2025-05-30 16:00:00+00:00,BG.West.010,22.233333333333334,1019.21765,20.402668,67.0,392.76666666666665,0.81212264,2025-05-30 18:00:00+02:00
2025-05-30 17:00:00+00:00,BG.West.010,22.116666666666664,1018.9631,19.973835,66.68333333333334,181.5,0.34273064,2025-05-30 19:00:00+02:00
2025-05-30 18:00:00+00:00,BG.West.010,21.866666666666664,1018.81177,19.176167,70.71666666666667,97.46666666666667,0.08195733,2025-05-30 20:00:00+02:00
2025-05-30 19:00:00+00:00,BG.West.010,21.566666666666666,1018.726,17.897833,75.05,12.516666666666667,0.0149013335,2025-05-30 21:00:00+02:00
2025-05-30 20:00:00+00:00,BG.West.010,21.216666666666665,1018.7841,16.51,79.83333333333333,0.0,0.0,2025-05-30 22:00:00+02:00
2025-05-30 21:00:00+00:00,BG.West.010,21.133333333333336,1018.8135,15.236166,83.11666666666666,0.0,0.0,2025-05-30 23:00:00+02:00
2025-05-30 22:00:00+00:00,BG.West.010,21.133333333333336,1018.6594,14.559,84.46666666666667,0.0,0.0,2025-05-31 00:00:00+02:00
2025-05-30 23:00:00+00:00,BG.West.010,21.1,1018.68036,13.995167,85.35,0.0,0.0,2025-05-31 01:00:00+02:00
2025-05-31 00:00:00+00:00,BG.West.010,21.083333333333332,1018.62213,13.5775,86.0,0.0,0.0,2025-05-31 02:00:00+02:00
2025-05-31 01:00:00+00:00,BG.West.010,21.1,1018.6007,13.2825,86.18333333333334,0.0,0.0,2025-05-31 03:00:00+02:00
2025-05-31 02:00:00+00:00,BG.West.010,21.066666666666666,1018.3434,13.382334,87.0,0.0,0.0,2025-05-31 04:00:00+02:00
2025-05-31 03:00:00+00:00,BG.West.010,21.033333333333335,1018.12665,13.4845,87.0,2.2666666666666666,0.0,2025-05-31 05:00:00+02:00
2025-05-31 04:00:00+00:00,BG.West.010,21.066666666666666,1017.972,13.647666,87.0,25.983333333333334,0.0,2025-05-31 06:00:00+02:00
2025-05-31 05:00:00+00:00,BG.West.010,21.183333333333334,1018.0696,14.663,87.0,39.36666666666667,0.0,2025-05-31 07:00:00+02:00
2025-05-31 06:00:00+00:00,BG.West.010,21.233333333333334,1018.0194,16.134333,86.5,133.68333333333334,0.0,2025-05-31 08:00:00+02:00
2025-05-31 07:00:00+00:00,BG.West.010,21.483333333333334,1018.04987,17.960167,83.28333333333333,142.45,0.0,2025-05-31 09:00:00+02:00
2025-05-31 08:00:00+00:00,BG.West.010,21.8,1018.04987,19.836832,76.58333333333333,246.16666666666666,0.029802667,2025-05-31 10:00:00+02:00
2025-05-31 09:00:00+00:00,BG.West.010,22.150000000000002,1017.7112,21.056166,72.6,292.21666666666664,0.059605334,2025-05-31 11:00:00+02:00
2025-05-31 10:00:00+00:00,BG.West.010,22.366666666666664,1017.5103,22.642668,65.95,507.06666666666666,0.052154664,2025-05-31 12:00:00+02:00
2025-05-31 11:00:00+00:00,BG.West.010,22.55,1017.08246,24.292,56.38333333333333,725.9166666666666,0.052154668,2025-05-31 13:00:00+02:00
2025-05-31 12:00:00+00:00,BG.West.010,22.833333333333332,1016.8816,25.088833,53.7,801.4,0.12666133,2025-05-31 14:00:00+02:00
2025-05-31 13:00:00+00:00,BG.West.010,23.233333333333334,1016.38715,25.648998,51.63333333333333,714.3333333333334,0.13411199,2025-05-31 15:00:00+02:00
2025-05-31 14:00:00+00:00,BG.West.010,23.516666666666666,1015.64557,25.345667,50.2,604.2833333333333,0.11176,2025-05-31 16:00:00+02:00
2025-05-31 15:00:00+00:00,BG.West.010,23.61666666666667,1015.18616,25.637333,54.1,506.2,0.178816,2025-05-31 17:00:00+02:00
2025-05-31 16:00:00+00:00,BG.West.010,23.666666666666668,1014.9203,24.827833,54.666666666666664,253.76666666666668,0.11921067,2025-05-31 18:00:00+02:00
2025-05-31 17:00:00+00:00,BG.West.010,23.400000000000002,1014.46655,23.355165,60.483333333333334,127.55,0.059605334,2025-05-31 19:00:00+02:00
2025-05-31 18:00:00+00:00,BG.West.010,23.133333333333336,1014.1476,21.983166,62.36666666666667,46.65,0.0074506667,2025-05-31 20:00:00+02:00
2025-05-31 19:00:00+00:00,BG.West.010,23.05,1014.2498,21.247334,61.11666666666667,5.716666666666667,0.0,2025-05-31 21:00:00+02:00
2025-05-31 20:00:00+00:00,BG.West.010,22.816666666666666,1014.25714,20.834167,59.86666666666667,0.0,0.0,2025-05-31 22:00:00+02:00
2025-05-31 21:00:00+00:00,BG.West.010,22.616666666666664,1014.25714,20.279501,64.56666666666666,0.0,0.0,2025-05-31 23:00:00+02:00
2025-05-31 22:00:00+00:00,BG.West.010,22.5,1014.25714,19.3955,65.91666666666667,0.0,0.06705599,2025-06-01 00:00:00+02:00
2025-05-31 23:00:00+00:00,BG.West.010,22.349999999999998,1014.25714,18.468166,69.18333333333334,0.0,0.12666133,2025-06-01 01:00:00+02:00
2025-03-23 12:00:00+00:00,BG.West.270,24.0,1003.9608,17.6245,52.38333333333333,566.6666666666666,0.23097067,2025-03-23 13:00:00+01:00
2025-03-23 13:00:00+00:00,BG.West.270,24.016666666666666,1004.0534,17.818666,50.083333333333336,307.76666666666665,0.089408,2025-03-23 14:00:00+01:00
2025-03-23 14:00:00+00:00,BG.West.270,24.016666666666666,1004.26166,17.683332,50.2,207.26666666666668,0.0,2025-03-23 15:00:00+01:00
2025-03-23 15:00:00+00:00,BG.West.270,24.016666666666666,1004.6798,17.728,51.38333333333333,174.1,0.03725333,2025-03-23 16:00:00+01:00
2025-03-23 16:00:00+00:00,BG.West.270,24.016666666666666,1005.53656,15.142,61.35,40.85,0.029802667,2025-03-23 17:00:00+01:00
2025-03-23 17:00:00+00:00,BG.West.270,24.0,1006.27203,14.380666,63.56666666666667,5.466666666666667,0.022352,2025-03-23 18:00:00+01:00
2025-03-23 18:00:00+00:00,BG.West.270,24.016666666666666,1007.0983,13.851666,65.93333333333334,0.0,0.0,2025-03-23 19:00:00+01:00
2025-03-23 19:00:00+00:00,BG.West.270,24.0,1008.0177,12.9748335,70.7,0.0,0.0,2025-03-23 20:00:00+01:00
2025-03-23 20:00:00+00:00,BG.West.270,24.03333333333333,1008.8485,12.4205,73.11666666666666,0.0,0.0,2025-03-23 21:00:00+01:00
2025-03-23 21:00:00+00:00,BG.West.270,24.0,1009.4812,12.320833,74.33333333333333,0.0,0.0,2025-03-23 22:00:00+01:00
2025-03-23 22:00:00+00:00,BG.West.270,24.05,1009.8627,12.309999,74.46666666666667,0.0,0.0,2025-03-23 23:00:00+01:00
2025-03-23 23:00:00+00:00,BG.West.270,24.016666666666666,1010.1545,12.1255,73.81666666666666,0.0,0.0,2025-03-24 00:00:00+01:00
2025-03-24 00:00:00+00:00,BG.West.270,24.0,1010.46155,11.731334,74.38333333333334,0.0,0.0,2025-03-24 01:00:00+01:00
2025-03-24 01:00:00+00:00,BG.West.270,24.0,1010.781,11.3306675,77.91666666666667,0.0,0.0,2025-03-24 02:00:00+01:00
2025-03-24 02:00:00+00:00,BG.West.270,24.0,1010.8588,11.025333,80.71666666666667,0.0,0.0,2025-03-24 03:00:00+01:00
2025-03-24 03:00:00+00:00,BG.West.270,24.0,1011.07336,10.3815,83.18333333333334,0.0,0.0,2025-03-24 04:00:00+01:00
2025-03-24 04:00:00+00:00,BG.West.270,24.0,1011.54407,10.476,84.95,0.0,0.0,2025-03-24 05:00:00+01:00
2025-03-24 05:00:00+00:00,BG.West.270,23.8,1012.332,9.938833,85.11666666666666,0.5833333333333334,0.23097067,2025-03-24 06:00:00+01:00
2025-03-24 06:00:00+00:00,BG.West.270,23.516666666666666,1013.32355,9.0789995,87.05,17.916666666666668,0.0,2025-03-24 07:00:00+01:00
2025-03-24 07:00:00+00:00,BG.West.270,23.316666666666666,1014.0985,9.310333,87.25,75.28333333333333,0.0149013335,2025-03-24 08:00:00+01:00
2025-03-24 08:00:00+00:00,BG.West.270,23.2,1014.61945,10.5145,85.85,203.58333333333334,0.0,2025-03-24 09:00:00+01:00
2025-03-24 09:00:00+00:00,BG.West.270,22.979999999999997,1015.2076,11.006333,82.08333333333333,228.85,0.029802667,2025-03-24 10:00:00+01:00
2025-03-24 11:00:00+00:00,BG.West.270,22.15,1016.24097,12.478167,70.88333333333334,484.73333333333335,0.24587199,2025-03-24 12:00:00+01:00
2025-03-24 12:00:00+00:00,BG.West.270,21.95,1016.7117,12.597334,69.25,354.6,0.24587199,2025-03-24 13:00:00+01:00
2025-03-24 13:00:00+00:00,BG.West.270,21.866666666666664,1017.1869,10.96,74.76666666666667,203.21666666666667,0.096858665,2025-03-24 14:00:00+01:00
2025-03-24 14:00:00+00:00,BG.West.270,21.033333333333335,1017.60455,9.999499,77.55,193.01666666666668,0.30547732,2025-03-24 15:00:00+01:00
2025-03-24 15:00:00+00:00,BG.West.270,20.816666666666666,1017.8202,9.335,79.03333333333333,135.58333333333334,0.044704,2025-03-24 16:00:00+01:00
2025-03-24 16:00:00+00:00,BG.West.270,21.416666666666668,1018.1723,8.08,81.93333333333334,39.13333333333333,0.30547732,2025-03-24 17:00:00+01:00
2025-03-24 17:00:00+00:00,BG.West.270,21.433333333333334,1018.6041,7.4931664,83.21666666666667,10.35,0.36508265,2025-03-24 18:00:00+01:00
2025-03-24 18:00:00+00:00,BG.West.270,21.866666666666664,1019.08105,7.041,83.28333333333333,0.0,0.0,2025-03-24 19:00:00+01:00
2025-03-24 19:00:00+00:00,BG.West.270,22.099999999999998,1019.6561,6.4385,83.11666666666666,0.0,0.0,2025-03-24 20:00:00+01:00
2025-03-24 20:00:00+00:00,BG.West.270,22.11666666666667,1020.16077,6.250833,84.0,0.0,0.0,2025-03-24 21:00:00+01:00
2025-03-24 21:00:00+00:00,BG.West.270,22.133333333333336,1020.5304,6.1731668,84.31666666666666,0.0,0.0,2025-03-24 22:00:00+01:00
2025-03-24 22:00:00+00:00,BG.West.270,22.18,1020.7347,6.7166667,83.9,0.0,0.0149013335,2025-03-24 23:00:00+01:00
2025-03-25 11:00:00+00:00,BG.West.270,22.600000000000005,1020.9012,10.248334,79.31666666666666,354.48333333333335,1.1101494,2025-03-25 12:00:00+01:00
2025-03-25 12:00:00+00:00,BG.West.270,22.666666666666668,1020.8442,10.707167,77.66666666666667,455.9,0.46939197,2025-03-25 13:00:00+01:00
2025-03-25 13:00:00+00:00,BG.West.270,22.322222222222223,1020.61053,11.0303335,75.96666666666667,298.96666666666664,0.0,2025-03-25 14:00:00+01:00
2025-03-25 14:00:00+00:00,BG.West.270,20.85833333333333,1020.6828,10.976833,73.78333333333333,159.25,0.625856,2025-03-25 15:00:00+01:00
2025-03-25 15:00:00+00:00,BG.West.270,19.857142857142858,1020.6591,10.2975,75.01666666666667,75.03333333333333,0.65565866,2025-03-25 16:00:00+01:00
2025-03-25 16:00:00+00:00,BG.West.270,20.733333333333334,1020.8267,9.929999,79.25,33.81666666666667,0.07450666,2025-03-25 17:00:00+01:00
2025-03-25 17:00:00+00:00,BG.West.270,22.233333333333334,1021.1366,9.2755,84.95,9.016666666666667,0.06705599,2025-03-25 18:00:00+01:00
2025-03-25 18:00:00+00:00,BG.West.270,22.733333333333334,1021.69025,8.925,86.03333333333333,0.0,0.029802667,2025-03-25 19:00:00+01:00
2025-03-25 19:00:00+00:00,BG.West.270,22.733333333333334,1022.1643,8.9585,86.28333333333333,0.0,0.0149013335,2025-03-25 20:00:00+01:00
2025-03-25 20:00:00+00:00,BG.West.270,22.633333333333336,1022.3822,8.951,87.1,0.0,0.0,2025-03-25 21:00:00+01:00
2025-03-25 21:00:00+00:00,BG.West.270,22.6,1022.6847,8.774,87.88333333333334,0.0,0.0149013335,2025-03-25 22:00:00+01:00
2025-03-25 22:00:00+00:00,BG.West.270,22.6,1023.0104,8.4715,88.0,0.0,0.0,2025-03-25 23:00:00+01:00
2025-03-25 23:00:00+00:00,BG.West.270,22.64,1023.18365,7.853667,88.0,0.0,0.0,2025-03-26 00:00:00+01:00
2025-03-26 00:00:00+00:00,BG.West.270,22.7,1023.3338,7.3353333,88.0,0.0,0.0,2025-03-26 01:00:00+01:00
2025-03-26 01:00:00+00:00,BG.West.270,22.733333333333334,1023.2751,7.3575,88.0,0.0,0.0,2025-03-26 02:00:00+01:00
2025-03-26 02:00:00+00:00,BG.West.270,22.733333333333334,1023.40717,7.5338335,88.0,0.0,0.0,2025-03-26 03:00:00+01:00
2025-03-26 03:00:00+00:00,BG.West.270,22.78333333333333,1023.62274,7.7730002,88.0,0.0,0.0,2025-03-26 04:00:00+01:00
2025-03-26 04:00:00+00:00,BG.West.270,22.8,1023.92926,7.75,88.0,0.0,0.0,2025-03-26 05:00:00+01:00
2025-03-26 05:00:00+00:00,BG.West.270,22.8,1024.4146,7.6301665,88.0,1.0833333333333333,0.0,2025-03-26 06:00:00+01:00
2025-03-26 06:00:00+00:00,BG.West.270,22.766666666666666,1024.7922,7.9708333,87.63333333333334,28.55,0.0,2025-03-26 07:00:00+01:00
2025-03-26 07:00:00+00:00,BG.West.270,22.7,1025.1567,8.533,86.48333333333333,95.33333333333333,0.0149013335,2025-03-26 08:00:00+01:00
2025-03-26 08:00:00+00:00,BG.West.270,22.78333333333333,1025.483,9.4445,83.8,152.5,0.08195733,2025-03-26 09:00:00+01:00
2025-03-26 09:00:00+00:00,BG.West.270,23.28333333333333,1025.8352,10.364166,80.15,200.75,0.059605334,2025-03-26 10:00:00+01:00
2025-03-26 10:00:00+00:00,BG.West.270,23.566666666666666,1026.1039,9.7126665,80.28333333333333,123.45,0.14901333,2025-03-26 11:00:00+01:00
2025-03-26 11:00:00+00:00,BG.West.270,23.666666666666668,1025.9,10.1433325,78.68333333333334,185.46666666666667,0.03725333,2025-03-26 12:00:00+01:00
2025-03-26 12:00:00+00:00,BG.West.270,23.583333333333332,1025.6287,11.378,73.01666666666667,268.2,0.022352,2025-03-26 13:00:00+01:00
2025-03-26 13:00:00+00:00,BG.West.270,24.116666666666664,1025.255,12.224167,68.3,256.3833333333333,0.06705599,2025-03-26 14:00:00+01:00
2025-03-26 14:00:00+00:00,BG.West.270,24.1,1025.1134,12.273666,67.11666666666666,205.15,0.07450666,2025-03-26 15:00:00+01:00
2025-03-26 15:00:00+00:00,BG.West.270,24.383333333333336,1024.7125,12.225666,66.36666666666666,151.5,0.044704,2025-03-26 16:00:00+01:00
2025-03-26 16:00:00+00:00,BG.West.270,24.383333333333336,1024.6578,12.703334,64.11666666666666,150.11666666666667,0.0074506667,2025-03-26 17:00:00+01:00
2025-03-26 17:00:00+00:00,BG.West.270,23.633333333333336,1024.7922,11.168,67.93333333333334,33.13333333333333,0.0,2025-03-26 18:00:00+01:00
2025-03-26 18:00:00+00:00,BG.West.270,23.366666666666664,1025.053,10.137333,72.33333333333333,0.48333333333333334,0.0,2025-03-26 19:00:00+01:00
2025-03-26 19:00:00+00:00,BG.West.270,23.266666666666666,1025.1466,9.12,75.23333333333333,0.0,0.0,2025-03-26 20:00:00+01:00
2025-03-26 20:00:00+00:00,BG.West.270,23.233333333333334,1025.1472,7.723167,79.85,0.0,0.0,2025-03-26 21:00:00+01:00
2025-03-26 21:00:00+00:00,BG.West.270,23.166666666666668,1025.0427,6.6823335,83.76666666666667,0.0,0.0,2025-03-26 22:00:00+01:00
2025-03-26 22:00:00+00:00,BG.West.270,23.099999999999998,1024.8977,5.9925,85.76666666666667,0.0,0.0,2025-03-26 23:00:00+01:00
2025-03-26 23:00:00+00:00,BG.West.270,23.166666666666668,1024.7843,5.324667,86.93333333333334,0.0,0.0,2025-03-27 00:00:00+01:00
2025-03-27 00:00:00+00:00,BG.West.270,23.38333333333333,1024.4784,4.8463335,87.76666666666667,0.0,0.0,2025-03-27 01:00:00+01:00
2025-03-27 01:00:00+00:00,BG.West.270,23.433333333333334,1024.1409,4.3495,88.0,0.0,0.0,2025-03-27 02:00:00+01:00
2025-03-27 02:00:00+00:00,BG.West.270,23.399999999999995,1023.7881,3.8103333,88.0,0.0,0.0,2025-03-27 03:00:00+01:00
2025-03-27 03:00:00+00:00,BG.West.270,23.366666666666664,1023.6493,3.5193334,88.81666666666666,0.0,0.0,2025-03-27 04:00:00+01:00
2025-03-27 04:00:00+00:00,BG.West.270,23.266666666666666,1023.2406,3.3586667,89.0,0.0,0.0,2025-03-27 05:00:00+01:00
2025-03-27 05:00:00+00:00,BG.West.270,23.21666666666667,1023.1046,3.12,89.0,3.5166666666666666,0.0,2025-03-27 06:00:00+01:00
2025-03-27 06:00:00+00:00,BG.West.270,23.0,1022.90936,4.5975003,89.0,62.95,0.0,2025-03-27 07:00:00+01:00
2025-03-27 07:00:00+00:00,BG.West.270,22.78,1022.73663,6.986,88.78333333333333,146.2,0.13411199,2025-03-27 08:00:00+01:00
2025-03-27 08:00:00+00:00,BG.West.270,23.066666666666666,1022.6779,9.302667,83.86666666666666,174.48333333333332,0.26822397,2025-03-27 09:00:00+01:00
2025-03-27 09:00:00+00:00,BG.West.270,23.333333333333332,1022.5058,10.985999,73.81666666666666,347.4,0.78232,2025-03-27 10:00:00+01:00
2025-03-27 10:00:00+00:00,BG.West.270,23.599999999999998,1022.3777,12.3446665,68.38333333333334,525.6833333333333,0.603504,2025-03-27 11:00:00+01:00
2025-03-27 11:00:00+00:00,BG.West.270,23.5,1021.82574,13.401334,63.21666666666667,591.2833333333333,0.36508268,2025-03-27 12:00:00+01:00
2025-03-27 12:00:00+00:00,BG.West.270,23.516666666666666,1021.15063,14.559,57.93333333333333,582.7666666666667,0.21606933,2025-03-27 13:00:00+01:00
2025-03-27 13:00:00+00:00,BG.West.270,21.833333333333332,1020.3182,15.356334,56.81666666666667,519.0666666666667,0.16391467,2025-03-27 14:00:00+01:00
2025-03-27 14:00:00+00:00,BG.West.270,21.099999999999998,1019.6246,15.6405,54.05,436.31666666666666,0.16391467,2025-03-27 15:00:00+01:00
2025-03-27 15:00:00+00:00,BG.West.270,21.2,1018.92755,15.6865,55.05,324.95,0.044704,2025-03-27 16:00:00+01:00
2025-03-27 16:00:00+00:00,BG.West.270,21.216666666666665,1018.42633,15.052334,56.18333333333333,176.05,0.14901333,2025-03-27 17:00:00+01:00
2025-03-27 17:00:00+00:00,BG.West.270,22.233333333333334,1018.318,13.390667,59.9,25.333333333333332,0.022352,2025-03-27 18:00:00+01:00
2025-03-27 18:00:00+00:00,BG.West.270,22.366666666666664,1018.33997,11.832667,65.26666666666667,0.65,0.0,2025-03-27 19:00:00+01:00
2025-03-27 19:00:00+00:00,BG.West.270,21.5,1018.0606,9.6536665,72.73333333333333,0.0,0.0,2025-03-27 20:00:00+01:00
2025-03-27 20:00:00+00:00,BG.West.270,21.183333333333334,1017.665,8.1785,78.48333333333333,0.0,0.0,2025-03-27 21:00:00+01:00
2025-03-27 21:00:00+00:00,BG.West.270,21.883333333333336,1017.2298,7.3066664,81.88333333333334,0.0,0.0,2025-03-27 22:00:00+01:00
2025-03-27 22:00:00+00:00,BG.West.270,22.116666666666664,1016.4921,6.5315003,84.0,0.0,0.0,2025-03-27 23:00:00+01:00
2025-03-27 23:00:00+00:00,BG.West.270,22.3,1015.7065,6.1721663,85.46666666666667,0.0,0.0,2025-03-28 00:00:00+01:00
2025-03-28 00:00:00+00:00,BG.West.270,22.5,1015.0682,6.1076665,86.13333333333334,0.0,0.0,2025-03-28 01:00:00+01:00
2025-03-28 01:00:00+00:00,BG.West.270,22.516666666666666,1014.52576,6.6091666,86.01666666666667,0.0,0.0074506667,2025-03-28 02:00:00+01:00
2025-03-28 02:00:00+00:00,BG.West.270,22.600000000000005,1013.9817,6.188333,86.26666666666667,0.0,0.0,2025-03-28 03:00:00+01:00
2025-03-28 03:00:00+00:00,BG.West.270,22.600000000000005,1013.5144,6.5559998,87.1,0.0,0.07450666,2025-03-28 04:00:00+01:00
2025-03-28 04:00:00+00:00,BG.West.270,22.61666666666667,1013.25476,6.7823334,88.0,0.0,0.06705599,2025-03-28 05:00:00+01:00
2025-03-28 05:00:00+00:00,BG.West.270,22.666666666666668,1012.9195,6.927,88.03333333333333,0.7833333333333333,0.16391467,2025-03-28 06:00:00+01:00
2025-03-28 06:00:00+00:00,BG.West.270,22.600000000000005,1012.9088,7.1246667,88.2,25.7,0.31292802,2025-03-28 07:00:00+01:00
2025-03-28 07:00:00+00:00,BG.West.270,22.516666666666666,1012.8512,7.9046664,86.2,80.7,1.6540481,2025-03-28 08:00:00+01:00
2025-03-28 08:00:00+00:00,BG.West.270,22.349999999999998,1012.7976,8.542666,82.16666666666667,113.5,1.8254132,2025-03-28 09:00:00+01:00
2025-03-28 09:00:00+00:00,BG.West.270,21.72,1012.7513,9.371667,79.2,125.66666666666667,1.7062027,2025-03-28 10:00:00+01:00
2025-03-28 10:00:00+00:00,BG.West.270,22.266666666666666,1012.33923,10.239333,76.88333333333334,171.33333333333334,1.3113173,2025-03-28 11:00:00+01:00
2025-03-28 11:00:00+00:00,BG.West.270,22.366666666666664,1011.9583,11.0175,75.58333333333333,193.01666666666668,1.7285546,2025-03-28 12:00:00+01:00
2025-03-28 12:00:00+00:00,BG.West.270,22.02,1011.62305,10.8376665,78.75,126.78333333333333,1.4826827,2025-03-28 13:00:00+01:00
2025-03-28 13:00:00+00:00,BG.West.270,21.71666666666667,1011.1811,10.908,81.88333333333334,131.98333333333332,1.2442613,2025-03-28 14:00:00+01:00
2025-03-28 14:00:00+00:00,BG.West.270,22.166666666666668,1010.7155,11.364333,81.53333333333333,78.91666666666667,1.34112,2025-03-28 15:00:00+01:00
2025-03-28 15:00:00+00:00,BG.West.270,21.483333333333334,1010.5936,10.906834,84.01666666666667,47.85,0.89408,2025-03-28 16:00:00+01:00
2025-03-28 16:00:00+00:00,BG.West.270,20.53333333333333,1010.88654,10.0494995,86.25,15.5,0.81212264,2025-03-28 17:00:00+01:00
2025-03-28 17:00:00+00:00,BG.West.270,21.583333333333332,1011.22125,9.305667,86.55,10.433333333333334,0.20861866,2025-03-28 18:00:00+01:00
2025-03-28 18:00:00+00:00,BG.West.270,22.0,1011.7399,8.981999,83.88333333333334,1.1,0.0149013335,2025-03-28 19:00:00+01:00
2025-03-28 19:00:00+00:00,BG.West.270,22.25,1012.4889,8.740666,83.6,0.0,0.0,2025-03-28 20:00:00+01:00
2025-03-28 20:00:00+00:00,BG.West.270,22.266666666666666,1013.1345,8.431666,84.36666666666666,0.0,0.0,2025-03-28 21:00:00+01:00
2025-03-28 21:00:00+00:00,BG.West.270,22.28333333333333,1013.60974,8.032833,85.78333333333333,0.0,0.0149013335,2025-03-28 22:00:00+01:00
2025-03-28 22:00:00+00:00,BG.West.270,22.25,1014.0861,7.5958333,86.83333333333333,0.0,0.0,2025-03-28 23:00:00+01:00
2025-03-28 23:00:00+00:00,BG.West.270,22.25,1014.3746,7.3398337,87.0,0.0,0.0,2025-03-29 00:00:00+01:00
2025-03-29 00:00:00+00:00,BG.West.270,22.316666666666666,1014.7516,6.6905,87.0,0.0,0.0,2025-03-29 01:00:00+01:00
2025-03-29 01:00:00+00:00,BG.West.270,22.34,1015.2403,5.8053336,87.25,0.0,0.0,2025-03-29 02:00:00+01:00
2025-03-29 02:00:00+00:00,BG.West.270,22.349999999999998,1015.63367,5.4698334,87.96666666666667,0.0,0.0,2025-03-29 03:00:00+01:00
2025-03-29 03:00:00+00:00,BG.West.270,22.349999999999998,1016.2359,6.0331664,87.56666666666666,0.0,0.0,2025-03-29 04:00:00+01:00
2025-03-29 04:00:00+00:00,BG.West.270,22.349999999999998,1017.0137,6.123667,87.0,0.0,0.0,2025-03-29 05:00:00+01:00
2025-03-29 05:00:00+00:00,BG.West.270,22.3,1017.81793,6.359,86.03333333333333,3.75,0.0,2025-03-29 06:00:00+01:00
2025-03-29 06:00:00+00:00,BG.West.270,22.333333333333332,1018.83887,6.9166665,85.56666666666666,58.833333333333336,0.11921067,2025-03-29 07:00:00+01:00
2025-03-29 07:00:00+00:00,BG.West.270,22.416666666666668,1019.65784,8.173666,81.46666666666667,117.26666666666667,0.64820796,2025-03-29 08:00:00+01:00
2025-03-29 08:00:00+00:00,BG.West.270,22.55,1020.44855,8.817,77.85,151.15,0.9015306,2025-03-29 09:00:00+01:00
2025-03-29 09:00:00+00:00,BG.West.270,22.666666666666668,1020.97174,9.709,73.26666666666667,342.35,0.8419253,2025-03-29 10:00:00+01:00
2025-03-29 10:00:00+00:00,BG.West.270,22.7,1021.3956,10.656167,69.35,566.7333333333333,0.8419253,2025-03-29 11:00:00+01:00
2025-03-29 11:00:00+00:00,BG.West.270,22.7,1021.6879,10.882999,68.11666666666666,510.3833333333333,0.7748693,2025-03-29 12:00:00+01:00
2025-03-29 12:00:00+00:00,BG.West.270,22.766666666666666,1021.80145,11.092167,66.65,592.4166666666666,1.4826827,2025-03-29 13:00:00+01:00
2025-04-04 09:00:00+00:00,BG.West.270,22.1,1021.57056,16.828667,53.63333333333333,340.18333333333334,0.14901333,2025-04-04 11:00:00+02:00
2025-04-04 10:00:00+00:00,BG.West.270,22.425,1021.0931,19.9905,44.0,606.9166666666666,0.65565866,2025-04-04 12:00:00+02:00
2025-04-04 11:00:00+00:00,BG.West.270,23.166666666666668,1020.5676,21.365665,40.05,643.4833333333333,0.9909386,2025-04-04 13:00:00+02:00
2025-04-04 12:00:00+00:00,BG.West.270,23.48,1019.94116,22.726166,35.46666666666667,634.9833333333333,0.7003626,2025-04-04 14:00:00+02:00
2025-04-04 13:00:00+00:00,BG.West.270,23.833333333333332,1019.20404,23.1665,34.61666666666667,579.15,0.34273064,2025-04-04 15:00:00+02:00
2025-04-04 14:00:00+00:00,BG.West.270,24.0,1018.58606,23.897667,32.016666666666666,490.18333333333334,0.31292802,2025-04-04 16:00:00+02:00
2025-04-05 06:00:00+00:00,BG.West.270,24.05,1019.77747,7.8108335,86.66666666666667,64.53333333333333,0.029802667,2025-04-05 08:00:00+02:00
2025-04-05 07:00:00+00:00,BG.West.270,24.125,1020.1291,9.976666,76.18333333333334,145.4,0.16391467,2025-04-05 09:00:00+02:00
2025-04-05 11:00:00+00:00,BG.West.270,24.2,1020.3881,16.309,48.7,661.1166666666667,0.23842134,2025-04-05 13:00:00+02:00
2025-04-05 12:00:00+00:00,BG.West.270,24.266666666666666,1020.14264,17.003,44.5,652.6,0.29057598,2025-04-05 14:00:00+02:00
2025-04-05 13:00:00+00:00,BG.West.270,24.483333333333334,1019.8808,17.1315,38.75,601.9833333333333,0.47684267,2025-04-05 15:00:00+02:00
2025-04-05 14:00:00+00:00,BG.West.270,24.45,1019.4095,17.528332,34.78333333333333,510.28333333333336,0.67056,2025-04-05 16:00:00+02:00
2025-04-05 15:00:00+00:00,BG.West.270,24.38333333333333,1019.2938,17.328333,35.78333333333333,376.95,0.49919465,2025-04-05 17:00:00+02:00
2025-04-05 16:00:00+00:00,BG.West.270,24.21666666666667,1019.34235,16.398666,38.8,225.4,0.54389864,2025-04-05 18:00:00+02:00
2025-04-05 17:00:00+00:00,BG.West.270,24.349999999999998,1019.5416,14.167666,45.983333333333334,44.78333333333333,0.5066453,2025-04-05 19:00:00+02:00
2025-04-05 18:00:00+00:00,BG.West.270,24.34,1020.1291,11.853167,58.3,2.933333333333333,0.06705599,2025-04-05 20:00:00+02:00
2025-04-05 19:00:00+00:00,BG.West.270,24.2,1020.8279,10.527333,64.18333333333334,0.0,0.104309335,2025-04-05 21:00:00+02:00
2025-04-07 10:00:00+00:00,BG.West.270,19.833333333333332,1027.345,12.975167,38.43333333333333,630.5333333333333,0.36508268,2025-04-07 12:00:00+02:00
2025-04-07 11:00:00+00:00,BG.West.270,21.133333333333333,1027.1451,13.464334,38.25,669.2666666666667,0.46939197,2025-04-07 13:00:00+02:00
2025-04-07 12:00:00+00:00,BG.West.270,21.599999999999998,1026.9104,14.400333,36.93333333333333,659.9,0.052154664,2025-04-07 14:00:00+02:00
2025-04-07 13:00:00+00:00,BG.West.270,21.9,1026.4413,14.927501,36.233333333333334,605.6166666666667,0.0074506667,2025-04-07 15:00:00+02:00
2025-04-07 16:00:00+00:00,BG.West.270,22.5,1025.9176,14.8135,43.03333333333333,228.36666666666667,0.11921067,2025-04-07 18:00:00+02:00
2025-04-07 17:00:00+00:00,BG.West.270,22.366666666666664,1025.9684,13.2578335,44.766666666666666,50.4,0.03725333,2025-04-07 19:00:00+02:00
2025-04-07 18:00:00+00:00,BG.West.270,22.25,1026.5796,11.379833,48.03333333333333,3.683333333333333,0.0,2025-04-07 20:00:00+02:00
2025-04-07 19:00:00+00:00,BG.West.270,22.2,1027.1875,9.911667,56.016666666666666,0.0,0.0,2025-04-07 21:00:00+02:00
2025-04-07 20:00:00+00:00,BG.West.270,22.2,1027.4719,8.734166,67.28333333333333,0.0,0.0,2025-04-07 22:00:00+02:00
2025-04-07 21:00:00+00:00,BG.West.270,22.16,1027.5177,8.14,68.13333333333334,0.0,0.0,2025-04-07 23:00:00+02:00
2025-04-07 22:00:00+00:00,BG.West.270,22.150000000000002,1027.8038,7.9381666,63.78333333333333,0.0,0.0,2025-04-08 00:00:00+02:00
2025-04-07 23:00:00+00:00,BG.West.270,22.2,1027.8314,7.2446666,63.166666666666664,0.0,0.0,2025-04-08 01:00:00+02:00
2025-04-08 00:00:00+00:00,BG.West.270,22.166666666666668,1027.8495,6.281833,66.61666666666666,0.0,0.0,2025-04-08 02:00:00+02:00
2025-04-08 01:00:00+00:00,BG.West.270,22.133333333333336,1027.9506,5.5591664,70.55,0.0,0.0,2025-04-08 03:00:00+02:00
2025-04-08 02:00:00+00:00,BG.West.270,22.083333333333332,1027.8518,5.3069997,72.7,0.0,0.0,2025-04-08 04:00:00+02:00
2025-04-08 03:00:00+00:00,BG.West.270,22.03333333333333,1027.6401,5.0466666,74.41666666666667,0.0,0.0,2025-04-08 05:00:00+02:00
2025-04-08 04:00:00+00:00,BG.West.270,22.0,1027.7333,4.6571665,76.65,0.0,0.0,2025-04-08 06:00:00+02:00
2025-04-08 05:00:00+00:00,BG.West.270,22.0,1027.8337,4.413167,79.25,11.066666666666666,0.0,2025-04-08 07:00:00+02:00
2025-04-08 06:00:00+00:00,BG.West.270,21.849999999999998,1028.1102,5.5039997,77.18333333333334,65.88333333333334,0.0074506667,2025-04-08 08:00:00+02:00
2025-04-08 07:00:00+00:00,BG.West.270,21.0,1028.3699,7.572,69.9,143.68333333333334,0.022352,2025-04-08 09:00:00+02:00
2025-04-08 08:00:00+00:00,BG.West.270,21.666666666666668,1028.4946,9.322333,64.25,187.73333333333332,0.23842134,2025-04-08 10:00:00+02:00
2025-04-08 09:00:00+00:00,BG.West.270,22.516666666666666,1028.7278,11.665333,56.95,342.81666666666666,0.08195733,2025-04-08 11:00:00+02:00
2025-04-08 10:00:00+00:00,BG.West.270,23.03333333333333,1028.6188,14.507334,46.083333333333336,628.0333333333333,0.029802667,2025-04-08 12:00:00+02:00
2025-04-08 11:00:00+00:00,BG.West.270,22.116666666666664,1028.2812,15.6883335,41.05,668.5666666666667,0.059605334,2025-04-08 13:00:00+02:00
2025-04-08 12:00:00+00:00,BG.West.270,22.333333333333332,1027.6373,16.579,38.31666666666667,656.3333333333334,0.245872,2025-04-08 14:00:00+02:00
2025-04-08 13:00:00+00:00,BG.West.270,22.483333333333334,1026.8353,16.7385,38.31666666666667,605.6,0.29802665,2025-04-08 15:00:00+02:00
2025-04-08 14:00:00+00:00,BG.West.270,21.6,1026.1902,17.049833,38.61666666666667,505.7,0.11176,2025-04-08 16:00:00+02:00
2025-04-08 15:00:00+00:00,BG.West.270,21.683333333333334,1025.8273,16.7275,42.93333333333333,393.3,0.39488533,2025-04-08 17:00:00+02:00
2025-04-08 16:00:00+00:00,BG.West.270,21.616666666666664,1025.8679,14.300833,52.88333333333333,220.9,0.37253332,2025-04-08 18:00:00+02:00
2025-04-08 17:00:00+00:00,BG.West.270,20.849999999999998,1025.9243,12.663333,59.25,63.016666666666666,0.0,2025-04-08 19:00:00+02:00
2025-04-08 18:00:00+00:00,BG.West.270,20.333333333333332,1026.0829,11.019333,66.33333333333333,7.65,0.0,2025-04-08 20:00:00+02:00
2025-04-08 19:00:00+00:00,BG.West.270,19.983333333333334,1026.3081,9.225,71.66666666666667,0.0,0.0,2025-04-08 21:00:00+02:00
2025-04-08 20:00:00+00:00,BG.West.270,20.766666666666666,1026.3995,8.140667,74.41666666666667,0.0,0.0,2025-04-08 22:00:00+02:00
2025-04-08 21:00:00+00:00,BG.West.270,21.083333333333332,1026.3126,7.0308332,75.01666666666667,0.0,0.0,2025-04-08 23:00:00+02:00
2025-04-08 22:00:00+00:00,BG.West.270,21.2,1026.3126,6.3975,76.78333333333333,0.0,0.0,2025-04-09 00:00:00+02:00
2025-04-08 23:00:00+00:00,BG.West.270,21.216666666666665,1026.3126,6.0628333,78.6,0.0,0.0,2025-04-09 01:00:00+02:00
2025-04-09 00:00:00+00:00,BG.West.270,21.266666666666666,1026.3126,5.6891665,80.23333333333333,0.0,0.0,2025-04-09 02:00:00+02:00
2025-04-09 01:00:00+00:00,BG.West.270,21.266666666666666,1026.3126,5.4435,82.33333333333333,0.0,0.0,2025-04-09 03:00:00+02:00
2025-04-09 02:00:00+00:00,BG.West.270,21.283333333333335,1026.3126,5.52,83.0,0.0,0.0,2025-04-09 04:00:00+02:00
2025-04-09 03:00:00+00:00,BG.West.270,21.25,1026.3126,5.524167,83.0,0.0,0.0,2025-04-09 05:00:00+02:00
2025-04-09 04:00:00+00:00,BG.West.270,21.283333333333335,1026.3126,5.4355,83.81666666666666,0.0,0.0,2025-04-09 06:00:00+02:00
2025-04-09 05:00:00+00:00,BG.West.270,21.233333333333334,1026.3126,5.9091663,83.78333333333333,12.616666666666667,0.0,2025-04-09 07:00:00+02:00
2025-04-09 06:00:00+00:00,BG.West.270,21.2,1026.3126,6.527,82.83333333333333,80.45,0.0,2025-04-09 08:00:00+02:00
2025-04-09 07:00:00+00:00,BG.West.270,19.5,1026.3126,8.222667,76.43333333333334,166.56666666666666,0.0,2025-04-09 09:00:00+02:00
2025-04-09 08:00:00+00:00,BG.West.270,18.740000000000002,1026.3126,9.094,72.71666666666667,197.86666666666667,0.104309335,2025-04-09 10:00:00+02:00
2025-04-09 09:00:00+00:00,BG.West.270,19.383333333333333,1026.3126,10.237166,70.0,341.15,0.08195733,2025-04-09 11:00:00+02:00
2025-04-09 10:00:00+00:00,BG.West.270,19.78333333333333,1026.3126,12.248167,64.96666666666667,626.8333333333334,0.089408,2025-04-09 12:00:00+02:00
2025-04-09 11:00:00+00:00,BG.West.270,20.583333333333332,1026.3126,13.360333,60.7,659.8,0.13411202,2025-04-09 13:00:00+02:00
2025-04-09 12:00:00+00:00,BG.West.270,21.0,1027.2478,13.951,59.666666666666664,662.3833333333333,0.357632,2025-04-09 14:00:00+02:00
2025-04-09 13:00:00+00:00,BG.West.270,21.2,1027.7677,13.227833,62.63333333333333,593.1833333333333,0.32782933,2025-04-09 15:00:00+02:00
2025-04-09 14:00:00+00:00,BG.West.270,20.916666666666668,1027.8094,12.644167,62.583333333333336,502.65,0.53644794,2025-04-09 16:00:00+02:00
2025-04-09 15:00:00+00:00,BG.West.270,20.633333333333333,1027.9398,12.062166,62.65,381.1333333333333,0.22352,2025-04-09 17:00:00+02:00
2025-04-09 16:00:00+00:00,BG.West.270,21.2,1028.1373,11.0065,64.51666666666667,226.2,0.3501813,2025-04-09 18:00:00+02:00
2025-04-09 17:00:00+00:00,BG.West.270,21.2,1028.647,8.922167,68.98333333333333,56.483333333333334,0.38743466,2025-04-09 19:00:00+02:00
2025-04-09 18:00:00+00:00,BG.West.270,21.0,1029.1578,7.807,72.9,4.566666666666666,0.17136532,2025-04-09 20:00:00+02:00
2025-04-09 19:00:00+00:00,BG.West.270,20.966666666666665,1029.3932,7.923333,73.36666666666666,0.0,0.13411199,2025-04-09 21:00:00+02:00
2025-04-09 20:00:00+00:00,BG.West.270,20.9,1029.5219,8.033167,74.91666666666667,0.0,0.21606933,2025-04-09 22:00:00+02:00
2025-04-09 21:00:00+00:00,BG.West.270,20.9,1029.9626,7.8155,74.63333333333334,0.0,0.0074506667,2025-04-09 23:00:00+02:00
2025-04-09 22:00:00+00:00,BG.West.270,20.933333333333334,1030.1167,8.0335,75.8,0.0,0.0,2025-04-10 00:00:00+02:00
2025-04-09 23:00:00+00:00,BG.West.270,20.966666666666665,1030.0715,7.9909997,76.11666666666666,0.0,0.0,2025-04-10 01:00:00+02:00
2025-04-10 00:00:00+00:00,BG.West.270,20.933333333333334,1029.9525,8.233334,76.03333333333333,0.0,0.0,2025-04-10 02:00:00+02:00
2025-04-10 01:00:00+00:00,BG.West.270,20.95,1029.5522,8.486333,77.0,0.0,0.0149013335,2025-04-10 03:00:00+02:00
2025-04-10 02:00:00+00:00,BG.West.270,20.983333333333334,1029.361,8.582167,77.63333333333334,0.0,0.14901333,2025-04-10 04:00:00+02:00
2025-04-10 03:00:00+00:00,BG.West.270,20.966666666666665,1029.3547,8.4939995,78.41666666666667,0.0,0.06705599,2025-04-10 05:00:00+02:00
2025-04-10 04:00:00+00:00,BG.West.270,20.95,1029.3192,8.333333,78.0,0.0,0.14901333,2025-04-10 06:00:00+02:00
2025-04-10 05:00:00+00:00,BG.West.270,20.933333333333334,1029.6268,7.912667,78.0,11.316666666666666,0.03725333,2025-04-10 07:00:00+02:00
2025-04-10 06:00:00+00:00,BG.West.270,20.883333333333333,1029.8192,8.264167,78.0,40.43333333333333,0.20861866,2025-04-10 08:00:00+02:00
2025-04-10 07:00:00+00:00,BG.West.270,21.0,1030.2053,8.640834,78.06666666666666,70.93333333333334,0.09685866,2025-04-10 09:00:00+02:00
2025-04-10 08:00:00+00:00,BG.West.270,21.316666666666666,1030.4955,8.963333,77.55,108.41666666666667,0.089408,2025-04-10 10:00:00+02:00
2025-04-10 09:00:00+00:00,BG.West.270,21.483333333333334,1030.382,9.7838335,75.46666666666667,214.6,0.07450666,2025-04-10 11:00:00+02:00
2025-04-10 10:00:00+00:00,BG.West.270,21.64,1030.1082,10.866,72.58333333333333,308.1333333333333,0.059605334,2025-04-10 12:00:00+02:00
2025-04-10 11:00:00+00:00,BG.West.270,21.666666666666668,1030.0461,11.757,69.03333333333333,607.5166666666667,0.12666133,2025-04-10 13:00:00+02:00
2025-04-10 12:00:00+00:00,BG.West.270,21.766666666666666,1029.8164,12.628833,65.48333333333333,674.3833333333333,0.27567467,2025-04-10 14:00:00+02:00
2025-04-10 13:00:00+00:00,BG.West.270,21.53333333333333,1029.4479,13.007,63.71666666666667,619.7,0.31292802,2025-04-10 15:00:00+02:00
2025-04-10 14:00:00+00:00,BG.West.270,20.849999999999998,1028.9817,12.655667,64.9,522.25,0.67056,2025-04-10 16:00:00+02:00
2025-04-10 15:00:00+00:00,BG.West.270,21.849999999999998,1028.4968,12.208834,65.93333333333334,388.05,0.42468798,2025-04-10 17:00:00+02:00
2025-04-10 16:00:00+00:00,BG.West.270,21.96666666666667,1027.9138,11.813001,67.13333333333334,242.26666666666668,0.0,2025-04-10 18:00:00+02:00
2025-04-10 17:00:00+00:00,BG.West.270,21.833333333333332,1027.7219,10.4383335,70.66666666666667,63.483333333333334,0.0,2025-04-10 19:00:00+02:00
2025-04-10 18:00:00+00:00,BG.West.270,21.733333333333334,1027.6954,8.767834,77.03333333333333,5.016666666666667,0.0,2025-04-10 20:00:00+02:00
2025-04-10 19:00:00+00:00,BG.West.270,21.599999999999998,1027.7118,8.014667,81.08333333333333,0.0,0.0,2025-04-10 21:00:00+02:00
2025-04-10 20:00:00+00:00,BG.West.270,21.383333333333336,1027.3297,7.5053334,82.83333333333333,0.0,0.0,2025-04-10 22:00:00+02:00
2025-04-10 21:00:00+00:00,BG.West.270,21.216666666666665,1026.8308,6.761,84.55,0.0,0.0,2025-04-10 23:00:00+02:00
2025-04-10 22:00:00+00:00,BG.West.270,21.216666666666665,1026.5632,6.7476664,85.2,0.0,0.0,2025-04-11 00:00:00+02:00
2025-04-10 23:00:00+00:00,BG.West.270,21.2,1026.0852,6.3968334,86.0,0.0,0.0,2025-04-11 01:00:00+02:00
2025-04-11 00:00:00+00:00,BG.West.270,21.2,1025.4327,5.8941665,86.81666666666666,0.0,0.0,2025-04-11 02:00:00+02:00
2025-04-11 01:00:00+00:00,BG.West.270,21.2,1024.808,5.679,87.35,0.0,0.0,2025-04-11 03:00:00+02:00
2025-04-11 02:00:00+00:00,BG.West.270,21.166666666666668,1024.3113,5.4043336,88.0,0.0,0.0,2025-04-11 04:00:00+02:00
2025-04-11 03:00:00+00:00,BG.West.270,21.14,1023.9823,5.1281667,88.0,0.0,0.0,2025-04-11 05:00:00+02:00
2025-04-11 04:00:00+00:00,BG.West.270,21.1,1023.51666,5.2015,88.0,0.0,0.0,2025-04-11 06:00:00+02:00
2025-04-11 05:00:00+00:00,BG.West.270,21.1,1023.2508,5.8798337,88.0,14.116666666666667,0.0,2025-04-11 07:00:00+02:00
2025-04-11 06:00:00+00:00,BG.West.270,21.0,1023.2231,7.2816668,88.0,61.833333333333336,0.0,2025-04-11 08:00:00+02:00
2025-04-11 07:00:00+00:00,BG.West.270,20.2,1023.2745,9.383834,87.71666666666667,130.08333333333334,0.0,2025-04-11 09:00:00+02:00
2025-04-11 08:00:00+00:00,BG.West.270,20.766666666666666,1023.20447,11.583667,80.8,192.05,0.0,2025-04-11 10:00:00+02:00
2025-04-11 09:00:00+00:00,BG.West.270,21.866666666666664,1022.9257,13.331333,71.25,367.1,0.26822397,2025-04-11 11:00:00+02:00
2025-04-11 10:00:00+00:00,BG.West.270,22.45,1022.7287,14.871667,64.26666666666667,614.9333333333333,0.64820796,2025-04-11 12:00:00+02:00
2025-04-11 11:00:00+00:00,BG.West.270,22.46666666666667,1022.473,15.9605,60.56666666666667,653.0,0.29802665,2025-04-11 13:00:00+02:00
2025-04-11 12:00:00+00:00,BG.West.270,22.7,1022.0865,16.224499,60.06666666666667,639.6,0.52154666,2025-04-11 14:00:00+02:00
2025-04-11 13:00:00+00:00,BG.West.270,23.150000000000002,1021.73035,16.1765,58.2,586.4666666666667,0.44704,2025-04-11 15:00:00+02:00
2025-04-11 14:00:00+00:00,BG.West.270,23.633333333333336,1021.1744,16.400333,54.18333333333333,505.28333333333336,0.43213865,2025-04-11 16:00:00+02:00
2025-04-11 15:00:00+00:00,BG.West.270,23.45,1020.6371,16.595333,56.18333333333333,374.81666666666666,0.20861866,2025-04-11 17:00:00+02:00
2025-04-11 16:00:00+00:00,BG.West.270,22.816666666666666,1020.3346,16.193167,57.55,228.33333333333334,0.044704,2025-04-11 18:00:00+02:00
2025-04-11 17:00:00+00:00,BG.West.270,22.233333333333334,1019.9293,14.720333,61.983333333333334,75.6,0.0,2025-04-11 19:00:00+02:00
2025-04-11 18:00:00+00:00,BG.West.270,21.95,1019.64996,13.0035,67.98333333333333,7.966666666666667,0.0,2025-04-11 20:00:00+02:00
2025-04-11 19:00:00+00:00,BG.West.270,21.816666666666666,1019.4784,11.507167,73.15,0.0,0.0,2025-04-11 21:00:00+02:00
2025-04-11 20:00:00+00:00,BG.West.270,21.7,1019.1894,10.1501665,77.73333333333333,0.0,0.0,2025-04-11 22:00:00+02:00
2025-04-11 21:00:00+00:00,BG.West.270,21.650000000000002,1018.7447,9.457833,81.81666666666666,0.0,0.0,2025-04-11 23:00:00+02:00
2025-04-11 22:00:00+00:00,BG.West.270,21.7,1018.31683,8.645499,83.96666666666667,0.0,0.0,2025-04-12 00:00:00+02:00
2025-04-11 23:00:00+00:00,BG.West.270,21.733333333333334,1017.66327,8.25,85.68333333333334,0.0,0.0,2025-04-12 01:00:00+02:00
2025-04-12 00:00:00+00:00,BG.West.270,21.7,1016.995,7.9115,86.36666666666666,0.0,0.0,2025-04-12 02:00:00+02:00
2025-04-12 01:00:00+00:00,BG.West.270,21.683333333333334,1016.3691,7.4775,86.95,0.0,0.0,2025-04-12 03:00:00+02:00
2025-04-12 02:00:00+00:00,BG.West.270,21.633333333333336,1015.8713,7.100167,87.53333333333333,0.0,0.0,2025-04-12 04:00:00+02:00
2025-04-12 03:00:00+00:00,BG.West.270,21.62,1015.39777,7.048667,88.0,0.0,0.0,2025-04-12 05:00:00+02:00
2025-04-12 04:00:00+00:00,BG.West.270,21.61666666666667,1015.0687,6.8665,88.0,0.0,0.0,2025-04-12 06:00:00+02:00
2025-04-12 05:00:00+00:00,BG.West.270,21.566666666666666,1014.6234,7.2355,88.0,14.183333333333334,0.0,2025-04-12 07:00:00+02:00
2025-04-12 06:00:00+00:00,BG.West.270,21.55,1014.06067,8.6935,88.0,62.11666666666667,0.0,2025-04-12 08:00:00+02:00
2025-04-12 07:00:00+00:00,BG.West.270,21.566666666666666,1013.28296,12.112333,84.5,140.86666666666667,0.20861866,2025-04-12 09:00:00+02:00
2025-04-12 08:00:00+00:00,BG.West.270,21.666666666666668,1012.71515,15.029333,71.8,198.03333333333333,0.17136532,2025-04-12 10:00:00+02:00
2025-04-12 09:00:00+00:00,BG.West.270,21.816666666666666,1012.0153,17.399332,62.7,375.43333333333334,0.66310936,2025-04-12 11:00:00+02:00
2025-04-12 15:00:00+00:00,BG.West.270,22.083333333333332,1004.42645,24.239834,33.083333333333336,392.85,1.7583574,2025-04-12 17:00:00+02:00
2025-04-12 16:00:00+00:00,BG.West.270,22.066666666666666,1003.33826,24.044,34.0,245.0,1.3262187,2025-04-12 18:00:00+02:00
2025-04-12 17:00:00+00:00,BG.West.270,22.016666666666666,1002.63104,22.609499,36.93333333333333,68.81666666666666,0.6333066,2025-04-12 19:00:00+02:00
2025-04-12 18:00:00+00:00,BG.West.270,22.0,1002.10223,20.361666,42.28333333333333,2.6,0.0,2025-04-12 20:00:00+02:00
2025-04-12 19:00:00+00:00,BG.West.270,21.96666666666667,1001.5141,18.456167,47.43333333333333,0.0,0.0,2025-04-12 21:00:00+02:00
2025-04-12 20:00:00+00:00,BG.West.270,21.919999999999998,1001.29065,19.000834,45.31666666666667,0.0,0.10430933,2025-04-12 22:00:00+02:00
2025-04-12 21:00:00+00:00,BG.West.270,22.0,1001.29065,19.305834,45.416666666666664,0.0,0.0,2025-04-12 23:00:00+02:00
2025-04-12 22:00:00+00:00,BG.West.270,21.983333333333334,1001.10724,18.013666,49.45,0.0,0.32782933,2025-04-13 00:00:00+02:00
2025-04-12 23:00:00+00:00,BG.West.270,21.983333333333334,1000.6878,17.304834,54.016666666666666,0.0,0.25332266,2025-04-13 01:00:00+02:00
2025-04-13 00:00:00+00:00,BG.West.270,21.95,1000.33795,15.7751665,68.36666666666666,0.0,0.34273064,2025-04-13 02:00:00+02:00
2025-04-13 01:00:00+00:00,BG.West.270,21.95,999.9745,13.898334,81.46666666666667,0.0,0.32782933,2025-04-13 03:00:00+02:00
2025-04-13 02:00:00+00:00,BG.West.270,21.933333333333334,999.60144,13.397833,84.66666666666667,0.0,0.34273064,2025-04-13 04:00:00+02:00
2025-04-13 03:00:00+00:00,BG.West.270,21.899999999999995,999.4123,13.264166,86.33333333333333,0.0,0.0,2025-04-13 05:00:00+02:00
2025-04-13 04:00:00+00:00,BG.West.270,21.899999999999995,999.4801,13.355,87.0,0.0,0.029802667,2025-04-13 06:00:00+02:00
2025-04-13 05:00:00+00:00,BG.West.270,21.899999999999995,999.9485,13.356167,87.0,14.633333333333333,0.044704,2025-04-13 07:00:00+02:00
2025-04-13 06:00:00+00:00,BG.West.270,21.933333333333334,1000.72394,13.494666,86.65,71.18333333333334,0.44704,2025-04-13 08:00:00+02:00
2025-04-13 07:00:00+00:00,BG.West.270,22.0,1001.2263,13.4405,83.11666666666666,92.21666666666667,0.85682666,2025-04-13 09:00:00+02:00
2025-04-13 08:00:00+00:00,BG.West.270,22.03333333333333,1001.28723,13.535,79.21666666666667,204.35,1.0728959,2025-04-13 10:00:00+02:00
2025-04-13 09:00:00+00:00,BG.West.270,22.099999999999998,1001.28723,14.403334,74.4,303.9166666666667,1.2368107,2025-04-13 11:00:00+02:00
2025-04-13 10:00:00+00:00,BG.West.270,22.183333333333334,1001.28723,14.545667,73.18333333333334,445.8666666666667,0.916432,2025-04-13 12:00:00+02:00
2025-04-13 11:00:00+00:00,BG.West.270,22.2,1003.6978,14.945499,70.63333333333334,504.8,0.73016536,2025-04-13 13:00:00+02:00
2025-04-13 12:00:00+00:00,BG.West.270,22.266666666666666,1004.8508,15.740333,65.53333333333333,640.1,0.40978667,2025-04-13 14:00:00+02:00
2025-04-13 13:00:00+00:00,BG.West.270,22.560000000000002,1005.08,16.696167,63.016666666666666,581.5833333333334,0.9089813,2025-04-13 15:00:00+02:00
2025-04-13 14:00:00+00:00,BG.West.270,22.383333333333336,1005.2206,16.524166,62.75,495.3666666666667,0.8866293,2025-04-13 16:00:00+02:00
2025-04-13 15:00:00+00:00,BG.West.270,22.233333333333334,1005.71326,14.934834,65.2,266.55,1.631696,2025-04-13 17:00:00+02:00
2025-04-13 16:00:00+00:00,BG.West.270,22.2,1006.0666,13.418,68.43333333333334,113.91666666666667,1.028192,2025-04-13 18:00:00+02:00
2025-04-13 17:00:00+00:00,BG.West.270,22.2,1006.23474,13.512,68.8,80.08333333333333,1.3709226,2025-04-13 19:00:00+02:00
2025-04-13 18:00:00+00:00,BG.West.270,22.150000000000002,1006.5672,13.003666,70.35,6.666666666666667,1.00584,2025-04-13 20:00:00+02:00
2025-04-13 19:00:00+00:00,BG.West.270,22.133333333333336,1006.9211,12.2615,73.45,0.0,0.47684267,2025-04-13 21:00:00+02:00
2025-04-13 20:00:00+00:00,BG.West.270,22.083333333333332,1007.1271,11.662,76.76666666666667,0.0,0.08195733,2025-04-13 22:00:00+02:00
2025-04-13 21:00:00+00:00,BG.West.270,22.03333333333333,1007.2665,11.448833,76.83333333333333,0.0,0.27567467,2025-04-13 23:00:00+02:00
2025-04-13 22:00:00+00:00,BG.West.270,22.0,1007.4132,11.334833,76.53333333333333,0.0,0.37253332,2025-04-14 00:00:00+02:00
2025-04-13 23:00:00+00:00,BG.West.270,22.0,1007.5656,10.974334,78.45,0.0,0.48429334,2025-04-14 01:00:00+02:00
2025-04-14 00:00:00+00:00,BG.West.270,21.95,1007.78345,11.093833,76.28333333333333,0.0,0.32037866,2025-04-14 02:00:00+02:00
2025-04-14 01:00:00+00:00,BG.West.270,21.95,1007.8997,10.701666,80.51666666666667,0.0,0.10430933,2025-04-14 03:00:00+02:00
2025-04-14 02:00:00+00:00,BG.West.270,21.933333333333334,1007.797,10.483999,83.73333333333333,0.0,0.059605334,2025-04-14 04:00:00+02:00
2025-04-14 03:00:00+00:00,BG.West.270,21.916666666666668,1007.95337,10.297833,85.8,0.0,0.15646401,2025-04-14 05:00:00+02:00
2025-04-14 04:00:00+00:00,BG.West.270,21.916666666666668,1008.3817,10.083333,86.0,0.16666666666666666,0.03725333,2025-04-14 06:00:00+02:00
2025-04-14 05:00:00+00:00,BG.West.270,21.78333333333333,1008.8654,10.079333,84.81666666666666,20.9,0.12666133,2025-04-14 07:00:00+02:00
2025-04-14 06:00:00+00:00,BG.West.270,21.7,1009.2594,10.1245,84.0,51.3,0.514096,2025-04-14 08:00:00+02:00
2025-04-14 07:00:00+00:00,BG.West.270,21.633333333333336,1009.47723,10.290333,83.73333333333333,114.68333333333334,0.17136532,2025-04-14 09:00:00+02:00
2025-04-14 08:00:00+00:00,BG.West.270,21.5,1009.4055,11.577333,80.15,218.01666666666668,0.58115196,2025-04-14 10:00:00+02:00
2025-04-14 09:00:00+00:00,BG.West.270,22.016666666666666,1009.49243,13.168834,71.5,368.1666666666667,0.8866293,2025-04-14 11:00:00+02:00
2025-04-14 10:00:00+00:00,BG.West.270,22.5,1009.3903,14.246333,64.23333333333333,514.7166666666667,0.9983893,2025-04-14 12:00:00+02:00
2025-04-14 11:00:00+00:00,BG.West.270,22.833333333333332,1009.0534,15.632501,55.6,663.6333333333333,0.7674187,2025-04-14 13:00:00+02:00
2025-04-14 12:00:00+00:00,BG.West.270,22.616666666666664,1008.63574,16.5885,51.43333333333333,643.3333333333334,1.1176,2025-04-14 14:00:00+02:00
2025-04-14 13:00:00+00:00,BG.West.270,22.366666666666664,1008.4681,17.278666,47.61666666666667,578.8166666666667,1.3113173,2025-04-14 15:00:00+02:00
2025-04-14 14:00:00+00:00,BG.West.270,22.03333333333333,1007.04584,17.559166,48.88333333333333,399.48333333333335,1.0877973,2025-04-14 16:00:00+02:00
2025-04-14 15:00:00+00:00,BG.West.270,21.400000000000002,1006.32446,18.157665,47.416666666666664,353.25,0.9685867,2025-04-14 17:00:00+02:00
2025-04-14 16:00:00+00:00,BG.West.270,21.96666666666667,1005.5247,17.721334,47.86666666666667,168.65,0.9089813,2025-04-14 18:00:00+02:00
2025-04-14 17:00:00+00:00,BG.West.270,22.11666666666667,1004.7256,16.822166,51.516666666666666,64.18333333333334,0.42468798,2025-04-14 19:00:00+02:00
2025-04-14 18:00:00+00:00,BG.West.270,22.150000000000002,1004.4597,15.615001,54.18333333333333,6.966666666666667,0.0149013335,2025-04-14 20:00:00+02:00
2025-04-14 19:00:00+00:00,BG.West.270,22.066666666666666,1004.46765,14.082,61.13333333333333,0.0,0.0,2025-04-14 21:00:00+02:00
2025-04-14 20:00:00+00:00,BG.West.270,21.96666666666667,1004.2074,13.013834,66.4,0.0,0.0,2025-04-14 22:00:00+02:00
2025-04-14 21:00:00+00:00,BG.West.270,21.866666666666664,1003.65436,11.953666,71.33333333333333,0.0,0.0,2025-04-14 23:00:00+02:00
2025-04-14 22:00:00+00:00,BG.West.270,22.05,1002.9607,11.736166,72.58333333333333,0.0,0.022352,2025-04-15 00:00:00+02:00
2025-04-14 23:00:00+00:00,BG.West.270,22.2,1002.15643,12.1225,72.33333333333333,0.0,0.0149013335,2025-04-15 01:00:00+02:00
2025-04-15 00:00:00+00:00,BG.West.270,22.166666666666668,1001.2901,11.806666,74.93333333333334,0.0,0.10430933,2025-04-15 02:00:00+02:00
2025-04-15 01:00:00+00:00,BG.West.270,22.2,1000.42706,11.751833,76.43333333333334,0.0,0.0149013335,2025-04-15 03:00:00+02:00
2025-04-15 02:00:00+00:00,BG.West.270,22.183333333333334,999.82654,11.267834,78.53333333333333,0.0,0.0149013335,2025-04-15 04:00:00+02:00
2025-04-15 03:00:00+00:00,BG.West.270,22.133333333333336,999.2074,10.952167,79.16666666666667,0.0,0.07450666,2025-04-15 05:00:00+02:00
2025-04-15 04:00:00+00:00,BG.West.270,22.133333333333336,998.6069,10.453833,80.71666666666667,1.1166666666666667,0.06705599,2025-04-15 06:00:00+02:00
2025-04-15 05:00:00+00:00,BG.West.270,22.133333333333336,998.02844,10.85,79.9,20.65,0.13411199,2025-04-15 07:00:00+02:00
2025-04-15 06:00:00+00:00,BG.West.270,21.916666666666668,997.5295,12.565166,75.38333333333334,63.85,0.692912,2025-04-15 08:00:00+02:00
2025-04-15 07:00:00+00:00,BG.West.270,21.916666666666668,997.18066,14.847667,69.66666666666667,131.98333333333332,0.8419253,2025-04-15 09:00:00+02:00
2025-04-15 08:00:00+00:00,BG.West.270,22.133333333333336,996.88324,16.227667,68.45,199.33333333333334,1.0207413,2025-04-15 10:00:00+02:00
2025-04-15 09:00:00+00:00,BG.West.270,22.316666666666666,996.86066,17.788832,64.16666666666667,360.6,0.81212264,2025-04-15 11:00:00+02:00
2025-04-15 10:00:00+00:00,BG.West.270,22.616666666666664,996.4735,19.512167,61.36666666666667,540.0833333333334,1.4826827,2025-04-15 12:00:00+02:00
2025-04-15 11:00:00+00:00,BG.West.270,22.71666666666667,996.28046,19.991167,60.68333333333333,307.48333333333335,1.1921066,2025-04-15 13:00:00+02:00
2025-04-15 12:00:00+00:00,BG.West.270,22.733333333333334,996.3606,19.493,63.43333333333333,278.26666666666665,1.1474026,2025-04-15 14:00:00+02:00
2025-04-15 13:00:00+00:00,BG.West.270,23.5,996.20764,19.109833,67.85,142.11666666666667,0.7078133,2025-04-15 15:00:00+02:00
2025-04-15 14:00:00+00:00,BG.West.270,23.849999999999998,996.20764,15.582334,77.63333333333334,97.9,0.95368534,2025-04-15 16:00:00+02:00
2025-04-15 15:00:00+00:00,BG.West.270,23.71666666666667,997.4826,14.4285,78.65,133.2,0.32782933,2025-04-15 17:00:00+02:00
2025-04-15 16:00:00+00:00,BG.West.270,23.78,997.9539,15.09,73.86666666666666,106.93333333333334,0.08195733,2025-04-15 18:00:00+02:00
2025-04-15 17:00:00+00:00,BG.West.270,23.733333333333334,998.40765,15.1625,72.23333333333333,60.46666666666667,0.0,2025-04-15 19:00:00+02:00
2025-04-15 18:00:00+00:00,BG.West.270,23.45,998.6651,14.295167,74.55,7.933333333333334,0.0,2025-04-15 20:00:00+02:00
2025-04-15 19:00:00+00:00,BG.West.270,22.666666666666668,999.44336,13.010333,79.53333333333333,0.0,0.0,2025-04-15 21:00:00+02:00
2025-04-15 20:00:00+00:00,BG.West.270,22.333333333333332,999.4586,12.678166,82.9,0.0,0.0,2025-04-15 22:00:00+02:00
2025-04-15 21:00:00+00:00,BG.West.270,22.2,999.4586,12.802,84.21666666666667,0.0,0.0,2025-04-15 23:00:00+02:00
2025-04-15 22:00:00+00:00,BG.West.270,22.45,999.4586,12.354167,85.66666666666667,0.0,0.0,2025-04-16 00:00:00+02:00
2025-04-15 23:00:00+00:00,BG.West.270,22.7,999.4586,11.995,86.38333333333334,0.0,0.0,2025-04-16 01:00:00+02:00
2025-04-16 00:00:00+00:00,BG.West.270,22.7,999.4586,12.8215,80.18333333333334,0.0,0.052154664,2025-04-16 02:00:00+02:00
2025-04-16 01:00:00+00:00,BG.West.270,22.7,999.4586,12.552833,75.91666666666667,0.0,0.23097067,2025-04-16 03:00:00+02:00
2025-04-16 02:00:00+00:00,BG.West.270,22.683333333333334,999.4586,11.272334,78.31666666666666,0.0,0.059605334,2025-04-16 04:00:00+02:00
2025-04-16 03:00:00+00:00,BG.West.270,22.61666666666667,999.4586,10.676667,80.81666666666666,0.0,0.27567467,2025-04-16 05:00:00+02:00
2025-04-16 04:00:00+00:00,BG.West.270,22.600000000000005,999.4586,10.3895,81.38333333333334,0.0,0.178816,2025-04-16 06:00:00+02:00
2025-04-16 05:00:00+00:00,BG.West.270,22.433333333333334,999.4586,10.28,78.38333333333334,19.15,0.11176,2025-04-16 07:00:00+02:00
2025-04-16 06:00:00+00:00,BG.West.270,22.0,999.4586,10.228333,75.0,47.266666666666666,0.059605334,2025-04-16 08:00:00+02:00
2025-04-16 07:00:00+00:00,BG.West.270,20.733333333333334,999.4586,10.843167,70.51666666666667,122.53333333333333,0.089408,2025-04-16 09:00:00+02:00
2025-04-16 08:00:00+00:00,BG.West.270,21.016666666666666,999.4586,11.340834,66.13333333333334,142.61666666666667,1.0430933,2025-04-16 10:00:00+02:00
2025-04-16 09:00:00+00:00,BG.West.270,20.73333333333333,999.4586,11.535167,65.95,127.66666666666667,0.40978667,2025-04-16 11:00:00+02:00
2025-04-16 10:00:00+00:00,BG.West.270,20.72,999.4586,12.106167,64.25,215.28333333333333,0.6780107,2025-04-16 12:00:00+02:00
2025-04-16 11:00:00+00:00,BG.West.270,20.566666666666666,999.4586,12.414667,61.6,206.65,0.759968,2025-04-16 13:00:00+02:00
2025-04-16 12:00:00+00:00,BG.West.270,21.2,999.4586,12.56,59.875,255.0,1.34112,2025-04-16 14:00:00+02:00
2025-04-16 13:00:00+00:00,BG.West.270,21.866666666666664,999.8902,12.459862,60.52430555555556,247.91666666666666,1.3038666,2025-04-16 15:00:00+02:00
2025-04-16 14:00:00+00:00,BG.West.270,21.900000000000002,1000.3218,12.359722,61.173611111111114,240.83333333333334,1.2666134,2025-04-16 16:00:00+02:00
2025-04-16 15:00:00+00:00,BG.West.270,21.46666666666667,1000.7534,12.259583,61.822916666666664,233.75,1.22936,2025-04-16 17:00:00+02:00
2025-04-16 16:00:00+00:00,BG.West.270,21.7,1001.185,12.159445,62.47222222222222,226.66666666666666,1.1921067,2025-04-16 18:00:00+02:00
2025-04-16 17:00:00+00:00,BG.West.270,21.7,1001.6166,12.059306,63.12152777777778,219.58333333333334,1.1548533,2025-04-16 19:00:00+02:00
2025-04-16 18:00:00+00:00,BG.West.270,21.683333333333334,1002.04816,11.9591675,63.770833333333336,212.5,1.1176,2025-04-16 20:00:00+02:00
2025-04-16 19:00:00+00:00,BG.West.270,21.7,1002.47974,11.859028,64.42013888888889,205.41666666666666,1.0803467,2025-04-16 21:00:00+02:00
2025-04-16 20:00:00+00:00,BG.West.270,21.633333333333336,1002.9114,11.758889,65.06944444444444,198.33333333333334,1.0430933,2025-04-16 22:00:00+02:00
2025-04-16 21:00:00+00:00,BG.West.270,21.600000000000005,1003.34296,11.658751,65.71875,191.25,1.0058401,2025-04-16 23:00:00+02:00
2025-04-16 22:00:00+00:00,BG.West.270,21.849999999999998,1003.77454,11.558611,66.36805555555556,184.16666666666666,0.9685867,2025-04-17 00:00:00+02:00
2025-04-16 23:00:00+00:00,BG.West.270,22.016666666666666,1004.2061,11.458472,67.01736111111111,177.08333333333331,0.93133336,2025-04-17 01:00:00+02:00
2025-04-17 00:00:00+00:00,BG.West.270,22.066666666666666,1004.6377,11.358334,67.66666666666667,170.0,0.89408,2025-04-17 02:00:00+02:00
2025-04-17 01:00:00+00:00,BG.West.270,22.083333333333332,1005.06934,11.258195,68.31597222222223,162.91666666666666,0.85682666,2025-04-17 03:00:00+02:00
2025-04-17 02:00:00+00:00,BG.West.270,22.05,1005.5009,11.158056,68.96527777777777,155.83333333333331,0.81957334,2025-04-17 04:00:00+02:00
2025-04-17 03:00:00+00:00,BG.West.270,22.1,1005.9325,11.057917,69.61458333333333,148.75,0.78232,2025-04-17 05:00:00+02:00
2025-04-17 04:00:00+00:00,BG.West.270,22.03333333333333,1006.3641,10.957778,70.26388888888889,141.66666666666666,0.74506664,2025-04-17 06:00:00+02:00
2025-04-17 05:00:00+00:00,BG.West.270,21.95,1006.79565,10.857639,70.91319444444444,134.58333333333331,0.7078133,2025-04-17 07:00:00+02:00
2025-04-17 06:00:00+00:00,BG.West.270,21.666666666666668,1007.2273,10.7575,71.5625,127.49999999999999,0.67056,2025-04-17 08:00:00+02:00
2025-04-17 07:00:00+00:00,BG.West.270,21.650000000000002,1007.6589,10.657361,72.21180555555556,120.41666666666666,0.6333067,2025-04-17 09:00:00+02:00
2025-04-17 08:00:00+00:00,BG.West.270,21.766666666666666,1008.09045,10.557222,72.86111111111111,113.33333333333333,0.59605336,2025-04-17 10:00:00+02:00
2025-04-17 09:00:00+00:00,BG.West.270,22.066666666666666,1008.52203,10.457084,73.51041666666667,106.24999999999999,0.5588,2025-04-17 11:00:00+02:00
2025-04-17 10:00:00+00:00,BG.West.270,22.46666666666667,1008.9536,10.356945,74.15972222222221,99.16666666666666,0.52154666,2025-04-17 12:00:00+02:00
2025-04-17 11:00:00+00:00,BG.West.270,22.683333333333334,1009.3852,10.256805,74.80902777777777,92.08333333333331,0.48429334,2025-04-17 13:00:00+02:00
2025-04-17 12:00:00+00:00,BG.West.270,22.900000000000002,1009.81683,10.156667,75.45833333333333,84.99999999999999,0.44704,2025-04-17 14:00:00+02:00
2025-04-17 13:00:00+00:00,BG.West.270,23.266666666666666,1010.2484,10.056528,76.10763888888889,77.91666666666666,0.40978667,2025-04-17 15:00:00+02:00
2025-04-17 14:00:00+00:00,BG.West.270,23.45,1010.68,9.956388,76.75694444444444,70.83333333333331,0.37253332,2025-04-17 16:00:00+02:00
2025-04-17 15:00:00+00:00,BG.West.270,23.36666666666667,1011.1116,9.85625,77.40625,63.749999999999986,0.33528,2025-04-17 17:00:00+02:00
2025-04-17 16:00:00+00:00,BG.West.270,22.8,1011.54315,9.756111,78.05555555555556,56.66666666666665,0.29802668,2025-04-17 18:00:00+02:00
2025-04-17 17:00:00+00:00,BG.West.270,22.45,1011.9748,9.6559725,78.70486111111111,49.583333333333314,0.26077333,2025-04-17 19:00:00+02:00
2025-04-17 18:00:00+00:00,BG.West.270,21.933333333333334,1012.4064,9.555834,79.35416666666667,42.499999999999986,0.22352,2025-04-17 20:00:00+02:00
2025-04-17 19:00:00+00:00,BG.West.270,21.82,1012.83795,9.455694,80.00347222222221,35.41666666666665,0.18626666,2025-04-17 21:00:00+02:00
2025-04-17 20:00:00+00:00,BG.West.270,21.683333333333334,1013.26953,9.355556,80.65277777777777,28.333333333333314,0.14901334,2025-04-17 22:00:00+02:00
2025-04-17 21:00:00+00:00,BG.West.270,21.600000000000005,1013.7011,9.255417,81.30208333333333,21.249999999999982,0.11176,2025-04-17 23:00:00+02:00
2025-04-17 22:00:00+00:00,BG.West.270,21.816666666666666,1014.13275,9.155277,81.95138888888889,14.166666666666647,0.07450667,2025-04-18 00:00:00+02:00
2025-04-17 23:00:00+00:00,BG.West.270,21.983333333333334,1014.56433,9.055139,82.60069444444444,7.083333333333313,0.037253335,2025-04-18 01:00:00+02:00
2025-04-18 00:00:00+00:00,BG.West.270,22.0,1014.9959,8.955,83.25,0.0,0.0,2025-04-18 02:00:00+02:00
2025-04-18 01:00:00+00:00,BG.West.270,21.96666666666667,1014.8627,8.890667,84.08333333333333,0.0,0.0,2025-04-18 03:00:00+02:00
2025-04-18 02:00:00+00:00,BG.West.270,21.933333333333334,1014.9174,8.588667,85.11666666666666,0.0,0.0,2025-04-18 04:00:00+02:00
2025-04-18 03:00:00+00:00,BG.West.270,21.899999999999995,1015.13367,8.533,85.8,0.0,0.0,2025-04-18 05:00:00+02:00
2025-04-18 04:00:00+00:00,BG.West.270,21.866666666666664,1015.1286,8.241834,86.0,0.0,0.0,2025-04-18 06:00:00+02:00
2025-04-18 05:00:00+00:00,BG.West.270,21.75,1015.4181,8.0625,86.86666666666666,16.933333333333334,0.0,2025-04-18 07:00:00+02:00
2025-04-18 06:00:00+00:00,BG.West.270,21.566666666666666,1015.4649,8.612333,87.0,56.85,0.0,2025-04-18 08:00:00+02:00
2025-04-18 07:00:00+00:00,BG.West.270,21.483333333333334,1015.57776,9.387895,85.6842105263158,91.42105263157895,0.023528421,2025-04-18 09:00:00+02:00
2025-04-18 08:00:00+00:00,BG.West.270,21.433333333333334,1015.8436,10.556667,80.61666666666666,164.51666666666668,0.29802665,2025-04-18 10:00:00+02:00
2025-04-18 09:00:00+00:00,BG.West.270,21.399999999999995,1015.7889,12.6553335,65.01666666666667,529.1333333333333,0.6780107,2025-04-18 11:00:00+02:00
2025-04-18 10:00:00+00:00,BG.West.270,21.38333333333333,1015.356,15.077,48.96666666666667,705.3833333333333,0.8344747,2025-04-18 12:00:00+02:00
2025-04-18 11:00:00+00:00,BG.West.270,21.38,1014.6838,15.9915,42.05,730.4333333333333,0.82702404,2025-04-18 13:00:00+02:00
2025-04-18 12:00:00+00:00,BG.West.270,21.399999999999995,1014.186,16.818333,41.96666666666667,683.1333333333333,0.61840534,2025-04-18 14:00:00+02:00
2025-04-18 13:00:00+00:00,BG.West.270,21.566666666666666,1013.77234,16.743,37.15,598.2333333333333,0.42468798,2025-04-18 15:00:00+02:00
2025-04-18 14:00:00+00:00,BG.West.270,21.683333333333334,1013.36597,17.875,28.233333333333334,572.2166666666667,0.39488533,2025-04-18 16:00:00+02:00
2025-04-18 15:00:00+00:00,BG.West.270,21.633333333333336,1012.9014,18.501333,29.066666666666666,434.21666666666664,0.3501813,2025-04-18 17:00:00+02:00
2025-04-18 16:00:00+00:00,BG.West.270,21.566666666666666,1012.67566,18.595165,30.95,282.23333333333335,0.13411199,2025-04-18 18:00:00+02:00
2025-04-18 17:00:00+00:00,BG.West.270,21.53333333333333,1012.534,17.012667,36.43333333333333,94.2,0.290576,2025-04-18 19:00:00+02:00
2025-04-18 18:00:00+00:00,BG.West.270,21.483333333333334,1012.7767,14.214334,56.6,9.033333333333333,0.059605334,2025-04-18 20:00:00+02:00
2025-04-18 19:00:00+00:00,BG.West.270,21.416666666666668,1013.05383,12.236166,67.9,0.0,0.0,2025-04-18 21:00:00+02:00
2025-04-18 20:00:00+00:00,BG.West.270,21.316666666666666,1013.0719,10.963667,71.88333333333334,0.0,0.0074506667,2025-04-18 22:00:00+02:00
2025-04-18 21:00:00+00:00,BG.West.270,21.3,1013.0391,9.937667,73.2,0.0,0.0,2025-04-18 23:00:00+02:00
2025-04-18 22:00:00+00:00,BG.West.270,21.46666666666667,1012.94885,9.178833,75.76666666666667,0.0,0.0,2025-04-19 00:00:00+02:00
2025-04-18 23:00:00+00:00,BG.West.270,21.5,1012.80096,8.458333,78.96666666666667,0.0,0.0074506667,2025-04-19 01:00:00+02:00
2025-04-19 00:00:00+00:00,BG.West.270,21.5,1012.80096,8.076667,79.93333333333334,0.0,0.0,2025-04-19 02:00:00+02:00
2025-04-19 01:00:00+00:00,BG.West.270,21.5,1012.80096,7.5153337,81.66666666666667,0.0,0.0,2025-04-19 03:00:00+02:00
2025-04-19 02:00:00+00:00,BG.West.270,21.399999999999995,1012.55206,7.299667,81.91666666666667,0.0,0.0149013335,2025-04-19 04:00:00+02:00
2025-04-19 03:00:00+00:00,BG.West.270,21.38,1011.3798,7.004667,83.55,0.0,0.0,2025-04-19 05:00:00+02:00
2025-04-19 04:00:00+00:00,BG.West.270,21.366666666666664,1011.53394,6.4186664,84.98333333333333,1.15,0.0,2025-04-19 06:00:00+02:00
2025-04-19 05:00:00+00:00,BG.West.270,21.283333333333335,1011.6242,6.3643336,86.0,16.116666666666667,0.0,2025-04-19 07:00:00+02:00
2025-04-19 06:00:00+00:00,BG.West.270,21.3,1011.59546,7.5038333,85.7,69.4,0.022352,2025-04-19 08:00:00+02:00
2025-04-19 07:00:00+00:00,BG.West.270,21.3,1011.3934,9.487333,81.38333333333334,155.41666666666666,0.19371733,2025-04-19 09:00:00+02:00
2025-04-19 08:00:00+00:00,BG.West.270,21.399999999999995,1011.3262,11.147,75.5,164.4,0.47684267,2025-04-19 10:00:00+02:00
2025-04-19 09:00:00+00:00,BG.West.270,21.46666666666667,1011.0039,13.087833,68.66666666666667,414.1,0.13411199,2025-04-19 11:00:00+02:00
2025-04-19 10:00:00+00:00,BG.West.270,21.5,1010.72003,14.396333,61.2,394.96666666666664,0.201168,2025-04-19 12:00:00+02:00
2025-04-19 11:00:00+00:00,BG.West.270,21.5,1010.246,14.909834,55.85,477.26666666666665,0.11921067,2025-04-19 13:00:00+02:00
2025-04-19 12:00:00+00:00,BG.West.270,21.566666666666666,1009.83453,15.809999,49.71666666666667,581.0,0.3501813,2025-04-19 14:00:00+02:00
2025-04-19 13:00:00+00:00,BG.West.270,21.583333333333332,1009.4721,15.6825,46.083333333333336,463.96666666666664,0.26077333,2025-04-19 15:00:00+02:00
2025-04-19 14:00:00+00:00,BG.West.270,21.633333333333336,1008.93036,16.980333,45.6,572.1,0.357632,2025-04-19 16:00:00+02:00
2025-04-19 15:00:00+00:00,BG.West.270,21.566666666666666,1008.5556,16.981333,45.03333333333333,438.8666666666667,0.30547732,2025-04-19 17:00:00+02:00
2025-04-19 16:00:00+00:00,BG.West.270,21.5,1008.1768,16.237833,45.93333333333333,282.71666666666664,0.23097067,2025-04-19 18:00:00+02:00
2025-04-19 17:00:00+00:00,BG.West.270,21.46666666666667,1007.8134,14.8116665,50.81666666666667,101.66666666666667,0.25332266,2025-04-19 19:00:00+02:00
2025-04-19 18:00:00+00:00,BG.West.270,21.416666666666668,1007.8738,12.7125,58.983333333333334,11.366666666666667,0.059605334,2025-04-19 20:00:00+02:00
2025-04-19 19:00:00+00:00,BG.West.270,21.419999999999998,1008.5725,11.057,66.4,0.0,0.03725333,2025-04-19 21:00:00+02:00
2025-04-19 20:00:00+00:00,BG.West.270,21.38333333333333,1008.8665,9.547334,72.41666666666667,0.0,0.06705599,2025-04-19 22:00:00+02:00
2025-04-19 21:00:00+00:00,BG.West.270,21.3,1008.6447,8.491667,77.8,0.0,0.12666133,2025-04-19 23:00:00+02:00
2025-04-19 22:00:00+00:00,BG.West.270,21.216666666666665,1008.406,7.7009997,81.61666666666666,0.0,0.052154664,2025-04-20 00:00:00+02:00
2025-04-19 23:00:00+00:00,BG.West.270,21.2,1008.1497,7.0735,83.41666666666667,0.0,0.0,2025-04-20 01:00:00+02:00
2025-04-20 00:00:00+00:00,BG.West.270,21.2,1007.7462,6.6301665,84.78333333333333,0.0,0.0,2025-04-20 02:00:00+02:00
2025-04-20 01:00:00+00:00,BG.West.270,21.2,1007.4635,6.4475,85.0,0.0,0.0,2025-04-20 03:00:00+02:00
2025-04-20 02:00:00+00:00,BG.West.270,21.183333333333334,1007.40594,6.1725,85.93333333333334,0.0,0.0,2025-04-20 04:00:00+02:00
2025-04-20 03:00:00+00:00,BG.West.270,21.133333333333336,1007.21796,5.9235,86.0,0.0,0.0,2025-04-20 05:00:00+02:00
2025-04-20 04:00:00+00:00,BG.West.270,21.1,1007.2225,5.6653337,86.33333333333333,1.6833333333333333,0.0,2025-04-20 06:00:00+02:00
2025-04-20 05:00:00+00:00,BG.West.270,21.1,1007.3861,5.751333,87.0,16.733333333333334,0.0,2025-04-20 07:00:00+02:00
2025-04-20 06:00:00+00:00,BG.West.270,21.1,1007.69824,7.0216665,86.08333333333333,57.75,0.0,2025-04-20 08:00:00+02:00
2025-04-20 07:00:00+00:00,BG.West.270,21.083333333333332,1007.4403,8.569667,82.46666666666667,143.16666666666666,0.07450666,2025-04-20 09:00:00+02:00
2025-04-20 08:00:00+00:00,BG.West.270,21.166666666666668,1007.302,10.115168,77.5,173.03333333333333,0.11176,2025-04-20 10:00:00+02:00
2025-04-20 09:00:00+00:00,BG.West.270,21.2,1007.5238,12.181667,69.98333333333333,497.0,0.22352,2025-04-20 11:00:00+02:00
2025-04-20 10:00:00+00:00,BG.West.270,21.216666666666665,1007.34094,14.865666,60.53333333333333,601.8666666666667,0.03725333,2025-04-20 12:00:00+02:00
2025-04-20 11:00:00+00:00,BG.West.270,21.28,1007.24445,16.236166,52.96666666666667,714.1666666666666,0.15646401,2025-04-20 13:00:00+02:00
2025-04-20 12:00:00+00:00,BG.West.270,21.283333333333335,1007.1971,16.978,51.9,627.3833333333333,0.03725333,2025-04-20 14:00:00+02:00
2025-04-20 13:00:00+00:00,BG.West.270,21.416666666666668,1006.9611,17.948334,48.81666666666667,584.8333333333334,0.052154664,2025-04-20 15:00:00+02:00
2025-04-20 14:00:00+00:00,BG.West.270,21.45,1006.8782,18.151333,53.166666666666664,465.0,0.052154664,2025-04-20 16:00:00+02:00
2025-04-20 15:00:00+00:00,BG.West.270,21.316666666666666,1006.8308,16.310333,61.56666666666667,226.43333333333334,0.0074506667,2025-04-20 17:00:00+02:00
2025-04-20 16:00:00+00:00,BG.West.270,21.3,1006.8245,14.929334,66.58333333333333,106.48333333333333,0.03725333,2025-04-20 18:00:00+02:00
2025-04-20 17:00:00+00:00,BG.West.270,21.316666666666666,1006.81946,13.105667,74.58333333333333,23.9,0.07450666,2025-04-20 19:00:00+02:00
2025-04-20 18:00:00+00:00,BG.West.270,21.3,1007.31726,12.145833,78.18333333333334,3.55,0.029802667,2025-04-20 20:00:00+02:00
2025-04-20 19:00:00+00:00,BG.West.270,21.3,1007.9556,11.920834,79.28333333333333,0.0,0.0,2025-04-20 21:00:00+02:00
2025-04-20 20:00:00+00:00,BG.West.270,21.3,1008.1825,11.827333,77.78333333333333,0.0,0.0,2025-04-20 22:00:00+02:00
2025-04-20 21:00:00+00:00,BG.West.270,21.283333333333335,1008.50934,11.505167,76.26666666666667,0.0,0.20861866,2025-04-20 23:00:00+02:00
2025-04-20 22:00:00+00:00,BG.West.270,21.283333333333335,1008.5081,11.315001,78.66666666666667,0.0,0.12666133,2025-04-21 00:00:00+02:00
2025-04-20 23:00:00+00:00,BG.West.270,21.25,1008.29767,11.036333,81.56666666666666,0.0,0.0,2025-04-21 01:00:00+02:00
2025-04-21 00:00:00+00:00,BG.West.270,21.216666666666665,1008.08203,11.023833,82.93333333333334,0.0,0.0,2025-04-21 02:00:00+02:00
2025-04-21 01:00:00+00:00,BG.West.270,21.2,1007.8343,10.551833,85.6,0.0,0.0,2025-04-21 03:00:00+02:00
2025-04-21 02:00:00+00:00,BG.West.270,21.2,1007.85345,10.3828335,86.85,0.0,0.0,2025-04-21 04:00:00+02:00
2025-04-21 03:00:00+00:00,BG.West.270,21.2,1007.9551,10.354,87.0,0.0,0.0,2025-04-21 05:00:00+02:00
2025-04-21 04:00:00+00:00,BG.West.270,21.2,1008.01544,10.374333,87.71666666666667,0.0,0.0,2025-04-21 06:00:00+02:00
2025-04-21 05:00:00+00:00,BG.West.270,21.116666666666667,1008.1199,10.636667,88.0,10.966666666666667,0.0,2025-04-21 07:00:00+02:00
2025-04-21 06:00:00+00:00,BG.West.270,21.1,1008.49744,10.986333,88.0,22.666666666666668,0.0,2025-04-21 08:00:00+02:00
2025-04-21 07:00:00+00:00,BG.West.270,21.05,1008.7125,11.189834,88.0,65.2,0.0,2025-04-21 09:00:00+02:00
2025-04-21 08:00:00+00:00,BG.West.270,21.05,1009.11774,11.940001,88.0,138.21666666666667,0.0074506667,2025-04-21 10:00:00+02:00
2025-04-21 09:00:00+00:00,BG.West.270,21.066666666666666,1009.42303,12.854501,87.9,180.71666666666667,0.08195733,2025-04-21 11:00:00+02:00
2025-04-21 10:00:00+00:00,BG.West.270,21.066666666666666,1009.5833,13.854833,85.9,217.56666666666666,0.0,2025-04-21 12:00:00+02:00
2025-04-21 11:00:00+00:00,BG.West.270,21.083333333333332,1009.629,15.070333,76.11666666666666,248.9,0.0,2025-04-21 13:00:00+02:00
2025-04-21 12:00:00+00:00,BG.West.270,21.1,1009.7639,15.2039995,74.28333333333333,111.71666666666667,0.0,2025-04-21 14:00:00+02:00
2025-04-21 13:00:00+00:00,BG.West.270,21.1,1010.07434,14.303833,80.5,50.13333333333333,0.0,2025-04-21 15:00:00+02:00
2025-04-21 14:00:00+00:00,BG.West.270,21.083333333333332,1010.27985,14.279666,80.43333333333334,63.733333333333334,0.0,2025-04-21 16:00:00+02:00
2025-04-21 15:00:00+00:00,BG.West.270,21.05,1010.5603,14.478666,77.58333333333333,68.56666666666666,0.0,2025-04-21 17:00:00+02:00
2025-04-21 16:00:00+00:00,BG.West.270,21.05,1010.94183,14.035999,77.08333333333333,67.2,0.0,2025-04-21 18:00:00+02:00
2025-04-21 17:00:00+00:00,BG.West.270,21.0,1011.3194,13.993834,73.73333333333333,48.15,0.0,2025-04-21 19:00:00+02:00
2025-04-21 18:00:00+00:00,BG.West.270,20.983333333333334,1011.7196,13.471,75.73333333333333,8.283333333333333,0.0,2025-04-21 20:00:00+02:00
2025-04-21 19:00:00+00:00,BG.West.270,20.96,1012.56506,12.374666,79.76666666666667,0.0,0.0,2025-04-21 21:00:00+02:00
2025-04-21 20:00:00+00:00,BG.West.270,20.916666666666668,1013.042,11.606501,84.86666666666666,0.0,0.0,2025-04-21 22:00:00+02:00
2025-04-21 21:00:00+00:00,BG.West.270,20.9,1013.4884,10.942167,86.0,0.0,0.089408,2025-04-21 23:00:00+02:00
2025-04-21 22:00:00+00:00,BG.West.270,21.0,1013.9879,10.506166,86.25,0.0,0.029802667,2025-04-22 00:00:00+02:00
2025-04-21 23:00:00+00:00,BG.West.270,21.133333333333336,1014.1268,10.400833,86.36666666666666,0.0,0.03725333,2025-04-22 01:00:00+02:00
2025-04-22 00:00:00+00:00,BG.West.270,21.133333333333336,1014.1403,10.325,86.0,0.0,0.0,2025-04-22 02:00:00+02:00
2025-04-22 01:00:00+00:00,BG.West.270,21.150000000000002,1014.1905,10.739166,86.3,0.0,0.0149013335,2025-04-22 03:00:00+02:00
2025-04-22 02:00:00+00:00,BG.West.270,21.133333333333336,1014.22614,11.090667,86.0,0.0,0.03725333,2025-04-22 04:00:00+02:00
2025-04-22 03:00:00+00:00,BG.West.270,21.133333333333336,1014.2808,11.293667,86.0,0.0,0.0,2025-04-22 05:00:00+02:00
2025-04-22 04:00:00+00:00,BG.West.270,21.166666666666668,1014.5229,11.479167,86.1,0.7,0.16391467,2025-04-22 06:00:00+02:00
2025-04-22 05:00:00+00:00,BG.West.270,21.083333333333332,1015.027,11.211834,86.0,17.95,0.12666133,2025-04-22 07:00:00+02:00
2025-04-22 06:00:00+00:00,BG.West.270,20.9,1015.7144,11.487166,84.8,60.38333333333333,0.13411199,2025-04-22 08:00:00+02:00
2025-04-22 07:00:00+00:00,BG.West.270,20.55,1016.3284,12.1414995,82.56666666666666,109.53333333333333,0.13411199,2025-04-22 09:00:00+02:00
2025-04-22 08:00:00+00:00,BG.West.270,20.933333333333334,1016.95325,12.674334,79.95,173.13333333333333,0.37253332,2025-04-22 10:00:00+02:00
2025-04-22 09:00:00+00:00,BG.West.270,21.183333333333334,1017.2744,13.666667,76.78333333333333,410.4,0.43213865,2025-04-22 11:00:00+02:00
2025-04-22 10:00:00+00:00,BG.West.270,21.483333333333334,1017.4449,14.789667,73.13333333333334,497.9,0.49174398,2025-04-22 12:00:00+02:00
2025-04-22 11:00:00+00:00,BG.West.270,21.72,1017.49396,15.195001,68.06666666666666,619.1833333333333,0.5588,2025-04-22 13:00:00+02:00
2025-04-22 12:00:00+00:00,BG.West.270,21.933333333333334,1017.6159,15.922167,63.2,724.6,0.357632,2025-04-22 14:00:00+02:00
2025-04-22 13:00:00+00:00,BG.West.270,22.400000000000002,1017.652,16.402668,58.31666666666667,643.7833333333333,0.5662507,2025-04-22 15:00:00+02:00
2025-04-22 14:00:00+00:00,BG.West.270,22.650000000000002,1017.6367,16.799168,52.916666666666664,575.7333333333333,0.44704,2025-04-22 16:00:00+02:00
2025-04-22 15:00:00+00:00,BG.West.270,21.916666666666668,1017.5933,16.659334,55.833333333333336,414.8,0.17136532,2025-04-22 17:00:00+02:00
2025-04-22 16:00:00+00:00,BG.West.270,21.483333333333334,1017.6277,16.195833,57.516666666666666,261.81666666666666,0.089408,2025-04-22 18:00:00+02:00
2025-04-22 17:00:00+00:00,BG.West.270,21.7,1017.5487,14.5234995,61.78333333333333,57.833333333333336,0.0,2025-04-22 19:00:00+02:00
2025-04-22 18:00:00+00:00,BG.West.270,21.433333333333334,1017.7558,13.525666,67.8,15.5,0.0,2025-04-22 20:00:00+02:00
2025-04-22 19:00:00+00:00,BG.West.270,21.333333333333332,1017.98724,11.9415,74.35,0.0,0.0,2025-04-22 21:00:00+02:00
2025-04-22 20:00:00+00:00,BG.West.270,21.3,1018.15094,10.782333,80.63333333333334,0.0,0.0,2025-04-22 22:00:00+02:00
2025-04-22 21:00:00+00:00,BG.West.270,21.3,1017.9483,10.033667,84.16666666666667,0.0,0.0,2025-04-22 23:00:00+02:00
2025-04-22 22:00:00+00:00,BG.West.270,21.46666666666667,1017.9483,9.667333,85.38333333333334,0.0,0.0,2025-04-23 00:00:00+02:00
2025-04-22 23:00:00+00:00,BG.West.270,21.53333333333333,1017.9483,9.566,86.3,0.0,0.0,2025-04-23 01:00:00+02:00
2025-04-23 00:00:00+00:00,BG.West.270,21.53333333333333,1017.9483,9.6105,87.0,0.0,0.0,2025-04-23 02:00:00+02:00
2025-04-23 01:00:00+00:00,BG.West.270,21.5,1017.9483,9.033,87.0,0.0,0.0,2025-04-23 03:00:00+02:00
2025-04-23 02:00:00+00:00,BG.West.270,21.5,1017.9483,8.438167,87.0,0.0,0.0,2025-04-23 04:00:00+02:00
2025-04-23 03:00:00+00:00,BG.West.270,21.5,1016.215,7.9968333,87.16666666666667,0.0,0.0,2025-04-23 05:00:00+02:00
2025-04-23 04:00:00+00:00,BG.West.270,21.46666666666667,1014.9999,7.8471665,88.0,2.433333333333333,0.0,2025-04-23 06:00:00+02:00
2025-04-23 05:00:00+00:00,BG.West.270,21.385714285714283,1014.69684,8.4053335,88.0,39.75,0.0,2025-04-23 07:00:00+02:00
2025-04-23 06:00:00+00:00,BG.West.270,21.28,1014.38184,10.540833,87.25,88.38333333333334,0.16391467,2025-04-23 08:00:00+02:00
2025-04-23 07:00:00+00:00,BG.West.270,20.45,1014.05786,13.021,78.0,134.43333333333334,0.23842134,2025-04-23 09:00:00+02:00
2025-04-23 08:00:00+00:00,BG.West.270,20.150000000000002,1014.0082,13.847,72.3,110.18333333333334,0.32037866,2025-04-23 10:00:00+02:00
2025-04-23 09:00:00+00:00,BG.West.270,20.7,1013.7971,14.2415,69.73333333333333,165.51666666666668,0.27567467,2025-04-23 11:00:00+02:00
2025-04-23 10:00:00+00:00,BG.West.270,20.816666666666666,1013.65546,14.652667,69.26666666666667,143.21666666666667,0.11921067,2025-04-23 12:00:00+02:00
2025-04-23 11:00:00+00:00,BG.West.270,20.8,1013.62836,14.393499,71.0,83.25,0.03725333,2025-04-23 13:00:00+02:00
2025-04-23 12:00:00+00:00,BG.West.270,21.2,1013.86316,12.799666,78.51666666666667,125.96666666666667,0.72271466,2025-04-23 14:00:00+02:00
2025-04-23 13:00:00+00:00,BG.West.270,21.333333333333332,1013.83386,11.043166,83.56666666666666,41.05,0.29802665,2025-04-23 15:00:00+02:00
2025-04-23 14:00:00+00:00,BG.West.270,21.2,1013.81696,10.874,86.51666666666667,106.38333333333334,0.12666133,2025-04-23 16:00:00+02:00
2025-04-23 15:00:00+00:00,BG.West.270,21.266666666666666,1013.81696,11.886999,86.56666666666666,180.2,0.044704,2025-04-23 17:00:00+02:00
2025-04-23 16:00:00+00:00,BG.West.270,21.38333333333333,1013.857,11.991,86.03333333333333,55.766666666666666,0.0,2025-04-23 18:00:00+02:00
2025-04-23 17:00:00+00:00,BG.West.270,21.316666666666666,1013.87164,12.0775,87.0,45.46666666666667,0.0,2025-04-23 19:00:00+02:00
2025-04-23 18:00:00+00:00,BG.West.270,21.283333333333335,1014.17413,12.0945,87.0,12.85,0.0,2025-04-23 20:00:00+02:00
2025-04-23 19:00:00+00:00,BG.West.270,21.22,1014.7256,11.994333,87.0,0.0,0.0,2025-04-23 21:00:00+02:00
2025-04-23 20:00:00+00:00,BG.West.270,21.2,1015.1511,12.256833,87.0,0.0,0.0,2025-04-23 22:00:00+02:00
2025-04-23 21:00:00+00:00,BG.West.270,21.2,1015.4,12.240001,87.0,0.0,0.0,2025-04-23 23:00:00+02:00
2025-04-23 22:00:00+00:00,BG.West.270,21.333333333333332,1015.4988,12.026,87.0,0.0,0.0,2025-04-24 00:00:00+02:00
2025-04-23 23:00:00+00:00,BG.West.270,21.366666666666664,1015.7031,11.711667,87.0,0.0,0.0,2025-04-24 01:00:00+02:00
2025-04-24 00:00:00+00:00,BG.West.270,21.366666666666664,1015.8899,11.241834,87.15,0.0,0.0,2025-04-24 02:00:00+02:00
2025-04-24 01:00:00+00:00,BG.West.270,21.349999999999998,1015.9729,10.776334,87.36666666666666,0.0,0.0,2025-04-24 03:00:00+02:00
2025-04-24 02:00:00+00:00,BG.West.270,21.349999999999998,1016.14276,10.3975,87.51666666666667,0.0,0.0,2025-04-24 04:00:00+02:00
2025-04-24 03:00:00+00:00,BG.West.270,21.3,1016.30023,10.276,87.01666666666667,0.0,0.0,2025-04-24 05:00:00+02:00
2025-04-25 12:00:00+00:00,BG.West.270,21.775,1018.6933,15.964001,62.083333333333336,732.0666666666667,0.044704,2025-04-25 14:00:00+02:00
2025-04-25 13:00:00+00:00,BG.West.270,21.933333333333334,1018.6933,16.855501,58.916666666666664,706.0833333333334,0.052154668,2025-04-25 15:00:00+02:00
2025-04-25 14:00:00+00:00,BG.West.270,22.28333333333333,1018.6933,16.538334,61.65,518.4666666666667,0.14156267,2025-04-25 16:00:00+02:00
2025-04-25 15:00:00+00:00,BG.West.270,22.016666666666666,1018.6933,16.631334,62.016666666666666,465.1333333333333,0.022352,2025-04-25 17:00:00+02:00
2025-04-25 16:00:00+00:00,BG.West.270,21.833333333333332,1018.6933,16.323168,62.88333333333333,308.7,0.0,2025-04-25 18:00:00+02:00
2025-04-25 17:00:00+00:00,BG.West.270,21.566666666666666,1018.6933,15.345667,64.86666666666666,131.7,0.0074506667,2025-04-25 19:00:00+02:00
2025-04-25 18:00:00+00:00,BG.West.270,21.46,1018.6933,13.115833,69.11666666666666,12.85,0.0,2025-04-25 20:00:00+02:00
2025-04-25 19:00:00+00:00,BG.West.270,21.349999999999998,1018.6933,11.471833,74.48333333333333,0.0,0.0,2025-04-25 21:00:00+02:00
2025-04-25 20:00:00+00:00,BG.West.270,21.283333333333335,1018.6933,10.651167,79.41666666666667,0.0,0.0,2025-04-25 22:00:00+02:00
2025-04-25 21:00:00+00:00,BG.West.270,21.2,1018.6933,9.947666,82.88333333333334,0.0,0.0,2025-04-25 23:00:00+02:00
2025-04-25 22:00:00+00:00,BG.West.270,21.28333333333333,1018.6933,9.350167,84.63333333333334,0.0,0.0,2025-04-26 00:00:00+02:00
2025-04-25 23:00:00+00:00,BG.West.270,21.366666666666664,1018.6933,8.5285,85.2,0.0,0.0,2025-04-26 01:00:00+02:00
2025-04-26 00:00:00+00:00,BG.West.270,21.349999999999998,1018.6933,8.128167,86.03333333333333,0.0,0.0,2025-04-26 02:00:00+02:00
2025-04-26 01:00:00+00:00,BG.West.270,21.3,1018.6933,7.8929996,86.98333333333333,0.0,0.0,2025-04-26 03:00:00+02:00
2025-04-26 02:00:00+00:00,BG.West.270,21.233333333333334,1018.6933,7.6055,87.0,0.0,0.0,2025-04-26 04:00:00+02:00
2025-04-26 03:00:00+00:00,BG.West.270,21.2,1018.6933,7.363667,87.0,0.0,0.0,2025-04-26 05:00:00+02:00
2025-04-26 04:00:00+00:00,BG.West.270,21.2,1018.6933,7.1063333,87.0,3.5166666666666666,0.0,2025-04-26 06:00:00+02:00
2025-04-26 05:00:00+00:00,BG.West.270,21.2,1018.6933,7.4316664,87.18333333333334,25.45,0.0,2025-04-26 07:00:00+02:00
2025-04-26 06:00:00+00:00,BG.West.270,21.2,1018.6933,8.417167,87.15,60.55,0.0074506667,2025-04-26 08:00:00+02:00
2025-04-26 07:00:00+00:00,BG.West.270,21.183333333333334,1018.6933,10.4055,86.21666666666667,103.23333333333333,0.11176,2025-04-26 09:00:00+02:00
2025-04-26 08:00:00+00:00,BG.West.270,21.25,1018.6933,12.376833,81.31666666666666,159.33333333333334,0.178816,2025-04-26 10:00:00+02:00
2025-04-26 09:00:00+00:00,BG.West.270,21.333333333333332,1018.6933,14.3865,75.78333333333333,512.1666666666666,0.33528,2025-04-26 11:00:00+02:00
2025-04-26 10:00:00+00:00,BG.West.270,21.38,1018.6933,16.018,69.0,717.05,0.38743466,2025-04-26 12:00:00+02:00
2025-04-26 11:00:00+00:00,BG.West.270,21.416666666666668,1018.6933,17.090668,64.33333333333333,718.5,0.73761594,2025-04-26 13:00:00+02:00
2025-04-26 12:00:00+00:00,BG.West.270,21.483333333333334,1018.6933,18.114666,57.416666666666664,720.0833333333334,0.36508268,2025-04-26 14:00:00+02:00
2025-04-26 13:00:00+00:00,BG.West.270,21.666666666666668,1018.6933,18.932001,47.68333333333333,717.9,0.78231996,2025-04-26 15:00:00+02:00
2025-04-26 14:00:00+00:00,BG.West.270,22.0,1018.6933,19.479166,46.833333333333336,609.5833333333334,0.29057598,2025-04-26 16:00:00+02:00
2025-04-26 15:00:00+00:00,BG.West.270,21.7,1018.6933,19.42,50.36666666666667,358.85,0.052154664,2025-04-26 17:00:00+02:00
2025-04-26 16:00:00+00:00,BG.West.270,21.61666666666667,1018.6933,19.613167,49.71666666666667,292.43333333333334,0.07450666,2025-04-26 18:00:00+02:00
2025-04-26 17:00:00+00:00,BG.West.270,21.600000000000005,1018.6933,18.831667,52.71666666666667,122.26666666666667,0.059605334,2025-04-26 19:00:00+02:00
2025-04-26 18:00:00+00:00,BG.West.270,21.5,1018.6933,16.2325,61.166666666666664,15.883333333333333,0.0,2025-04-26 20:00:00+02:00
2025-04-26 19:00:00+00:00,BG.West.270,21.5,1018.6933,14.011,68.76666666666667,0.0,0.0,2025-04-26 21:00:00+02:00
2025-04-26 20:00:00+00:00,BG.West.270,21.483333333333334,1018.6933,12.889001,73.45,0.0,0.0,2025-04-26 22:00:00+02:00
2025-04-26 21:00:00+00:00,BG.West.270,21.433333333333334,1018.6933,12.5375,75.03333333333333,0.0,0.0,2025-04-26 23:00:00+02:00
2025-04-26 22:00:00+00:00,BG.West.270,21.399999999999995,1018.6933,11.969833,78.85,0.0,0.0,2025-04-27 00:00:00+02:00
2025-04-26 23:00:00+00:00,BG.West.270,21.399999999999995,1018.6933,11.3665,81.65,0.0,0.0,2025-04-27 01:00:00+02:00
2025-04-27 00:00:00+00:00,BG.West.270,21.366666666666664,1018.6933,10.782833,83.31666666666666,0.0,0.0,2025-04-27 02:00:00+02:00
2025-04-27 01:00:00+00:00,BG.West.270,21.349999999999998,1018.6933,10.454667,84.0,0.0,0.0,2025-04-27 03:00:00+02:00
2025-04-27 02:00:00+00:00,BG.West.270,21.3,1018.6933,10.099667,84.83333333333333,0.0,0.0,2025-04-27 04:00:00+02:00
2025-04-27 03:00:00+00:00,BG.West.270,21.266666666666666,1018.6933,9.547167,85.05,0.0,0.0,2025-04-27 05:00:00+02:00
2025-04-27 04:00:00+00:00,BG.West.270,21.3,1018.6933,9.052167,86.0,3.6666666666666665,0.0,2025-04-27 06:00:00+02:00
2025-04-27 05:00:00+00:00,BG.West.270,21.266666666666666,1018.6933,9.004167,86.0,18.483333333333334,0.0,2025-04-27 07:00:00+02:00
2025-04-27 06:00:00+00:00,BG.West.270,21.283333333333335,1018.6933,10.499333,83.41666666666667,49.1,0.0,2025-04-27 08:00:00+02:00
2025-04-27 07:00:00+00:00,BG.West.270,21.283333333333335,1018.6933,13.089666,73.43333333333334,76.06666666666666,0.0,2025-04-27 09:00:00+02:00
2025-04-27 08:00:00+00:00,BG.West.270,21.416666666666668,1018.6933,15.001333,66.21666666666667,132.48333333333332,0.029802667,2025-04-27 10:00:00+02:00
2025-04-27 09:00:00+00:00,BG.West.270,21.483333333333334,1018.6933,17.491,57.06666666666667,583.1,0.029802667,2025-04-27 11:00:00+02:00
2025-04-27 10:00:00+00:00,BG.West.270,21.53333333333333,1018.6933,19.963999,49.05,726.7666666666667,0.059605334,2025-04-27 12:00:00+02:00
2025-04-27 11:00:00+00:00,BG.West.270,21.61666666666667,1018.6933,20.812834,44.083333333333336,771.9333333333333,0.03725333,2025-04-27 13:00:00+02:00
2025-04-27 12:00:00+00:00,BG.West.270,21.666666666666668,1018.6933,21.064833,43.55,729.1,0.06705601,2025-04-27 14:00:00+02:00
2025-04-27 13:00:00+00:00,BG.West.270,21.833333333333332,1018.6933,21.043333,45.45,657.0833333333334,0.25332266,2025-04-27 15:00:00+02:00
2025-04-27 14:00:00+00:00,BG.West.270,22.116666666666664,1018.6933,21.291332,44.016666666666666,597.3,0.14156267,2025-04-27 16:00:00+02:00
2025-04-27 15:00:00+00:00,BG.West.270,21.816666666666666,1018.6933,21.398167,42.93333333333333,468.3,0.13411199,2025-04-27 17:00:00+02:00
2025-04-27 16:00:00+00:00,BG.West.270,21.7,1018.6933,20.1575,45.46666666666667,318.6666666666667,0.14156267,2025-04-27 18:00:00+02:00
2025-04-27 17:00:00+00:00,BG.West.270,21.7,1018.6933,17.950666,51.6,141.3,0.03725333,2025-04-27 19:00:00+02:00
2025-04-27 18:00:00+00:00,BG.West.270,21.7,1018.6933,15.8619995,58.083333333333336,17.4,0.0149013335,2025-04-27 20:00:00+02:00
2025-04-27 19:00:00+00:00,BG.West.270,21.7,1018.6933,14.326833,63.75,0.0,0.0,2025-04-27 21:00:00+02:00
2025-04-27 20:00:00+00:00,BG.West.270,21.650000000000002,1018.6933,13.0835,68.36666666666666,0.0,0.0,2025-04-27 22:00:00+02:00
2025-04-27 21:00:00+00:00,BG.West.270,21.650000000000002,1018.6933,12.227833,71.4,0.0,0.0,2025-04-27 23:00:00+02:00
2025-04-27 22:00:00+00:00,BG.West.270,21.61666666666667,1018.6933,11.557667,75.25,0.0,0.0,2025-04-28 00:00:00+02:00
2025-04-27 23:00:00+00:00,BG.West.270,21.600000000000005,1018.6933,10.412,80.55,0.0,0.0,2025-04-28 01:00:00+02:00
2025-04-28 00:00:00+00:00,BG.West.270,21.600000000000005,1018.6933,9.6945,83.65,0.0,0.0,2025-04-28 02:00:00+02:00
2025-04-28 01:00:00+00:00,BG.West.270,21.516666666666666,1018.6933,9.290166,84.96666666666667,0.0,0.0,2025-04-28 03:00:00+02:00
2025-04-28 02:00:00+00:00,BG.West.270,21.516666666666666,1018.6933,8.616166,85.85,0.0,0.0,2025-04-28 04:00:00+02:00
2025-04-28 03:00:00+00:00,BG.West.270,21.516666666666666,1018.6933,8.212333,86.0,0.0,0.0,2025-04-28 05:00:00+02:00
2025-04-28 04:00:00+00:00,BG.West.270,21.46666666666667,1018.6933,8.193167,86.73333333333333,3.966666666666667,0.0,2025-04-28 06:00:00+02:00
2025-04-28 05:00:00+00:00,BG.West.270,21.349999999999998,1018.6933,8.7915,87.0,19.3,0.0,2025-04-28 07:00:00+02:00
2025-04-28 06:00:00+00:00,BG.West.270,21.266666666666666,1018.6933,10.653833,86.08333333333333,63.2,0.0,2025-04-28 08:00:00+02:00
2025-04-28 07:00:00+00:00,BG.West.270,21.316666666666666,1018.6933,13.994333,71.9,88.35,0.0,2025-04-28 09:00:00+02:00
2025-04-28 08:00:00+00:00,BG.West.270,21.78333333333333,1018.6933,16.446499,55.85,135.98333333333332,0.0149013335,2025-04-28 10:00:00+02:00
2025-04-28 09:00:00+00:00,BG.West.270,22.183333333333334,1018.6933,18.537666,49.56666666666667,597.5833333333334,0.022352,2025-04-28 11:00:00+02:00
2025-04-28 10:00:00+00:00,BG.West.270,22.16,1018.6933,20.5445,42.93333333333333,730.55,0.059605334,2025-04-28 12:00:00+02:00
2025-04-28 11:00:00+00:00,BG.West.270,22.583333333333332,1018.6933,21.248,42.15,770.95,0.10430933,2025-04-28 13:00:00+02:00
2025-04-28 12:00:00+00:00,BG.West.270,22.616666666666664,1018.6933,21.6255,42.3,750.3166666666667,0.044704,2025-04-28 14:00:00+02:00
2025-04-28 13:00:00+00:00,BG.West.270,23.016666666666666,1018.6933,21.984001,41.21666666666667,673.05,0.029802667,2025-04-28 15:00:00+02:00
2025-04-28 14:00:00+00:00,BG.West.270,23.366666666666664,1018.6933,22.369667,39.46666666666667,609.7833333333333,0.11921067,2025-04-28 16:00:00+02:00
2025-04-28 15:00:00+00:00,BG.West.270,23.316666666666666,1018.6933,21.9685,39.61666666666667,474.73333333333335,0.12666133,2025-04-28 17:00:00+02:00
2025-04-28 16:00:00+00:00,BG.West.270,23.333333333333332,1018.6933,21.146502,42.05,307.46666666666664,0.03725333,2025-04-28 18:00:00+02:00
2025-04-28 17:00:00+00:00,BG.West.270,23.083333333333332,1018.6933,19.959333,44.06666666666667,154.05,0.0149013335,2025-04-28 19:00:00+02:00
2025-04-28 18:00:00+00:00,BG.West.270,22.8,1018.6933,16.954,48.1,19.483333333333334,0.0,2025-04-28 20:00:00+02:00
2025-04-28 19:00:00+00:00,BG.West.270,22.616666666666664,1018.6933,15.0325,52.71666666666667,0.16666666666666666,0.0,2025-04-28 21:00:00+02:00
2025-04-28 20:00:00+00:00,BG.West.270,22.483333333333334,1018.6933,13.600333,58.61666666666667,0.0,0.0,2025-04-28 22:00:00+02:00
2025-04-28 21:00:00+00:00,BG.West.270,22.316666666666666,1018.6933,12.676167,61.8,0.0,0.0,2025-04-28 23:00:00+02:00
2025-04-28 22:00:00+00:00,BG.West.270,22.5,1018.6933,12.187166,65.41666666666667,0.0,0.0,2025-04-29 00:00:00+02:00
2025-04-28 23:00:00+00:00,BG.West.270,22.683333333333334,1018.6933,11.6241665,69.18333333333334,0.0,0.0,2025-04-29 01:00:00+02:00
2025-04-29 00:00:00+00:00,BG.West.270,22.7,1018.6933,11.0164995,72.6,0.0,0.0,2025-04-29 02:00:00+02:00
2025-04-29 01:00:00+00:00,BG.West.270,22.71666666666667,1018.6933,10.637166,74.91666666666667,0.0,0.0,2025-04-29 03:00:00+02:00
2025-04-29 02:00:00+00:00,BG.West.270,22.740000000000002,1018.6933,9.934667,78.1,0.0,0.0,2025-04-29 04:00:00+02:00
2025-04-29 03:00:00+00:00,BG.West.270,22.766666666666666,1018.6933,9.711166,80.98333333333333,0.0,0.0,2025-04-29 05:00:00+02:00
2025-04-29 04:00:00+00:00,BG.West.270,22.733333333333334,1018.6933,9.554833,82.85,4.066666666666666,0.0,2025-04-29 06:00:00+02:00
2025-04-29 05:00:00+00:00,BG.West.270,22.7,1018.6933,10.158334,84.3,20.733333333333334,0.0,2025-04-29 07:00:00+02:00
2025-04-29 06:00:00+00:00,BG.West.270,22.483333333333334,1018.6933,11.888,83.68333333333334,76.21666666666667,0.0149013335,2025-04-29 08:00:00+02:00
2025-04-29 07:00:00+00:00,BG.West.270,21.95,1018.6933,14.164667,78.55,104.58333333333333,0.0149013335,2025-04-29 09:00:00+02:00
2025-04-29 08:00:00+00:00,BG.West.270,22.383333333333336,1018.6933,16.321667,69.86666666666666,146.33333333333334,0.0149013335,2025-04-29 10:00:00+02:00
2025-04-29 09:00:00+00:00,BG.West.270,22.683333333333334,1018.6933,18.406166,59.55,594.8166666666667,0.11176,2025-04-29 11:00:00+02:00
2025-04-29 10:00:00+00:00,BG.West.270,22.916666666666668,1018.6933,20.559334,53.916666666666664,724.1,0.18626666,2025-04-29 12:00:00+02:00
2025-04-29 11:00:00+00:00,BG.West.270,22.916666666666668,1018.6933,21.819832,48.38333333333333,762.0666666666667,0.16391467,2025-04-29 13:00:00+02:00
2025-04-29 12:00:00+00:00,BG.West.270,23.066666666666666,1018.6933,22.720833,44.75,758.9333333333333,0.18626666,2025-04-29 14:00:00+02:00
2025-04-29 13:00:00+00:00,BG.West.270,23.416666666666668,1018.6933,23.831,42.75,695.6333333333333,0.14156267,2025-04-29 15:00:00+02:00
2025-04-29 14:00:00+00:00,BG.West.270,23.933333333333334,1018.6933,24.172499,42.083333333333336,606.05,0.06705599,2025-04-29 16:00:00+02:00
2025-04-29 15:00:00+00:00,BG.West.270,23.7,1018.6933,23.507168,47.81666666666667,457.48333333333335,0.07450666,2025-04-29 17:00:00+02:00
2025-04-29 16:00:00+00:00,BG.West.270,23.46666666666667,1018.6933,23.128332,49.86666666666667,279.3833333333333,0.0,2025-04-29 18:00:00+02:00
2025-04-29 17:00:00+00:00,BG.West.270,23.083333333333332,1018.6933,22.306667,51.333333333333336,148.85,0.0,2025-04-29 19:00:00+02:00
2025-04-29 18:00:00+00:00,BG.West.270,22.71666666666667,1018.6933,20.103666,51.96666666666667,18.633333333333333,0.0,2025-04-29 20:00:00+02:00
2025-04-29 19:00:00+00:00,BG.West.270,22.48,1018.6933,17.918333,60.31666666666667,0.0,0.0,2025-04-29 21:00:00+02:00
2025-04-29 20:00:00+00:00,BG.West.270,22.46666666666667,1018.6933,16.537333,68.06666666666666,0.0,0.0,2025-04-29 22:00:00+02:00
2025-04-29 21:00:00+00:00,BG.West.270,22.45,1018.6933,15.623334,73.98333333333333,0.0,0.0,2025-04-29 23:00:00+02:00
2025-04-29 22:00:00+00:00,BG.West.270,22.28333333333333,1018.6933,14.904833,78.7,0.0,0.0,2025-04-30 00:00:00+02:00
2025-04-29 23:00:00+00:00,BG.West.270,22.116666666666664,1018.6933,14.2635,81.45,0.0,0.0074506667,2025-04-30 01:00:00+02:00
2025-04-30 00:00:00+00:00,BG.West.270,21.71666666666667,1018.6933,13.761834,82.83333333333333,0.0,0.0,2025-04-30 02:00:00+02:00
2025-04-30 01:00:00+00:00,BG.West.270,21.383333333333336,1018.6933,13.127,83.4,0.0,0.0149013335,2025-04-30 03:00:00+02:00
2025-04-30 02:00:00+00:00,BG.West.270,21.133333333333336,1018.6933,12.512166,84.25,0.0,0.0,2025-04-30 04:00:00+02:00
2025-04-30 03:00:00+00:00,BG.West.270,21.05,1018.6933,12.037667,85.0,0.0,0.0,2025-04-30 05:00:00+02:00
2025-04-30 04:00:00+00:00,BG.West.270,21.033333333333335,1018.6933,11.683834,85.8,5.666666666666667,0.0,2025-04-30 06:00:00+02:00
2025-04-30 05:00:00+00:00,BG.West.270,21.166666666666668,1018.6933,11.975666,86.0,27.516666666666666,0.0,2025-04-30 07:00:00+02:00
2025-04-30 06:00:00+00:00,BG.West.270,21.316666666666666,1018.6933,13.339001,85.16666666666667,79.11666666666666,0.052154664,2025-04-30 08:00:00+02:00
2025-04-30 07:00:00+00:00,BG.West.270,20.866666666666667,1018.6933,15.5255,80.3,97.5,0.03725333,2025-04-30 09:00:00+02:00
2025-04-30 08:00:00+00:00,BG.West.270,21.900000000000002,1018.6933,17.691833,73.26666666666667,161.38333333333333,0.029802667,2025-04-30 10:00:00+02:00
2025-04-30 09:00:00+00:00,BG.West.270,23.3,1018.6933,20.920166,61.75,606.25,0.0074506667,2025-04-30 11:00:00+02:00
2025-04-30 10:00:00+00:00,BG.West.270,23.816666666666666,1018.6933,23.223835,51.05,707.7,0.044704,2025-04-30 12:00:00+02:00
2025-04-30 11:00:00+00:00,BG.West.270,23.883333333333336,1018.6933,24.298,47.416666666666664,758.55,0.03725333,2025-04-30 13:00:00+02:00
2025-04-30 12:00:00+00:00,BG.West.270,24.0,1018.6933,25.095499,41.81666666666667,763.7833333333333,0.059605334,2025-04-30 14:00:00+02:00
2025-04-30 13:00:00+00:00,BG.West.270,24.116666666666664,1018.6933,25.641666,39.15,712.8,0.044704,2025-04-30 15:00:00+02:00
2025-04-30 14:00:00+00:00,BG.West.270,24.616666666666664,1018.6933,26.492,39.71666666666667,611.3166666666667,0.0149013335,2025-04-30 16:00:00+02:00
2025-04-30 15:00:00+00:00,BG.West.270,24.483333333333334,1018.6933,25.838665,43.63333333333333,483.0833333333333,0.03725333,2025-04-30 17:00:00+02:00
2025-04-30 16:00:00+00:00,BG.West.270,24.116666666666664,1018.6933,25.016167,46.3,331.6166666666667,0.029802667,2025-04-30 18:00:00+02:00
2025-04-30 17:00:00+00:00,BG.West.270,23.95,1018.6933,23.724833,48.46666666666667,147.78333333333333,0.0,2025-04-30 19:00:00+02:00
2025-04-30 18:00:00+00:00,BG.West.270,23.849999999999998,1018.6933,21.079668,55.38333333333333,21.633333333333333,0.0,2025-04-30 20:00:00+02:00
2025-04-30 19:00:00+00:00,BG.West.270,23.75,1018.6933,19.081,61.88333333333333,0.48333333333333334,0.0,2025-04-30 21:00:00+02:00
2025-04-30 20:00:00+00:00,BG.West.270,23.583333333333332,1018.6933,17.366833,69.21666666666667,0.0,0.0,2025-04-30 22:00:00+02:00
2025-04-30 21:00:00+00:00,BG.West.270,23.366666666666664,1018.6933,16.289999,74.4,0.0,0.0,2025-04-30 23:00:00+02:00
2025-04-30 22:00:00+00:00,BG.West.270,23.516666666666666,1018.6933,15.392333,78.51666666666667,0.0,0.0,2025-05-01 00:00:00+02:00
2025-04-30 23:00:00+00:00,BG.West.270,23.650000000000002,1018.6933,14.637834,81.1,0.0,0.0,2025-05-01 01:00:00+02:00
2025-05-01 00:00:00+00:00,BG.West.270,23.600000000000005,1018.6933,13.989333,83.23333333333333,0.0,0.0,2025-05-01 02:00:00+02:00
2025-05-01 01:00:00+00:00,BG.West.270,23.516666666666666,1018.6933,13.769333,84.66666666666667,0.0,0.0,2025-05-01 03:00:00+02:00
2025-05-01 02:00:00+00:00,BG.West.270,23.516666666666666,1018.6933,13.352167,85.08333333333333,0.0,0.0,2025-05-01 04:00:00+02:00
2025-05-01 03:00:00+00:00,BG.West.270,23.5,1018.6933,12.997499,85.98333333333333,0.0,0.0,2025-05-01 05:00:00+02:00
2025-05-01 04:00:00+00:00,BG.West.270,23.46666666666667,1018.6933,12.723666,86.0,5.083333333333333,0.0,2025-05-01 06:00:00+02:00
2025-05-01 05:00:00+00:00,BG.West.270,23.46,1018.6933,13.126,86.58333333333333,21.983333333333334,0.0,2025-05-01 07:00:00+02:00
2025-05-01 06:00:00+00:00,BG.West.270,23.083333333333332,1018.6933,15.171332,85.8,84.41666666666667,0.0,2025-05-01 08:00:00+02:00
2025-05-01 07:00:00+00:00,BG.West.270,22.683333333333334,1018.6933,18.726002,75.16666666666667,88.3,0.022352,2025-05-01 09:00:00+02:00
2025-05-01 08:00:00+00:00,BG.West.270,23.349999999999998,1018.6933,21.133333,64.71666666666667,159.38333333333333,0.0,2025-05-01 10:00:00+02:00
2025-05-01 09:00:00+00:00,BG.West.270,23.933333333333334,1018.6933,24.098501,51.083333333333336,612.8,0.11921067,2025-05-01 11:00:00+02:00
2025-05-01 10:00:00+00:00,BG.West.270,24.566666666666666,1018.6933,26.531166,41.016666666666666,722.7833333333333,0.13411199,2025-05-01 12:00:00+02:00
2025-05-01 11:00:00+00:00,BG.West.270,24.885714285714283,1018.6933,27.182833,35.46666666666667,755.65,0.096858665,2025-05-01 13:00:00+02:00
2025-05-01 12:00:00+00:00,BG.West.270,25.080000000000002,1018.6933,27.603666,31.7,751.9833333333333,0.19371733,2025-05-01 14:00:00+02:00
2025-05-01 13:00:00+00:00,BG.West.270,25.383333333333336,1018.6933,27.508501,33.65,655.4833333333333,0.25332266,2025-05-01 15:00:00+02:00
2025-05-01 14:00:00+00:00,BG.West.270,25.583333333333332,1018.6933,27.685167,32.65,510.3666666666667,0.0074506667,2025-05-01 16:00:00+02:00
2025-05-01 15:00:00+00:00,BG.West.270,25.25,1018.6933,27.903002,33.11666666666667,438.48333333333335,0.06705599,2025-05-01 17:00:00+02:00
2025-05-01 16:00:00+00:00,BG.West.270,25.400000000000002,1018.6933,27.638166,34.3,299.31666666666666,0.0149013335,2025-05-01 18:00:00+02:00
2025-05-01 17:00:00+00:00,BG.West.270,25.53333333333333,1018.6933,26.201666,36.516666666666666,111.31666666666666,0.0,2025-05-01 19:00:00+02:00
2025-05-01 18:00:00+00:00,BG.West.270,25.55,1018.6933,23.874166,39.9,24.55,0.0,2025-05-01 20:00:00+02:00
2025-05-01 19:00:00+00:00,BG.West.270,25.46666666666667,1018.6933,21.096167,51.6,0.0,0.0,2025-05-01 21:00:00+02:00
2025-05-01 20:00:00+00:00,BG.West.270,25.099999999999998,1018.6933,18.9715,59.266666666666666,0.0,0.0,2025-05-01 22:00:00+02:00
2025-05-01 21:00:00+00:00,BG.West.270,24.733333333333334,1018.6933,17.670166,64.71666666666667,0.0,0.0,2025-05-01 23:00:00+02:00
2025-05-01 22:00:00+00:00,BG.West.270,24.633333333333336,1018.6933,16.776167,70.83333333333333,0.0,0.0,2025-05-02 00:00:00+02:00
2025-05-01 23:00:00+00:00,BG.West.270,24.64,1018.6933,16.1775,74.06666666666666,0.0,0.0,2025-05-02 01:00:00+02:00
2025-05-02 00:00:00+00:00,BG.West.270,24.53333333333333,1018.6933,15.660501,73.73333333333333,0.0,0.0,2025-05-02 02:00:00+02:00
2025-05-02 01:00:00+00:00,BG.West.270,24.5,1016.80035,15.1135,76.46666666666667,0.0,0.0,2025-05-02 03:00:00+02:00
2025-05-02 02:00:00+00:00,BG.West.270,24.416666666666668,1014.3248,14.661166,79.65,0.0,0.0,2025-05-02 04:00:00+02:00
2025-05-02 03:00:00+00:00,BG.West.270,24.349999999999998,1014.3248,14.7175,79.35,0.0,0.0,2025-05-02 05:00:00+02:00
2025-05-02 04:00:00+00:00,BG.West.270,24.3,1014.3248,15.508333,74.41666666666667,8.133333333333333,0.022352,2025-05-02 06:00:00+02:00
2025-05-02 05:00:00+00:00,BG.West.270,24.266666666666666,1014.3248,17.953001,61.28333333333333,35.983333333333334,0.0,2025-05-02 07:00:00+02:00
2025-05-02 06:00:00+00:00,BG.West.270,24.2,1014.3248,18.311,60.31666666666667,83.13333333333334,0.0,2025-05-02 08:00:00+02:00
2025-05-02 07:00:00+00:00,BG.West.270,24.2,1014.3248,20.497797,57.932203389830505,135.32203389830508,0.0,2025-05-02 09:00:00+02:00
2025-05-02 08:00:00+00:00,BG.West.270,24.349999999999998,1014.3248,22.671764,51.03921568627451,239.92156862745097,0.0,2025-05-02 10:00:00+02:00
2025-05-02 09:00:00+00:00,BG.West.270,24.78333333333333,1014.3248,24.229668,46.016666666666666,307.56666666666666,0.0,2025-05-02 11:00:00+02:00
2025-05-02 10:00:00+00:00,BG.West.270,25.0,1014.3248,23.966833,45.43333333333333,448.4166666666667,0.15646401,2025-05-02 12:00:00+02:00
2025-05-02 11:00:00+00:00,BG.West.270,25.083333333333332,1014.3248,22.567667,48.2,682.7666666666667,0.26077333,2025-05-02 13:00:00+02:00
2025-05-02 12:00:00+00:00,BG.West.270,24.899999999999995,1014.3248,22.704039,48.84615384615385,723.9807692307693,0.4040554,2025-05-02 14:00:00+02:00
2025-05-02 13:00:00+00:00,BG.West.270,25.0,1014.3248,23.371334,48.233333333333334,673.5166666666667,0.104309335,2025-05-02 15:00:00+02:00
2025-05-02 14:00:00+00:00,BG.West.270,25.316666666666666,1014.3248,22.710333,51.233333333333334,585.3666666666667,0.178816,2025-05-02 16:00:00+02:00
2025-05-02 15:00:00+00:00,BG.West.270,24.866666666666664,1014.3248,21.721668,54.0,462.6,0.07450666,2025-05-02 17:00:00+02:00
2025-05-02 16:00:00+00:00,BG.West.270,24.78,1014.3248,21.315832,54.416666666666664,293.8,0.029802667,2025-05-02 18:00:00+02:00
2025-05-02 17:00:00+00:00,BG.West.270,24.633333333333336,1014.3248,18.507166,65.48333333333333,135.03333333333333,0.11921067,2025-05-02 19:00:00+02:00
2025-05-02 18:00:00+00:00,BG.West.270,24.3,1014.3248,15.9279995,73.1,25.45,0.052154664,2025-05-02 20:00:00+02:00
2025-05-02 19:00:00+00:00,BG.West.270,24.133333333333336,1014.3248,14.803166,77.48333333333333,0.3333333333333333,0.10430933,2025-05-02 21:00:00+02:00
2025-05-02 20:00:00+00:00,BG.West.270,24.0,1014.3248,14.114333,81.2,0.0,0.029802667,2025-05-02 22:00:00+02:00
2025-05-02 21:00:00+00:00,BG.West.270,23.899999999999995,1014.3248,13.990001,82.73333333333333,0.0,0.0,2025-05-02 23:00:00+02:00
2025-05-02 22:00:00+00:00,BG.West.270,24.150000000000002,1014.3248,13.523666,82.13333333333334,0.0,0.029802667,2025-05-03 00:00:00+02:00
2025-05-02 23:00:00+00:00,BG.West.270,24.316666666666666,1014.3248,12.682333,82.0,0.0,0.0,2025-05-03 01:00:00+02:00
2025-05-03 00:00:00+00:00,BG.West.270,24.3,1014.8678,11.8345,81.18333333333334,0.0,0.0,2025-05-03 02:00:00+02:00
2025-05-03 01:00:00+00:00,BG.West.270,24.266666666666666,1015.4085,11.3914995,68.81666666666666,0.0,0.0,2025-05-03 03:00:00+02:00
2025-05-03 02:00:00+00:00,BG.West.270,24.2,1015.4085,10.991834,67.68333333333334,0.0,0.0,2025-05-03 04:00:00+02:00
2025-05-03 03:00:00+00:00,BG.West.270,24.2,1015.4085,10.284834,71.1,0.0,0.0,2025-05-03 05:00:00+02:00
2025-05-03 04:00:00+00:00,BG.West.270,24.183333333333334,1015.4085,9.878833,74.35,7.833333333333333,0.0,2025-05-03 06:00:00+02:00
2025-05-03 05:00:00+00:00,BG.West.270,24.11666666666667,1015.4085,10.460166,75.96666666666667,24.033333333333335,0.0,2025-05-03 07:00:00+02:00
2025-05-03 06:00:00+00:00,BG.West.270,24.100000000000005,1015.4085,11.966666,70.55,87.66666666666667,0.11176,2025-05-03 08:00:00+02:00
2025-05-03 07:00:00+00:00,BG.West.270,24.11666666666667,1015.4085,13.622499,63.38333333333333,87.3,0.06705601,2025-05-03 09:00:00+02:00
2025-05-03 08:00:00+00:00,BG.West.270,24.183333333333334,1015.4085,14.650333,59.85,206.63333333333333,0.12666133,2025-05-03 10:00:00+02:00
2025-05-03 09:00:00+00:00,BG.West.270,24.2,1015.4085,16.366333,55.3,632.1333333333333,0.11176,2025-05-03 11:00:00+02:00
2025-05-03 10:00:00+00:00,BG.West.270,24.2,1015.4085,17.953667,52.666666666666664,730.9333333333333,0.0149013335,2025-05-03 12:00:00+02:00
2025-05-03 11:00:00+00:00,BG.West.270,24.2,1015.4085,18.406,50.666666666666664,790.85,0.23097067,2025-05-03 13:00:00+02:00
2025-05-03 12:00:00+00:00,BG.West.270,24.233333333333334,1015.4085,18.829166,45.233333333333334,768.2,0.14156267,2025-05-03 14:00:00+02:00
2025-05-03 13:00:00+00:00,BG.West.270,24.333333333333332,1015.4085,18.952168,41.71666666666667,592.2833333333333,0.08195733,2025-05-03 15:00:00+02:00
2025-05-03 14:00:00+00:00,BG.West.270,24.53333333333333,1015.4085,18.051832,45.483333333333334,622.0,0.30547732,2025-05-03 16:00:00+02:00
2025-05-03 15:00:00+00:00,BG.West.270,24.266666666666666,1015.4085,16.912333,50.53333333333333,462.2,0.33528,2025-05-03 17:00:00+02:00
2025-05-03 16:00:00+00:00,BG.West.270,24.2,1015.4085,14.760834,61.266666666666666,204.66666666666666,0.48429334,2025-05-03 18:00:00+02:00
2025-05-03 17:00:00+00:00,BG.West.270,24.2,1015.4085,13.113667,72.36666666666666,39.016666666666666,0.44704,2025-05-03 19:00:00+02:00
2025-05-03 18:00:00+00:00,BG.West.270,24.083333333333332,1015.4085,11.935834,72.88333333333334,18.766666666666666,0.916432,2025-05-03 20:00:00+02:00
2025-05-03 19:00:00+00:00,BG.West.270,24.0,1015.4085,11.164333,70.85,0.0,0.32782933,2025-05-03 21:00:00+02:00
2025-05-03 20:00:00+00:00,BG.West.270,23.916666666666668,1015.4085,10.809,70.8,0.0,0.4172373,2025-05-03 22:00:00+02:00
2025-05-03 21:00:00+00:00,BG.West.270,23.866666666666664,1015.4085,11.010834,70.96666666666667,0.0,0.3501813,2025-05-03 23:00:00+02:00
2025-05-03 22:00:00+00:00,BG.West.270,23.816666666666666,1015.4085,10.888999,73.0,0.0,0.15646401,2025-05-04 00:00:00+02:00
2025-05-03 23:00:00+00:00,BG.West.270,23.766666666666666,1015.4085,10.5845,74.1,0.0,0.096858665,2025-05-04 01:00:00+02:00
2025-05-04 00:00:00+00:00,BG.West.270,23.766666666666666,1015.4085,10.6705,75.63333333333334,0.0,0.11176,2025-05-04 02:00:00+02:00
2025-05-04 01:00:00+00:00,BG.West.270,23.7,1015.4085,10.530167,76.46666666666667,0.0,0.059605334,2025-05-04 03:00:00+02:00
2025-05-04 02:00:00+00:00,BG.West.270,23.7,1015.4085,10.631,78.0,0.0,0.11921067,2025-05-04 04:00:00+02:00
2025-05-04 03:00:00+00:00,BG.West.270,23.64,1015.4085,10.457667,77.46666666666667,0.0,0.20861866,2025-05-04 05:00:00+02:00
2025-05-04 04:00:00+00:00,BG.West.270,23.61666666666667,1015.4085,10.3475,77.48333333333333,1.5833333333333333,0.089408,2025-05-04 06:00:00+02:00
2025-05-04 05:00:00+00:00,BG.West.270,23.583333333333332,1015.4085,10.197167,76.53333333333333,33.63333333333333,0.089408,2025-05-04 07:00:00+02:00
2025-05-04 06:00:00+00:00,BG.West.270,23.583333333333332,1015.4085,10.403,72.98333333333333,72.73333333333333,0.12666133,2025-05-04 08:00:00+02:00
2025-05-04 07:00:00+00:00,BG.West.270,23.5,1015.4085,10.537833,72.66666666666667,108.91666666666667,0.11176,2025-05-04 09:00:00+02:00
2025-05-04 08:00:00+00:00,BG.West.270,23.516666666666666,1015.4085,10.660167,73.95,240.55,0.11921067,2025-05-04 10:00:00+02:00
2025-05-04 09:00:00+00:00,BG.West.270,23.5,1015.4085,11.8625,65.98333333333333,406.73333333333335,0.44704,2025-05-04 11:00:00+02:00
2025-05-04 10:00:00+00:00,BG.West.270,23.483333333333334,1015.4085,12.268833,60.81666666666667,352.25,0.30547732,2025-05-04 12:00:00+02:00
2025-05-04 11:00:00+00:00,BG.West.270,23.516666666666666,1015.4085,12.6565,62.88333333333333,499.3,0.64820796,2025-05-04 13:00:00+02:00
2025-05-04 12:00:00+00:00,BG.West.270,23.516666666666666,1015.4085,12.920333,59.71666666666667,439.6166666666667,0.29802665,2025-05-04 14:00:00+02:00
2025-05-04 13:00:00+00:00,BG.West.270,23.583333333333332,1015.4085,13.756166,55.36666666666667,761.0833333333334,0.46194133,2025-05-04 15:00:00+02:00
2025-05-04 14:00:00+00:00,BG.West.270,23.733333333333334,1015.4085,13.808,53.916666666666664,581.45,0.30547732,2025-05-04 16:00:00+02:00
2025-05-04 15:00:00+00:00,BG.West.270,23.566666666666666,1015.4085,13.265166,55.3,329.65,0.14156267,2025-05-04 17:00:00+02:00
2025-05-04 16:00:00+00:00,BG.West.270,23.46666666666667,1015.4085,12.312667,58.15,298.53333333333336,0.22352,2025-05-04 18:00:00+02:00
2025-05-04 17:00:00+00:00,BG.West.270,23.349999999999998,1015.4085,10.939834,63.166666666666664,64.75,0.08195733,2025-05-04 19:00:00+02:00
2025-05-04 18:00:00+00:00,BG.West.270,23.266666666666666,1015.4085,9.979666,67.61666666666666,25.0,0.059605334,2025-05-04 20:00:00+02:00
2025-05-04 19:00:00+00:00,BG.West.270,23.183333333333334,1015.4085,9.004667,70.43333333333334,0.5,0.052154664,2025-05-04 21:00:00+02:00
2025-05-04 20:00:00+00:00,BG.West.270,23.16,1015.4085,8.569834,71.05,0.0,0.022352,2025-05-04 22:00:00+02:00
2025-05-04 21:00:00+00:00,BG.West.270,23.100000000000005,1015.4085,8.196166,71.41666666666667,0.0,0.0074506667,2025-05-04 23:00:00+02:00
2025-05-04 22:00:00+00:00,BG.West.270,23.03333333333333,1015.4085,7.819,72.01666666666667,0.0,0.0,2025-05-05 00:00:00+02:00
2025-05-04 23:00:00+00:00,BG.West.270,22.983333333333334,1015.4085,7.5631666,73.56666666666666,0.0,0.0,2025-05-05 01:00:00+02:00
2025-05-05 00:00:00+00:00,BG.West.270,22.899999999999995,1015.4085,6.6721663,76.78333333333333,0.0,0.0,2025-05-05 02:00:00+02:00
2025-05-05 01:00:00+00:00,BG.West.270,22.833333333333332,1015.4085,5.7503333,80.9,0.0,0.0,2025-05-05 03:00:00+02:00
2025-05-05 02:00:00+00:00,BG.West.270,22.816666666666666,1015.4085,5.1601663,83.28333333333333,0.0,0.0,2025-05-05 04:00:00+02:00
2025-05-05 03:00:00+00:00,BG.West.270,22.733333333333334,1015.4085,4.9191666,84.58333333333333,0.0,0.0,2025-05-05 05:00:00+02:00
2025-05-05 04:00:00+00:00,BG.West.270,22.683333333333334,1015.4085,5.0161667,85.0,6.5,0.0,2025-05-05 06:00:00+02:00
2025-05-05 05:00:00+00:00,BG.West.270,22.516666666666666,1015.4085,5.7796664,85.05,21.85,0.0,2025-05-05 07:00:00+02:00
2025-05-05 06:00:00+00:00,BG.West.270,22.5,1015.4085,8.015,79.26666666666667,91.6,0.08195733,2025-05-05 08:00:00+02:00
2025-05-05 07:00:00+00:00,BG.West.270,22.383333333333336,1015.4085,10.229334,67.53333333333333,92.16666666666667,0.15646401,2025-05-05 09:00:00+02:00
2025-05-05 08:00:00+00:00,BG.West.270,22.366666666666664,1015.4085,11.381333,62.666666666666664,191.2,0.25332266,2025-05-05 10:00:00+02:00
2025-05-05 09:00:00+00:00,BG.West.270,22.3,1015.4085,11.975167,62.4,216.68333333333334,0.178816,2025-05-05 11:00:00+02:00
2025-05-05 10:00:00+00:00,BG.West.270,22.28333333333333,1015.4085,12.774,58.18333333333333,439.15,0.21606933,2025-05-05 12:00:00+02:00
2025-05-05 11:00:00+00:00,BG.West.270,22.2,1015.4085,14.029166,52.05,328.3,0.24587199,2025-05-05 13:00:00+02:00
2025-05-05 12:00:00+00:00,BG.West.270,22.21666666666667,1015.4085,14.725666,47.75,591.2666666666667,0.11921067,2025-05-05 14:00:00+02:00
2025-05-05 13:00:00+00:00,BG.West.270,22.266666666666666,1015.4085,16.553501,38.4,757.5166666666667,0.23842134,2025-05-05 15:00:00+02:00
2025-05-05 14:00:00+00:00,BG.West.270,22.5,1015.4085,16.763666,36.333333333333336,667.5833333333334,0.20861866,2025-05-05 16:00:00+02:00
2025-05-05 15:00:00+00:00,BG.West.270,22.416666666666668,1015.4085,16.513332,39.31666666666667,477.6,0.19371733,2025-05-05 17:00:00+02:00
2025-05-05 16:00:00+00:00,BG.West.270,22.266666666666666,1015.4085,15.334667,44.15,323.85,0.25332266,2025-05-05 18:00:00+02:00
2025-05-05 17:00:00+00:00,BG.West.270,22.2,1015.4085,14.083166,46.38333333333333,190.21666666666667,0.21606933,2025-05-05 19:00:00+02:00
2025-05-05 18:00:00+00:00,BG.West.270,22.133333333333336,1015.4085,11.761667,50.166666666666664,24.75,0.089408,2025-05-05 20:00:00+02:00
2025-05-05 19:00:00+00:00,BG.West.270,22.03333333333333,1015.4085,10.373,53.9,1.15,0.052154668,2025-05-05 21:00:00+02:00
2025-05-05 20:00:00+00:00,BG.West.270,21.96666666666667,1015.4085,9.554334,57.4,0.0,0.022352,2025-05-05 22:00:00+02:00
2025-05-05 21:00:00+00:00,BG.West.270,21.900000000000002,1015.4085,8.938167,62.6,0.0,0.0,2025-05-05 23:00:00+02:00
2025-05-05 22:00:00+00:00,BG.West.270,21.900000000000002,1015.4085,8.3914995,66.13333333333334,0.0,0.0,2025-05-06 00:00:00+02:00
2025-05-05 23:00:00+00:00,BG.West.270,21.916666666666668,1015.4085,7.9544997,67.15,0.0,0.0074506667,2025-05-06 01:00:00+02:00
2025-05-06 00:00:00+00:00,BG.West.270,21.88333333333333,1015.4085,7.552333,70.16666666666667,0.0,0.022352,2025-05-06 02:00:00+02:00
2025-05-06 01:00:00+00:00,BG.West.270,21.849999999999998,1015.4085,7.2535,74.18333333333334,0.0,0.0,2025-05-06 03:00:00+02:00
2025-05-06 02:00:00+00:00,BG.West.270,21.8,1015.4085,6.998,76.73333333333333,0.0,0.0074506667,2025-05-06 04:00:00+02:00
2025-05-06 03:00:00+00:00,BG.West.270,21.78333333333333,1015.4085,6.5905,78.7,0.0,0.0074506667,2025-05-06 05:00:00+02:00
2025-05-06 04:00:00+00:00,BG.West.270,21.766666666666666,1015.4085,6.2563334,80.0,6.65,0.0074506667,2025-05-06 06:00:00+02:00
2025-05-06 05:00:00+00:00,BG.West.270,21.71666666666667,1015.4085,7.2075,78.15,22.366666666666667,0.0074506667,2025-05-06 07:00:00+02:00
2025-05-06 06:00:00+00:00,BG.West.270,21.650000000000002,1015.4085,8.945167,71.1,88.2,0.10430933,2025-05-06 08:00:00+02:00
2025-05-06 07:00:00+00:00,BG.West.270,19.44,1015.4085,10.428166,62.28333333333333,70.03333333333333,0.052154664,2025-05-06 09:00:00+02:00
2025-05-06 08:00:00+00:00,BG.West.270,19.3,1015.4085,11.125167,59.53333333333333,191.4,0.089408,2025-05-06 10:00:00+02:00
2025-05-06 09:00:00+00:00,BG.West.270,19.716666666666665,1015.4085,12.630334,57.11666666666667,338.5,0.19371733,2025-05-06 11:00:00+02:00
2025-05-06 10:00:00+00:00,BG.West.270,20.083333333333332,1015.4085,13.203167,61.05,306.76666666666665,0.044704,2025-05-06 12:00:00+02:00
2025-05-06 11:00:00+00:00,BG.West.270,20.46666666666667,1015.4085,12.3758335,68.33333333333333,204.11666666666667,0.11176,2025-05-06 13:00:00+02:00
2025-05-06 12:00:00+00:00,BG.West.270,20.666666666666668,1015.4085,12.602666,71.93333333333334,265.31666666666666,0.11921067,2025-05-06 14:00:00+02:00
2025-05-06 13:00:00+00:00,BG.West.270,20.82,1015.4085,12.699167,73.2,182.43333333333334,0.10430933,2025-05-06 15:00:00+02:00
2025-05-06 14:00:00+00:00,BG.West.270,20.483333333333334,1015.4085,12.985167,72.21666666666667,138.95,0.17136532,2025-05-06 16:00:00+02:00
2025-05-06 15:00:00+00:00,BG.West.270,20.05,1015.4085,12.384833,72.86666666666666,93.06666666666666,0.25332266,2025-05-06 17:00:00+02:00
2025-05-06 16:00:00+00:00,BG.West.270,20.8,1015.4085,11.968,73.56666666666666,70.8,0.23842134,2025-05-06 18:00:00+02:00
2025-05-06 17:00:00+00:00,BG.West.270,21.25,1015.4085,11.4525,72.53333333333333,29.5,0.25332266,2025-05-06 19:00:00+02:00
2025-05-06 18:00:00+00:00,BG.West.270,21.2,1015.4085,10.882667,75.66666666666667,6.55,0.07450666,2025-05-06 20:00:00+02:00
2025-05-06 19:00:00+00:00,BG.West.270,21.150000000000002,1015.4085,10.806666,74.01666666666667,0.0,0.059605334,2025-05-06 21:00:00+02:00
2025-05-06 20:00:00+00:00,BG.West.270,21.1,1015.4085,10.6693325,77.25,0.0,0.0074506667,2025-05-06 22:00:00+02:00
2025-05-06 21:00:00+00:00,BG.West.270,21.1,1015.4085,10.211,81.63333333333334,0.0,0.0,2025-05-06 23:00:00+02:00
2025-05-06 22:00:00+00:00,BG.West.270,21.183333333333334,1015.4085,9.952167,76.98333333333333,0.0,0.17136532,2025-05-07 00:00:00+02:00
2025-05-06 23:00:00+00:00,BG.West.270,21.2,1015.4085,9.275,77.25,0.0,0.0149013335,2025-05-07 01:00:00+02:00
2025-05-07 00:00:00+00:00,BG.West.270,21.2,1015.4085,9.130334,77.63333333333334,0.0,0.0149013335,2025-05-07 02:00:00+02:00
2025-05-07 01:00:00+00:00,BG.West.270,21.2,1015.4085,9.3125,75.7,0.0,0.089408,2025-05-07 03:00:00+02:00
2025-05-07 02:00:00+00:00,BG.West.270,21.2,1015.4085,9.328167,72.36666666666666,0.0,0.052154664,2025-05-07 04:00:00+02:00
2025-05-07 03:00:00+00:00,BG.West.270,21.2,1015.4085,9.004,72.76666666666667,0.0,0.0149013335,2025-05-07 05:00:00+02:00
2025-05-07 04:00:00+00:00,BG.West.270,21.2,1015.4085,8.979,71.3,6.083333333333333,0.022352,2025-05-07 06:00:00+02:00
2025-05-07 05:00:00+00:00,BG.West.270,21.183333333333334,1015.4085,9.070833,71.63333333333334,32.21666666666667,0.029802667,2025-05-07 07:00:00+02:00
2025-05-07 06:00:00+00:00,BG.West.270,20.983333333333334,1015.4085,9.802167,71.46666666666667,89.61666666666666,0.029802667,2025-05-07 08:00:00+02:00
2025-05-07 07:00:00+00:00,BG.West.270,19.5,1015.4085,10.523334,70.31666666666666,127.6,0.11921067,2025-05-07 09:00:00+02:00
2025-05-07 08:00:00+00:00,BG.West.270,20.416666666666668,1015.4085,11.3975,69.03333333333333,177.43333333333334,0.052154664,2025-05-07 10:00:00+02:00
2025-05-07 09:00:00+00:00,BG.West.270,20.95,1015.4085,11.819667,68.7,200.06666666666666,0.0149013335,2025-05-07 11:00:00+02:00
2025-05-07 10:00:00+00:00,BG.West.270,21.066666666666666,1015.4085,12.4695,67.98333333333333,229.1,0.059605334,2025-05-07 12:00:00+02:00
2025-05-07 11:00:00+00:00,BG.West.270,20.45,1015.4085,13.393666,66.93333333333334,243.25,0.07450666,2025-05-07 13:00:00+02:00
2025-05-07 12:00:00+00:00,BG.West.270,20.566666666666666,1015.4085,14.0789995,66.35,303.05,0.0,2025-05-07 14:00:00+02:00
2025-05-07 13:00:00+00:00,BG.West.270,21.016666666666666,1015.4085,14.741667,64.86666666666666,453.3666666666667,0.16391467,2025-05-07 15:00:00+02:00
2025-05-07 14:00:00+00:00,BG.West.270,21.05,1015.4085,14.763834,65.9,371.71666666666664,0.29057598,2025-05-07 16:00:00+02:00
2025-05-07 15:00:00+00:00,BG.West.270,21.116666666666667,1015.4085,15.292001,65.16666666666667,425.0833333333333,0.26077333,2025-05-07 17:00:00+02:00
2025-05-07 16:00:00+00:00,BG.West.270,21.2,1015.4085,14.4605,67.86666666666666,173.01666666666668,0.23097067,2025-05-07 18:00:00+02:00
2025-05-07 17:00:00+00:00,BG.West.270,21.04,1015.4085,12.967,72.0,40.36666666666667,0.07450666,2025-05-07 19:00:00+02:00
2025-05-07 18:00:00+00:00,BG.West.270,20.933333333333334,1015.4085,12.194,73.98333333333333,23.25,0.03725333,2025-05-07 20:00:00+02:00
2025-05-07 19:00:00+00:00,BG.West.270,20.849999999999998,1015.4085,11.468167,74.0,1.7,0.03725333,2025-05-07 21:00:00+02:00
2025-05-07 20:00:00+00:00,BG.West.270,20.816666666666666,1015.4085,10.973333,75.13333333333334,0.0,0.0074506667,2025-05-07 22:00:00+02:00
2025-05-07 21:00:00+00:00,BG.West.270,20.816666666666666,1015.4085,10.0245,77.55,0.0,0.059605334,2025-05-07 23:00:00+02:00
2025-05-07 22:00:00+00:00,BG.West.270,20.833333333333332,1015.4085,9.469167,80.6,0.0,0.0149013335,2025-05-08 00:00:00+02:00
2025-05-07 23:00:00+00:00,BG.West.270,20.933333333333334,1015.4085,9.109166,82.58333333333333,0.0,0.0074506667,2025-05-08 01:00:00+02:00
2025-05-08 00:00:00+00:00,BG.West.270,20.916666666666668,1015.4085,8.957,83.81666666666666,0.0,0.022352,2025-05-08 02:00:00+02:00
2025-05-08 01:00:00+00:00,BG.West.270,20.916666666666668,1015.4085,8.671666,84.61666666666666,0.0,0.0,2025-05-08 03:00:00+02:00
2025-05-08 02:00:00+00:00,BG.West.270,20.9,1015.4085,8.284166,85.26666666666667,0.0,0.0,2025-05-08 04:00:00+02:00
2025-05-08 03:00:00+00:00,BG.West.270,20.9,1015.4085,8.1175,86.0,0.0,0.0,2025-05-08 05:00:00+02:00
2025-05-08 04:00:00+00:00,BG.West.270,20.866666666666664,1015.4085,8.159167,86.0,7.666666666666667,0.0,2025-05-08 06:00:00+02:00
2025-05-08 05:00:00+00:00,BG.West.270,20.783333333333335,1015.4085,8.493834,86.0,22.516666666666666,0.0,2025-05-08 07:00:00+02:00
2025-05-08 06:00:00+00:00,BG.West.270,20.666666666666668,1015.4085,9.572167,85.4,77.98333333333333,0.044704,2025-05-08 08:00:00+02:00
2025-05-08 07:00:00+00:00,BG.West.270,19.150000000000002,1015.4085,11.464499,82.83333333333333,74.66666666666667,0.17136532,2025-05-08 09:00:00+02:00
2025-05-08 08:00:00+00:00,BG.West.270,19.116666666666667,1015.4085,13.483334,77.0,324.9,0.044704,2025-05-08 10:00:00+02:00
2025-05-08 09:00:00+00:00,BG.West.270,19.45,1015.4085,15.826,67.38333333333334,590.1666666666666,0.052154664,2025-05-08 11:00:00+02:00
2025-05-08 10:00:00+00:00,BG.West.270,19.72,1015.4085,17.004665,58.31666666666667,431.4166666666667,0.0074506667,2025-05-08 12:00:00+02:00
2025-05-08 11:00:00+00:00,BG.West.270,20.016666666666666,1015.4085,16.594334,63.583333333333336,324.01666666666665,0.10430933,2025-05-08 13:00:00+02:00
2025-05-08 12:00:00+00:00,BG.West.270,20.116666666666667,1015.4085,16.319,67.06666666666666,358.23333333333335,0.059605334,2025-05-08 14:00:00+02:00
2025-05-08 13:00:00+00:00,BG.West.270,20.3,1015.4085,18.029667,61.8,551.5333333333333,0.096858665,2025-05-08 15:00:00+02:00
2025-05-08 14:00:00+00:00,BG.West.270,20.316666666666666,1015.4085,16.817167,64.48333333333333,223.23333333333332,0.14156267,2025-05-08 16:00:00+02:00
2025-05-08 15:00:00+00:00,BG.West.270,20.166666666666668,1015.4085,16.4135,63.983333333333334,165.83333333333334,0.059605334,2025-05-08 17:00:00+02:00
2025-05-08 16:00:00+00:00,BG.West.270,20.483333333333334,1015.4085,17.082832,59.333333333333336,257.0833333333333,0.022352,2025-05-08 18:00:00+02:00
2025-05-08 17:00:00+00:00,BG.West.270,20.7,1015.4085,17.898335,40.766666666666666,116.35,0.03725333,2025-05-08 19:00:00+02:00
2025-05-08 18:00:00+00:00,BG.West.270,20.7,1015.4085,16.0595,45.45,27.85,0.0,2025-05-08 20:00:00+02:00
2025-05-08 19:00:00+00:00,BG.West.270,20.633333333333336,1015.4085,14.665,51.38333333333333,1.9666666666666666,0.0,2025-05-08 21:00:00+02:00
2025-05-08 20:00:00+00:00,BG.West.270,20.566666666666666,1015.4085,13.888166,58.06666666666667,0.0,0.0,2025-05-08 22:00:00+02:00
2025-05-08 21:00:00+00:00,BG.West.270,20.55,1015.4085,12.9545,59.983333333333334,0.0,0.0,2025-05-08 23:00:00+02:00
2025-05-08 22:00:00+00:00,BG.West.270,20.7,1015.4085,12.0815,56.983333333333334,0.0,0.0,2025-05-09 00:00:00+02:00
2025-05-08 23:00:00+00:00,BG.West.270,20.8,1015.4085,10.8758335,59.666666666666664,0.0,0.0,2025-05-09 01:00:00+02:00
2025-05-09 00:00:00+00:00,BG.West.270,20.816666666666666,1015.4085,9.9818325,61.666666666666664,0.0,0.0,2025-05-09 02:00:00+02:00
2025-05-09 01:00:00+00:00,BG.West.270,20.866666666666664,1015.4085,9.230667,64.31666666666666,0.0,0.0,2025-05-09 03:00:00+02:00
2025-05-09 02:00:00+00:00,BG.West.270,20.866666666666664,1015.4085,8.5325,66.6,0.0,0.0,2025-05-09 04:00:00+02:00
2025-05-09 03:00:00+00:00,BG.West.270,20.833333333333332,1015.4085,8.014167,68.75,0.0,0.0,2025-05-09 05:00:00+02:00
2025-05-09 04:00:00+00:00,BG.West.270,20.8,1015.4085,7.756,70.48333333333333,7.966666666666667,0.0074506667,2025-05-09 06:00:00+02:00
2025-05-09 05:00:00+00:00,BG.West.270,20.766666666666666,1015.4085,8.220667,72.71666666666667,21.616666666666667,0.0,2025-05-09 07:00:00+02:00
2025-05-09 06:00:00+00:00,BG.West.270,20.7,1015.4085,10.403833,67.33333333333333,68.65,0.0074506667,2025-05-09 08:00:00+02:00
2025-05-09 07:00:00+00:00,BG.West.270,20.283333333333335,1015.4085,13.372334,56.68333333333333,59.016666666666666,0.029802667,2025-05-09 09:00:00+02:00
2025-05-09 08:00:00+00:00,BG.West.270,20.3,1015.4085,15.563833,47.233333333333334,313.1166666666667,0.38743466,2025-05-09 10:00:00+02:00
2025-05-09 09:00:00+00:00,BG.West.270,20.766666666666666,1015.4085,17.438168,39.86666666666667,645.55,0.7748693,2025-05-09 11:00:00+02:00
2025-05-09 10:00:00+00:00,BG.West.270,21.066666666666666,1015.4085,18.795834,37.06666666666667,760.8,0.603504,2025-05-09 12:00:00+02:00
2025-05-09 11:00:00+00:00,BG.West.270,21.150000000000002,1015.4085,19.526667,35.88333333333333,813.0166666666667,0.8642773,2025-05-09 13:00:00+02:00
2025-05-09 12:00:00+00:00,BG.West.270,21.349999999999998,1015.4085,20.239,35.2,798.6,1.0803467,2025-05-09 14:00:00+02:00
2025-05-09 13:00:00+00:00,BG.West.270,21.55,1015.4085,20.870667,34.11666666666667,750.4666666666667,0.7301653,2025-05-09 15:00:00+02:00
2025-05-09 14:00:00+00:00,BG.West.270,21.55,1015.4085,21.505499,33.833333333333336,585.0166666666667,0.43213865,2025-05-09 16:00:00+02:00
2025-05-09 15:00:00+00:00,BG.West.270,21.483333333333334,1015.4085,21.254,35.53333333333333,374.43333333333334,0.11176,2025-05-09 17:00:00+02:00
2025-05-09 16:00:00+00:00,BG.West.270,21.183333333333334,1015.4085,21.118666,36.916666666666664,359.6,0.11176,2025-05-09 18:00:00+02:00
2025-05-09 17:00:00+00:00,BG.West.270,21.5,1015.4085,20.583166,38.93333333333333,197.95,0.052154664,2025-05-09 19:00:00+02:00
2025-05-09 18:00:00+00:00,BG.West.270,21.516666666666666,1015.4085,18.583166,45.0,29.016666666666666,0.0,2025-05-09 20:00:00+02:00
2025-05-09 19:00:00+00:00,BG.West.270,21.433333333333334,1015.4085,16.586166,53.31666666666667,2.4833333333333334,0.0,2025-05-09 21:00:00+02:00
2025-05-09 20:00:00+00:00,BG.West.270,21.266666666666666,1015.4085,15.026,58.6,0.0,0.0,2025-05-09 22:00:00+02:00
2025-05-09 21:00:00+00:00,BG.West.270,21.18,1015.4085,14.251333,62.6,0.0,0.0149013335,2025-05-09 23:00:00+02:00
2025-05-09 22:00:00+00:00,BG.West.270,21.233333333333334,1015.4085,13.712833,62.9,0.0,0.0074506667,2025-05-10 00:00:00+02:00
2025-05-09 23:00:00+00:00,BG.West.270,21.3,1015.4085,12.590166,65.76666666666667,0.0,0.0,2025-05-10 01:00:00+02:00
2025-05-10 00:00:00+00:00,BG.West.270,21.333333333333332,1015.4085,11.5181675,68.98333333333333,0.0,0.0,2025-05-10 02:00:00+02:00
2025-05-10 01:00:00+00:00,BG.West.270,21.349999999999998,1015.4085,10.743834,71.35,0.0,0.0,2025-05-10 03:00:00+02:00
2025-05-10 02:00:00+00:00,BG.West.270,21.3,1015.4085,10.1915,72.68333333333334,0.0,0.0149013335,2025-05-10 04:00:00+02:00
2025-05-10 03:00:00+00:00,BG.West.270,21.3,1015.4085,9.4895,74.76666666666667,0.0,0.0,2025-05-10 05:00:00+02:00
2025-05-10 04:00:00+00:00,BG.West.270,21.3,1015.4085,9.072666,76.71666666666667,8.05,0.0,2025-05-10 06:00:00+02:00
2025-05-10 05:00:00+00:00,BG.West.270,21.3,1015.4085,9.601334,75.68333333333334,21.233333333333334,0.0,2025-05-10 07:00:00+02:00
2025-05-10 06:00:00+00:00,BG.West.270,21.3,1015.4085,11.605333,71.16666666666667,55.78333333333333,0.0,2025-05-10 08:00:00+02:00
2025-05-10 07:00:00+00:00,BG.West.270,21.333333333333332,1015.4085,14.2225,62.3,51.583333333333336,0.0149013335,2025-05-10 09:00:00+02:00
2025-05-10 08:00:00+00:00,BG.West.270,21.46666666666667,1015.4085,16.638166,53.35,279.73333333333335,0.14901333,2025-05-10 10:00:00+02:00
2025-05-10 09:00:00+00:00,BG.West.270,21.600000000000005,1015.4085,19.7275,40.96666666666667,640.65,0.19371733,2025-05-10 11:00:00+02:00
2025-05-10 10:00:00+00:00,BG.West.270,21.650000000000002,1015.4085,21.317167,35.56666666666667,761.2,0.36508268,2025-05-10 12:00:00+02:00
2025-05-10 11:00:00+00:00,BG.West.270,21.71666666666667,1015.4085,22.2515,34.4,803.8833333333333,0.54389864,2025-05-10 13:00:00+02:00
2025-05-10 12:00:00+00:00,BG.West.270,21.766666666666666,1015.4085,22.446001,33.46666666666667,796.2166666666667,0.78977066,2025-05-10 14:00:00+02:00
2025-05-10 13:00:00+00:00,BG.West.270,21.866666666666664,1015.4085,23.227667,31.716666666666665,747.85,0.7301653,2025-05-10 15:00:00+02:00
2025-05-10 14:00:00+00:00,BG.West.270,22.02,1015.4085,23.2375,30.316666666666666,651.5166666666667,1.274064,2025-05-10 16:00:00+02:00
2025-05-10 15:00:00+00:00,BG.West.270,22.016666666666666,1015.4085,23.187334,30.933333333333334,525.9166666666666,1.3262187,2025-05-10 17:00:00+02:00
2025-05-10 16:00:00+00:00,BG.West.270,22.016666666666666,1015.4085,23.233667,30.266666666666666,376.8333333333333,0.84937596,2025-05-10 18:00:00+02:00
2025-05-10 17:00:00+00:00,BG.West.270,21.916666666666668,1015.4085,22.733334,31.783333333333335,215.5,0.52154666,2025-05-10 19:00:00+02:00
2025-05-10 18:00:00+00:00,BG.West.270,21.899999999999995,1015.4085,21.0655,35.6,34.36666666666667,0.089408,2025-05-10 20:00:00+02:00
2025-05-10 19:00:00+00:00,BG.West.270,21.866666666666664,1015.9819,19.314833,40.63333333333333,2.45,0.0,2025-05-10 21:00:00+02:00
2025-05-10 20:00:00+00:00,BG.West.270,21.866666666666664,1016.8245,17.878834,45.0,0.0,0.0,2025-05-10 22:00:00+02:00
2025-05-10 21:00:00+00:00,BG.West.270,21.8,1016.8646,16.161167,53.7,0.0,0.0,2025-05-10 23:00:00+02:00
2025-05-10 22:00:00+00:00,BG.West.270,21.816666666666666,1016.8646,14.867666,58.81666666666667,0.0,0.0,2025-05-11 00:00:00+02:00
2025-05-10 23:00:00+00:00,BG.West.270,21.78333333333333,1016.8646,13.902833,63.78333333333333,0.0,0.0,2025-05-11 01:00:00+02:00
2025-05-11 00:00:00+00:00,BG.West.270,21.7,1016.8646,13.056334,66.7,0.0,0.0,2025-05-11 02:00:00+02:00
2025-05-11 01:00:00+00:00,BG.West.270,21.683333333333334,1016.8646,12.3984995,68.15,0.0,0.0,2025-05-11 03:00:00+02:00
2025-05-11 02:00:00+00:00,BG.West.270,21.7,1016.8646,11.631166,70.6,0.0,0.0,2025-05-11 04:00:00+02:00
2025-05-11 03:00:00+00:00,BG.West.270,21.666666666666668,1016.8646,10.9125,74.15,0.0,0.0,2025-05-11 05:00:00+02:00
2025-05-11 04:00:00+00:00,BG.West.270,21.633333333333336,1016.8646,10.640167,76.33333333333333,8.35,0.0,2025-05-11 06:00:00+02:00
2025-05-11 05:00:00+00:00,BG.West.270,21.666666666666668,1016.8646,11.321334,75.91666666666667,21.266666666666666,0.11176,2025-05-11 07:00:00+02:00
2025-05-11 06:00:00+00:00,BG.West.270,21.650000000000002,1016.8646,13.714833,69.68333333333334,54.43333333333333,0.156464,2025-05-11 08:00:00+02:00
2025-05-11 07:00:00+00:00,BG.West.270,21.733333333333334,1016.8646,16.435333,60.483333333333334,53.38333333333333,0.28312534,2025-05-11 09:00:00+02:00
2025-05-11 08:00:00+00:00,BG.West.270,21.88,1016.8646,18.6745,51.05,324.8666666666667,0.62585604,2025-05-11 10:00:00+02:00
2025-05-11 09:00:00+00:00,BG.West.270,21.96666666666667,1016.8646,21.192667,41.1,687.7333333333333,1.2517121,2025-05-11 11:00:00+02:00
2025-05-11 10:00:00+00:00,BG.West.270,22.05,1016.8646,23.001667,34.95,766.6166666666667,1.3783734,2025-05-11 12:00:00+02:00
2025-05-11 11:00:00+00:00,BG.West.270,22.083333333333332,1016.8646,24.383167,29.733333333333334,807.7666666666667,1.5050347,2025-05-11 13:00:00+02:00
2025-05-11 12:00:00+00:00,BG.West.270,22.2,1015.9057,25.203001,28.066666666666666,799.5,1.3262187,2025-05-11 14:00:00+02:00
2025-05-11 13:00:00+00:00,BG.West.270,22.266666666666666,1012.36127,25.831667,26.883333333333333,745.1166666666667,1.4230772,2025-05-11 15:00:00+02:00
2025-05-11 14:00:00+00:00,BG.West.270,22.433333333333334,1011.9916,26.375334,24.2,653.5666666666667,1.184656,2025-05-11 16:00:00+02:00
2025-05-11 15:00:00+00:00,BG.West.270,22.5,1011.3499,26.310167,22.566666666666666,527.3,1.1548533,2025-05-11 17:00:00+02:00
2025-05-11 16:00:00+00:00,BG.West.270,22.416666666666668,1011.0852,26.354334,23.9,376.35,0.66310936,2025-05-11 18:00:00+02:00
2025-05-11 17:00:00+00:00,BG.West.270,22.38333333333333,1010.91815,25.709002,25.583333333333332,216.16666666666666,0.6780107,2025-05-11 19:00:00+02:00
2025-05-11 18:00:00+00:00,BG.West.270,22.333333333333332,1010.63934,23.723,29.916666666666668,38.1,0.059605334,2025-05-11 20:00:00+02:00
2025-05-11 19:00:00+00:00,BG.West.270,22.333333333333332,1010.72345,21.484335,38.86666666666667,2.65,0.0,2025-05-11 21:00:00+02:00
2025-05-11 20:00:00+00:00,BG.West.270,22.333333333333332,1010.9661,19.5145,47.0,0.0,0.0074506667,2025-05-11 22:00:00+02:00
2025-05-11 21:00:00+00:00,BG.West.270,22.3,1011.28674,18.088999,53.43333333333333,0.0,0.0,2025-05-11 23:00:00+02:00
2025-05-11 22:00:00+00:00,BG.West.270,22.316666666666666,1011.4475,16.795332,59.233333333333334,0.0,0.0,2025-05-12 00:00:00+02:00
2025-05-11 23:00:00+00:00,BG.West.270,22.3,1011.5328,15.9175,62.85,0.0,0.0,2025-05-12 01:00:00+02:00
2025-05-12 00:00:00+00:00,BG.West.270,22.28333333333333,1011.54803,15.462999,65.65,0.0,0.0,2025-05-12 02:00:00+02:00
2025-05-12 01:00:00+00:00,BG.West.270,22.259999999999998,1011.54803,15.017333,67.08333333333333,0.0,0.0,2025-05-12 03:00:00+02:00
2025-05-12 02:00:00+00:00,BG.West.270,22.28333333333333,1011.64514,14.491834,68.08333333333333,0.0,0.0,2025-05-12 04:00:00+02:00
2025-05-12 03:00:00+00:00,BG.West.270,22.233333333333334,1011.76587,13.753833,70.13333333333334,0.0,0.0,2025-05-12 05:00:00+02:00
2025-05-12 04:00:00+00:00,BG.West.270,22.183333333333334,1011.8302,13.483334,70.91666666666667,8.433333333333334,0.029802667,2025-05-12 06:00:00+02:00
2025-05-12 05:00:00+00:00,BG.West.270,21.96666666666667,1012.2772,14.343333,67.71666666666667,21.366666666666667,0.17136532,2025-05-12 07:00:00+02:00
2025-05-12 06:00:00+00:00,BG.West.270,22.0,1012.46796,16.348,61.7,54.61666666666667,0.5737013,2025-05-12 08:00:00+02:00
2025-05-12 07:00:00+00:00,BG.West.270,21.633333333333336,1012.66547,18.2175,57.0,62.083333333333336,0.20861866,2025-05-12 09:00:00+02:00
2025-05-12 08:00:00+00:00,BG.West.270,21.616666666666664,1012.8484,19.642834,53.68333333333333,254.88333333333333,0.14156267,2025-05-12 10:00:00+02:00
2025-05-12 09:00:00+00:00,BG.West.270,22.233333333333334,1012.98724,21.659498,47.86666666666667,655.2166666666667,0.54389864,2025-05-12 11:00:00+02:00
2025-05-12 10:00:00+00:00,BG.West.270,22.766666666666666,1012.98553,23.738667,42.86666666666667,724.1166666666667,0.6407573,2025-05-12 12:00:00+02:00
2025-05-12 11:00:00+00:00,BG.West.270,23.566666666666666,1012.8055,24.684,36.43333333333333,801.5166666666667,1.1623039,2025-05-12 13:00:00+02:00
2025-05-12 12:00:00+00:00,BG.West.270,23.583333333333332,1012.72144,25.375668,34.85,796.25,1.1325014,2025-05-12 14:00:00+02:00
2025-05-12 13:00:00+00:00,BG.West.270,23.883333333333336,1012.7344,25.807167,31.966666666666665,747.9,1.0207413,2025-05-12 15:00:00+02:00
2025-05-12 14:00:00+00:00,BG.West.270,24.2,1012.665,25.888666,31.4,649.35,1.3187679,2025-05-12 16:00:00+02:00
2025-05-12 15:00:00+00:00,BG.West.270,24.28333333333333,1012.54193,25.96,31.633333333333333,521.1,0.871728,2025-05-12 17:00:00+02:00
2025-05-12 16:00:00+00:00,BG.West.270,24.150000000000002,1012.4945,25.367,31.683333333333334,376.46666666666664,0.66310936,2025-05-12 18:00:00+02:00
2025-05-12 17:00:00+00:00,BG.West.270,23.78333333333333,1012.48944,24.704,32.43333333333333,219.95,0.58860266,2025-05-12 19:00:00+02:00
2025-05-12 18:00:00+00:00,BG.West.270,23.580000000000002,1012.9551,22.608166,34.53333333333333,42.65,0.42468798,2025-05-12 20:00:00+02:00
2025-05-12 19:00:00+00:00,BG.West.270,23.5,1013.7633,20.549665,40.86666666666667,3.816666666666667,0.029802667,2025-05-12 21:00:00+02:00
2025-05-12 20:00:00+00:00,BG.West.270,23.316666666666666,1014.50885,18.631166,48.083333333333336,0.0,0.0,2025-05-12 22:00:00+02:00
2025-05-12 21:00:00+00:00,BG.West.270,23.21666666666667,1014.9903,17.2545,51.916666666666664,0.0,0.0,2025-05-12 23:00:00+02:00
2025-05-12 22:00:00+00:00,BG.West.270,23.233333333333334,1015.54675,16.132833,53.666666666666664,0.0,0.0,2025-05-13 00:00:00+02:00
2025-05-12 23:00:00+00:00,BG.West.270,23.2,1015.81604,15.157667,54.3,0.0,0.0,2025-05-13 01:00:00+02:00
2025-05-13 00:00:00+00:00,BG.West.270,23.2,1016.01575,14.228,56.43333333333333,0.0,0.0,2025-05-13 02:00:00+02:00
2025-05-13 01:00:00+00:00,BG.West.270,23.116666666666664,1016.49835,13.472,58.166666666666664,0.0,0.0,2025-05-13 03:00:00+02:00
2025-05-13 02:00:00+00:00,BG.West.270,23.066666666666666,1016.82684,12.979501,59.75,0.0,0.0,2025-05-13 04:00:00+02:00
2025-05-13 03:00:00+00:00,BG.West.270,22.95,1017.04016,12.2905,62.36666666666667,0.08333333333333333,0.0,2025-05-13 05:00:00+02:00
2025-05-13 04:00:00+00:00,BG.West.270,22.899999999999995,1017.46857,11.700666,64.76666666666667,13.166666666666666,0.0,2025-05-13 06:00:00+02:00
2025-05-13 05:00:00+00:00,BG.West.270,22.883333333333336,1017.9968,12.188833,63.6,24.866666666666667,0.10430933,2025-05-13 07:00:00+02:00
2025-05-13 06:00:00+00:00,BG.West.270,22.533333333333335,1018.3885,14.4415,54.55,59.2,0.26822397,2025-05-13 08:00:00+02:00
2025-05-13 07:00:00+00:00,BG.West.270,21.900000000000002,1018.63965,16.390001,48.56666666666667,68.01666666666667,0.47684267,2025-05-13 09:00:00+02:00
2025-05-13 08:00:00+00:00,BG.West.270,21.96666666666667,1018.7147,18.160833,42.75,248.55,0.92388266,2025-05-13 10:00:00+02:00
2025-05-13 09:00:00+00:00,BG.West.270,22.316666666666666,1018.70685,20.085333,36.63333333333333,575.3166666666667,0.8344746,2025-05-13 11:00:00+02:00
2025-05-13 10:00:00+00:00,BG.West.270,22.71666666666667,1018.612,21.894667,32.583333333333336,745.3,0.759968,2025-05-13 12:00:00+02:00
2025-05-13 11:00:00+00:00,BG.West.270,23.0,1018.5212,22.921333,28.733333333333334,826.7333333333333,0.715264,2025-05-13 13:00:00+02:00
2025-05-13 12:00:00+00:00,BG.West.270,23.52,1018.2666,23.790167,27.383333333333333,816.6833333333333,0.5960533,2025-05-13 14:00:00+02:00
2025-05-13 13:00:00+00:00,BG.West.270,24.133333333333336,1017.95337,24.532167,25.783333333333335,761.3666666666667,0.40978667,2025-05-13 15:00:00+02:00
2025-05-13 14:00:00+00:00,BG.West.270,24.5,1017.6836,24.841333,25.15,666.5833333333334,0.29057598,2025-05-13 16:00:00+02:00
2025-05-13 15:00:00+00:00,BG.West.270,24.683333333333334,1017.3455,24.781668,25.533333333333335,538.1166666666667,0.38743466,2025-05-13 17:00:00+02:00
2025-05-13 16:00:00+00:00,BG.West.270,24.400000000000002,1017.1231,24.9075,27.516666666666666,383.71666666666664,0.11921067,2025-05-13 18:00:00+02:00
2025-05-13 17:00:00+00:00,BG.West.270,24.5,1017.0379,23.863832,30.75,222.76666666666668,0.03725333,2025-05-13 19:00:00+02:00
2025-05-13 18:00:00+00:00,BG.West.270,24.03333333333333,1017.2823,21.465502,35.45,46.083333333333336,0.044704,2025-05-13 20:00:00+02:00
2025-05-13 19:00:00+00:00,BG.West.270,23.666666666666668,1017.5566,19.338001,40.333333333333336,3.45,0.0074506667,2025-05-13 21:00:00+02:00
2025-05-13 20:00:00+00:00,BG.West.270,23.400000000000002,1017.90424,17.614834,56.56666666666667,0.0,0.0074506667,2025-05-13 22:00:00+02:00
2025-05-13 21:00:00+00:00,BG.West.270,23.433333333333334,1018.467,16.197166,63.78333333333333,0.0,0.0074506667,2025-05-13 23:00:00+02:00
2025-05-13 22:00:00+00:00,BG.West.270,23.45,1018.86096,15.093833,67.45,0.0,0.0,2025-05-14 00:00:00+02:00
2025-05-13 23:00:00+00:00,BG.West.270,23.53333333333333,1018.967,14.122,71.9,0.0,0.0,2025-05-14 01:00:00+02:00
2025-05-14 00:00:00+00:00,BG.West.270,23.5,1019.0246,13.1665,75.46666666666667,0.0,0.0,2025-05-14 02:00:00+02:00
2025-05-14 01:00:00+00:00,BG.West.270,23.416666666666668,1019.0246,12.6985,75.73333333333333,0.0,0.0,2025-05-14 03:00:00+02:00
2025-05-14 02:00:00+00:00,BG.West.270,23.25,1019.20233,12.254667,75.31666666666666,0.0,0.0,2025-05-14 04:00:00+02:00
2025-05-14 03:00:00+00:00,BG.West.270,23.2,1019.13293,11.562834,77.11666666666666,0.0,0.0,2025-05-14 05:00:00+02:00
2025-05-14 04:00:00+00:00,BG.West.270,23.2,1019.208,11.244833,78.68333333333334,6.866666666666666,0.0,2025-05-14 06:00:00+02:00
2025-05-14 05:00:00+00:00,BG.West.270,23.2,1019.471,11.951,77.56666666666666,25.483333333333334,0.0149013335,2025-05-14 07:00:00+02:00
2025-05-14 06:00:00+00:00,BG.West.270,22.916666666666668,1019.5704,14.047667,70.91666666666667,59.05,0.029802667,2025-05-14 08:00:00+02:00
2025-05-14 07:00:00+00:00,BG.West.270,23.083333333333332,1019.79047,15.737834,65.83333333333333,72.38333333333334,0.03725333,2025-05-14 09:00:00+02:00
2025-05-14 08:00:00+00:00,BG.West.270,22.916666666666668,1020.0128,17.272,59.483333333333334,236.65,0.0,2025-05-14 10:00:00+02:00
2025-05-14 09:00:00+00:00,BG.West.270,22.516666666666666,1020.1308,18.4825,57.93333333333333,373.3666666666667,0.022352,2025-05-14 11:00:00+02:00
2025-05-14 10:00:00+00:00,BG.West.270,22.583333333333332,1020.1274,19.320333,53.516666666666666,455.98333333333335,0.044704,2025-05-14 12:00:00+02:00
2025-05-14 11:00:00+00:00,BG.West.270,23.28333333333333,1019.9948,19.279667,57.81666666666667,568.3333333333334,0.13411199,2025-05-14 13:00:00+02:00
2025-05-14 12:00:00+00:00,BG.West.270,23.5,1019.9457,19.899834,51.083333333333336,682.5833333333334,0.14901333,2025-05-14 14:00:00+02:00
2025-05-14 13:00:00+00:00,BG.West.270,23.7,1019.8723,19.992668,46.06666666666667,742.1,0.26077333,2025-05-14 15:00:00+02:00
2025-05-14 14:00:00+00:00,BG.West.270,23.566666666666666,1020.0868,19.171,48.53333333333333,663.75,0.28312534,2025-05-14 16:00:00+02:00
2025-05-14 15:00:00+00:00,BG.West.270,23.633333333333336,1020.168,17.2335,59.13333333333333,528.7333333333333,0.39488533,2025-05-14 17:00:00+02:00
2025-05-14 16:00:00+00:00,BG.West.270,23.316666666666666,1020.01,16.588,58.8,382.03333333333336,0.052154664,2025-05-14 18:00:00+02:00
2025-05-14 17:00:00+00:00,BG.West.270,23.133333333333336,1020.07043,15.369666,63.3,227.43333333333334,0.18626666,2025-05-14 19:00:00+02:00
2025-05-14 18:00:00+00:00,BG.West.270,22.96666666666667,1020.03033,13.660334,68.3,53.8,0.08195733,2025-05-14 20:00:00+02:00
2025-05-14 19:00:00+00:00,BG.West.270,22.849999999999998,1020.0823,12.191667,73.41666666666667,4.883333333333334,0.09685866,2025-05-14 21:00:00+02:00
2025-05-14 20:00:00+00:00,BG.West.270,22.8,1020.3594,11.583667,74.0,0.0,0.11176,2025-05-14 22:00:00+02:00
2025-05-14 21:00:00+00:00,BG.West.270,22.7,1020.2008,11.439834,73.16666666666667,0.0,0.044704,2025-05-14 23:00:00+02:00
2025-05-14 22:00:00+00:00,BG.West.270,23.020000000000003,1020.15735,11.5045,72.11666666666666,0.0,0.022352,2025-05-15 00:00:00+02:00
2025-05-14 23:00:00+00:00,BG.West.270,23.183333333333334,1020.0896,11.6925,71.66666666666667,0.0,0.029802667,2025-05-15 01:00:00+02:00
2025-05-15 00:00:00+00:00,BG.West.270,23.166666666666668,1019.8633,11.893666,73.08333333333333,0.0,0.029802667,2025-05-15 02:00:00+02:00
2025-05-15 01:00:00+00:00,BG.West.270,23.100000000000005,1019.73914,11.990001,74.0,0.0,0.029802667,2025-05-15 03:00:00+02:00
2025-05-15 02:00:00+00:00,BG.West.270,23.100000000000005,1019.5839,11.946,74.2,0.0,0.044704,2025-05-15 04:00:00+02:00
2025-05-15 03:00:00+00:00,BG.West.270,23.03333333333333,1019.44,11.769,74.38333333333334,0.0,0.08195733,2025-05-15 05:00:00+02:00
2025-05-15 04:00:00+00:00,BG.West.270,23.016666666666666,1019.6742,11.652666,74.13333333333334,6.933333333333334,0.059605334,2025-05-15 06:00:00+02:00
2025-05-15 05:00:00+00:00,BG.West.270,23.0,1020.0354,11.7890005,73.8,25.7,0.052154664,2025-05-15 07:00:00+02:00
2025-05-15 06:00:00+00:00,BG.West.270,22.733333333333334,1020.347,11.949833,74.43333333333334,55.71666666666667,0.0149013335,2025-05-15 08:00:00+02:00
2025-05-15 07:00:00+00:00,BG.West.270,23.0,1020.65796,12.7625,73.05,148.16666666666666,0.029802667,2025-05-15 09:00:00+02:00
2025-05-15 08:00:00+00:00,BG.West.270,23.183333333333334,1020.882,14.247499,67.73333333333333,238.83333333333334,0.052154664,2025-05-15 10:00:00+02:00
2025-05-15 09:00:00+00:00,BG.West.270,23.75,1021.16815,15.440166,65.81666666666666,301.45,0.06705599,2025-05-15 11:00:00+02:00
2025-05-15 10:00:00+00:00,BG.West.270,23.133333333333336,1021.2303,16.775501,64.15,724.1,0.11176,2025-05-15 12:00:00+02:00
2025-05-15 11:00:00+00:00,BG.West.270,23.080000000000002,1021.2161,17.606667,61.833333333333336,799.5166666666667,0.43213865,2025-05-15 13:00:00+02:00
2025-05-15 12:00:00+00:00,BG.West.270,23.416666666666668,1021.2743,18.336666,57.983333333333334,792.6,0.379984,2025-05-15 14:00:00+02:00
2025-05-15 13:00:00+00:00,BG.West.270,23.46666666666667,1021.0497,19.3255,50.016666666666666,714.6333333333333,0.30547732,2025-05-15 15:00:00+02:00
2025-05-15 21:00:00+00:00,BG.West.270,22.7,1024.1882,11.421499,67.4,0.0,0.022352,2025-05-15 23:00:00+02:00
2025-05-15 22:00:00+00:00,BG.West.270,22.849999999999998,1024.3988,10.776834,72.26666666666667,0.0,0.0,2025-05-16 00:00:00+02:00
2025-05-15 23:00:00+00:00,BG.West.270,23.016666666666666,1024.4259,10.246334,75.55,0.0,0.0,2025-05-16 01:00:00+02:00
2025-05-16 00:00:00+00:00,BG.West.270,22.833333333333332,1024.3435,9.673167,78.31666666666666,0.0,0.0,2025-05-16 02:00:00+02:00
2025-05-16 01:00:00+00:00,BG.West.270,22.733333333333334,1024.2001,9.218333,79.7,0.0,0.0,2025-05-16 03:00:00+02:00
2025-05-16 02:00:00+00:00,BG.West.270,22.7,1024.0754,8.7345,80.03333333333333,0.0,0.0,2025-05-16 04:00:00+02:00
2025-05-16 03:00:00+00:00,BG.West.270,22.683333333333334,1023.8282,8.475,81.55,0.0,0.0,2025-05-16 05:00:00+02:00
2025-05-16 04:00:00+00:00,BG.West.270,22.666666666666668,1023.5488,8.750501,82.95,10.2,0.0,2025-05-16 06:00:00+02:00
2025-05-16 05:00:00+00:00,BG.West.270,22.7,1023.51154,10.141001,82.38333333333334,22.9,0.0074506667,2025-05-16 07:00:00+02:00
2025-05-16 06:00:00+00:00,BG.West.270,22.566666666666666,1023.4212,11.9945,75.16666666666667,77.91666666666667,0.15646401,2025-05-16 08:00:00+02:00
2025-05-16 07:00:00+00:00,BG.West.270,22.616666666666664,1023.2948,13.044833,68.75,130.15,0.14901333,2025-05-16 09:00:00+02:00
2025-05-16 08:00:00+00:00,BG.West.270,22.71666666666667,1023.36536,13.405667,67.01666666666667,182.41666666666666,0.13411199,2025-05-16 10:00:00+02:00
2025-05-16 09:00:00+00:00,BG.West.270,22.333333333333332,1023.38855,14.116667,65.26666666666667,290.93333333333334,0.06705599,2025-05-16 11:00:00+02:00
2025-05-16 10:00:00+00:00,BG.West.270,22.650000000000002,1023.21466,15.019834,62.56666666666667,662.0666666666667,0.23097067,2025-05-16 12:00:00+02:00
2025-05-16 11:00:00+00:00,BG.West.270,22.53333333333333,1023.11926,15.631833,60.75,733.1833333333333,0.29057598,2025-05-16 13:00:00+02:00
2025-05-16 12:00:00+00:00,BG.West.270,21.583333333333332,1022.8546,15.925167,60.95,705.8166666666667,0.30547732,2025-05-16 14:00:00+02:00
2025-05-16 13:00:00+00:00,BG.West.270,21.5,1022.547,15.378833,61.583333333333336,509.35,0.290576,2025-05-16 15:00:00+02:00
2025-05-16 14:00:00+00:00,BG.West.270,21.433333333333334,1022.1288,14.077167,65.26666666666667,261.71666666666664,0.53644794,2025-05-16 16:00:00+02:00
2025-05-16 15:00:00+00:00,BG.West.270,21.816666666666666,1021.75745,13.313001,68.46666666666667,123.2,0.53644794,2025-05-16 17:00:00+02:00
2025-05-16 16:00:00+00:00,BG.West.270,22.03333333333333,1021.48083,12.835,71.13333333333334,56.86666666666667,0.21606933,2025-05-16 18:00:00+02:00
2025-05-16 17:00:00+00:00,BG.West.270,22.11666666666667,1021.3652,12.564667,73.05,28.533333333333335,0.12666133,2025-05-16 19:00:00+02:00
2025-05-16 18:00:00+00:00,BG.West.270,22.150000000000002,1021.2376,12.543,73.46666666666667,16.683333333333334,0.06705599,2025-05-16 20:00:00+02:00
2025-05-16 19:00:00+00:00,BG.West.270,22.183333333333334,1021.0654,12.4609995,74.38333333333334,0.6333333333333333,0.08195733,2025-05-16 21:00:00+02:00
2025-05-16 20:00:00+00:00,BG.West.270,22.150000000000002,1021.2246,12.312166,74.51666666666667,0.0,0.059605334,2025-05-16 22:00:00+02:00
2025-05-16 21:00:00+00:00,BG.West.270,22.133333333333336,1021.048,11.957167,75.9,0.0,0.0,2025-05-16 23:00:00+02:00
2025-05-16 22:00:00+00:00,BG.West.270,22.32,1021.01526,11.195167,79.15,0.0,0.0,2025-05-17 00:00:00+02:00
2025-05-16 23:00:00+00:00,BG.West.270,22.433333333333334,1020.8459,11.0035,81.76666666666667,0.0,0.0,2025-05-17 01:00:00+02:00
2025-05-17 00:00:00+00:00,BG.West.270,22.483333333333334,1020.6952,10.915166,82.93333333333334,0.0,0.0074506667,2025-05-17 02:00:00+02:00
2025-05-17 01:00:00+00:00,BG.West.270,22.433333333333334,1020.55975,10.768001,83.8,0.0,0.0,2025-05-17 03:00:00+02:00
2025-05-17 02:00:00+00:00,BG.West.270,22.399999999999995,1020.25214,10.637667,84.45,0.0,0.0,2025-05-17 04:00:00+02:00
2025-05-17 03:00:00+00:00,BG.West.270,22.399999999999995,1020.264,10.738333,85.03333333333333,0.0,0.0,2025-05-17 05:00:00+02:00
2025-05-17 04:00:00+00:00,BG.West.270,22.416666666666668,1020.3441,10.907834,86.0,13.033333333333333,0.0,2025-05-17 06:00:00+02:00
2025-05-17 05:00:00+00:00,BG.West.270,22.399999999999995,1020.6473,11.5175,86.0,36.68333333333333,0.0,2025-05-17 07:00:00+02:00
2025-05-17 06:00:00+00:00,BG.West.270,22.45,1020.755,12.526167,84.2,73.6,0.029802667,2025-05-17 08:00:00+02:00
2025-05-17 07:00:00+00:00,BG.West.270,22.516666666666666,1020.84143,13.7455,78.65,82.0,0.059605334,2025-05-17 09:00:00+02:00
2025-05-17 08:00:00+00:00,BG.West.270,22.600000000000005,1020.79395,14.584,74.31666666666666,187.86666666666667,0.23842134,2025-05-17 10:00:00+02:00
2025-05-17 09:00:00+00:00,BG.West.270,22.633333333333336,1020.95087,15.502833,70.21666666666667,436.81666666666666,0.11921067,2025-05-17 11:00:00+02:00
2025-05-17 10:00:00+00:00,BG.West.270,22.683333333333334,1020.90173,16.2225,65.96666666666667,709.6,0.24587199,2025-05-17 12:00:00+02:00
2025-05-17 11:00:00+00:00,BG.West.270,22.7,1020.7257,16.8935,61.63333333333333,816.9833333333333,0.201168,2025-05-17 13:00:00+02:00
2025-05-17 12:00:00+00:00,BG.West.270,22.7,1020.5236,16.694666,61.15,813.5333333333333,0.402336,2025-05-17 14:00:00+02:00
2025-05-17 13:00:00+00:00,BG.West.270,22.766666666666666,1020.3983,16.7215,61.766666666666666,766.6333333333333,0.26822397,2025-05-17 15:00:00+02:00
2025-05-17 14:00:00+00:00,BG.West.270,22.916666666666668,1020.2488,16.036,63.21666666666667,659.4666666666667,0.28312534,2025-05-17 16:00:00+02:00
2025-05-17 15:00:00+00:00,BG.West.270,22.9,1020.03143,15.2664995,65.66666666666667,549.85,0.357632,2025-05-17 17:00:00+02:00
2025-05-17 16:00:00+00:00,BG.West.270,22.78333333333333,1019.82886,14.0915,68.4,229.2,0.37253332,2025-05-17 18:00:00+02:00
2025-05-17 17:00:00+00:00,BG.West.270,22.733333333333334,1019.5438,12.711333,72.35,111.11666666666666,0.45449066,2025-05-17 19:00:00+02:00
2025-05-17 18:00:00+00:00,BG.West.270,22.7,1019.3378,11.939333,74.56666666666666,25.166666666666668,0.31292802,2025-05-17 20:00:00+02:00
2025-05-17 19:00:00+00:00,BG.West.270,22.7,1019.10815,11.906833,76.86666666666666,0.6666666666666666,0.13411199,2025-05-17 21:00:00+02:00
2025-05-17 20:00:00+00:00,BG.West.270,22.633333333333336,1019.0602,12.129666,78.93333333333334,0.0,0.11176,2025-05-17 22:00:00+02:00
2025-05-17 21:00:00+00:00,BG.West.270,22.61666666666667,1018.95685,12.408167,77.65,0.0,0.14156267,2025-05-17 23:00:00+02:00
2025-05-17 22:00:00+00:00,BG.West.270,22.600000000000005,1018.7074,12.261333,77.66666666666667,0.0,0.15646401,2025-05-18 00:00:00+02:00
2025-05-17 23:00:00+00:00,BG.West.270,22.583333333333332,1018.6476,12.079166,78.68333333333334,0.0,0.15646401,2025-05-18 01:00:00+02:00
2025-05-18 00:00:00+00:00,BG.West.270,22.583333333333332,1018.41565,11.910999,78.23333333333333,0.0,0.23842134,2025-05-18 02:00:00+02:00
2025-05-18 01:00:00+00:00,BG.West.270,22.55,1018.21466,11.844167,78.5,0.0,0.10430933,2025-05-18 03:00:00+02:00
2025-05-18 02:00:00+00:00,BG.West.270,22.5,1017.93585,11.747334,79.0,0.0,0.09685866,2025-05-18 04:00:00+02:00
2025-05-18 03:00:00+00:00,BG.West.270,22.516666666666666,1017.679,11.7075,78.55,0.0,0.178816,2025-05-18 05:00:00+02:00
2025-05-18 04:00:00+00:00,BG.West.270,22.5,1017.78296,11.726334,78.88333333333334,10.316666666666666,0.06705599,2025-05-18 06:00:00+02:00
2025-05-18 05:00:00+00:00,BG.West.270,22.5,1017.9579,12.205334,77.85,40.25,0.0,2025-05-18 07:00:00+02:00
2025-05-18 06:00:00+00:00,BG.West.270,22.5,1018.1351,12.376333,74.1,59.61666666666667,0.0074506667,2025-05-18 08:00:00+02:00
2025-05-18 07:00:00+00:00,BG.West.270,22.5,1018.3744,12.667167,72.65,88.86666666666666,0.0,2025-05-18 09:00:00+02:00
2025-05-18 08:00:00+00:00,BG.West.270,22.5,1018.612,13.365001,71.13333333333334,141.45,0.0074506667,2025-05-18 10:00:00+02:00
2025-05-18 09:00:00+00:00,BG.West.270,22.5,1018.7136,13.415,72.65,156.18333333333334,0.12666133,2025-05-18 11:00:00+02:00
2025-05-18 10:00:00+00:00,BG.West.270,22.5,1018.6532,14.5789995,71.08333333333333,381.6166666666667,0.13411199,2025-05-18 12:00:00+02:00
2025-05-18 11:00:00+00:00,BG.West.270,22.566666666666666,1018.43195,15.621667,68.6,415.23333333333335,0.11921067,2025-05-18 13:00:00+02:00
2025-05-18 12:00:00+00:00,BG.West.270,22.61666666666667,1018.0651,17.157833,64.5,676.75,0.07450666,2025-05-18 14:00:00+02:00
2025-05-18 13:00:00+00:00,BG.West.270,22.650000000000002,1017.97144,17.682001,63.21666666666667,650.4,0.178816,2025-05-18 15:00:00+02:00
2025-05-18 14:00:00+00:00,BG.West.270,22.733333333333334,1018.07416,17.59,63.2,564.7666666666667,0.20861866,2025-05-18 16:00:00+02:00
2025-05-18 15:00:00+00:00,BG.West.270,22.766666666666666,1018.10236,17.158834,65.23333333333333,455.8,0.19371733,2025-05-18 17:00:00+02:00
2025-05-18 16:00:00+00:00,BG.West.270,22.7,1018.0008,16.5725,67.45,373.3666666666667,0.12666133,2025-05-18 18:00:00+02:00
2025-05-18 17:00:00+00:00,BG.West.270,22.650000000000002,1018.18304,16.066833,69.86666666666666,223.93333333333334,0.12666133,2025-05-18 19:00:00+02:00
2025-05-18 18:00:00+00:00,BG.West.270,22.633333333333336,1018.5494,14.398,74.26666666666667,46.21666666666667,0.17136532,2025-05-18 20:00:00+02:00
2025-05-18 19:00:00+00:00,BG.West.270,22.600000000000005,1018.88464,12.899667,79.93333333333334,3.0,0.11176,2025-05-18 21:00:00+02:00
2025-05-18 20:00:00+00:00,BG.West.270,22.516666666666666,1019.2402,12.396833,82.33333333333333,0.0,0.029802667,2025-05-18 22:00:00+02:00
2025-05-18 21:00:00+00:00,BG.West.270,22.5,1019.5235,12.069333,83.61666666666666,0.0,0.0,2025-05-18 23:00:00+02:00
2025-05-18 22:00:00+00:00,BG.West.270,22.46666666666667,1019.71423,11.766666,84.38333333333334,0.0,0.0,2025-05-19 00:00:00+02:00
2025-05-18 23:00:00+00:00,BG.West.270,22.46666666666667,1019.8379,11.471,85.0,0.0,0.0,2025-05-19 01:00:00+02:00
2025-05-19 00:00:00+00:00,BG.West.270,22.38333333333333,1019.7956,11.106999,85.4,0.0,0.0,2025-05-19 02:00:00+02:00
2025-05-19 01:00:00+00:00,BG.West.270,22.3,1019.9191,10.504833,86.0,0.0,0.0,2025-05-19 03:00:00+02:00
2025-05-19 02:00:00+00:00,BG.West.270,22.25,1020.0242,10.0295,86.0,0.0,0.0,2025-05-19 04:00:00+02:00
2025-05-19 03:00:00+00:00,BG.West.270,22.2,1020.2318,9.6235,86.13333333333334,0.16666666666666666,0.0,2025-05-19 05:00:00+02:00
2025-05-19 04:00:00+00:00,BG.West.270,22.099999999999998,1020.3769,9.391333,86.56666666666666,10.833333333333334,0.0,2025-05-19 06:00:00+02:00
2025-05-19 05:00:00+00:00,BG.West.270,21.933333333333334,1020.5321,10.139001,86.95,22.983333333333334,0.0,2025-05-19 07:00:00+02:00
2025-05-19 06:00:00+00:00,BG.West.270,21.899999999999995,1020.80695,12.116834,85.8,54.56666666666667,0.0,2025-05-19 08:00:00+02:00
2025-05-19 07:00:00+00:00,BG.West.270,22.099999999999998,1021.0186,14.241166,79.58333333333333,74.63333333333334,0.044704,2025-05-19 09:00:00+02:00
2025-05-19 08:00:00+00:00,BG.West.270,22.383333333333336,1021.19696,16.134666,66.18333333333334,177.66666666666666,0.12666133,2025-05-19 10:00:00+02:00
2025-05-19 09:00:00+00:00,BG.West.270,22.166666666666668,1021.2043,18.400835,52.56666666666667,379.3,0.052154668,2025-05-19 11:00:00+02:00
2025-05-19 10:00:00+00:00,BG.West.270,21.866666666666664,1020.9317,19.578833,43.85,735.2833333333333,0.03725333,2025-05-19 12:00:00+02:00
2025-05-19 11:00:00+00:00,BG.West.270,22.133333333333336,1020.4689,20.905832,36.7,836.9333333333333,0.11921067,2025-05-19 13:00:00+02:00
2025-05-19 12:00:00+00:00,BG.West.270,22.616666666666664,1019.93726,21.701666,40.81666666666667,807.1166666666667,0.12666133,2025-05-19 14:00:00+02:00
2025-05-19 13:00:00+00:00,BG.West.270,22.883333333333336,1019.57715,20.979166,49.3,770.9833333333333,0.178816,2025-05-19 15:00:00+02:00
2025-05-19 14:00:00+00:00,BG.West.270,23.166666666666668,1019.2729,20.711334,48.85,672.6833333333333,0.30547732,2025-05-19 16:00:00+02:00
2025-05-19 15:00:00+00:00,BG.West.270,23.066666666666666,1018.9309,21.182001,47.916666666666664,543.5333333333333,0.052154664,2025-05-19 17:00:00+02:00
2025-05-19 16:00:00+00:00,BG.West.270,23.116666666666664,1018.5556,21.952,45.45,398.81666666666666,0.0149013335,2025-05-19 18:00:00+02:00
2025-05-19 17:00:00+00:00,BG.West.270,22.96666666666667,1018.56683,21.925999,46.31666666666667,232.06666666666666,0.052154664,2025-05-19 19:00:00+02:00
2025-05-19 18:00:00+00:00,BG.West.270,23.18,1018.77057,19.3105,56.766666666666666,70.53333333333333,0.0074506667,2025-05-19 20:00:00+02:00
2025-05-19 19:00:00+00:00,BG.West.270,23.433333333333334,1019.04205,17.170834,64.66666666666667,6.816666666666666,0.0,2025-05-19 21:00:00+02:00
2025-05-19 20:00:00+00:00,BG.West.270,23.46666666666667,1019.56415,15.929999,69.2,0.0,0.0149013335,2025-05-19 22:00:00+02:00
2025-05-19 21:00:00+00:00,BG.West.270,23.366666666666664,1019.7476,15.238833,67.6,0.0,0.0,2025-05-19 23:00:00+02:00
2025-05-19 22:00:00+00:00,BG.West.270,23.71666666666667,1019.71484,14.380833,70.65,0.0,0.0,2025-05-20 00:00:00+02:00
2025-05-19 23:00:00+00:00,BG.West.270,23.983333333333334,1019.6387,13.520333,74.51666666666667,0.0,0.0,2025-05-20 01:00:00+02:00
2025-05-20 00:00:00+00:00,BG.West.270,24.0,1019.71204,12.8715,78.25,0.0,0.0,2025-05-20 02:00:00+02:00
2025-05-20 01:00:00+00:00,BG.West.270,23.95,1019.6347,12.309333,80.43333333333334,0.0,0.0,2025-05-20 03:00:00+02:00
2025-05-20 02:00:00+00:00,BG.West.270,23.96666666666667,1019.46936,11.775833,82.53333333333333,0.0,0.0,2025-05-20 04:00:00+02:00
2025-05-20 03:00:00+00:00,BG.West.270,23.933333333333334,1019.24695,11.320001,83.35,0.3333333333333333,0.0,2025-05-20 05:00:00+02:00
2025-05-20 04:00:00+00:00,BG.West.270,23.96666666666667,1019.2063,11.1875,82.73333333333333,16.933333333333334,0.0,2025-05-20 06:00:00+02:00
2025-05-20 05:00:00+00:00,BG.West.270,23.900000000000002,1019.427,12.215667,78.61666666666666,39.2,0.0,2025-05-20 07:00:00+02:00
2025-05-20 06:00:00+00:00,BG.West.270,23.600000000000005,1019.56415,13.870333,68.68333333333334,65.85,0.0,2025-05-20 08:00:00+02:00
2025-05-20 07:00:00+00:00,BG.West.270,23.483333333333334,1019.7459,15.824499,57.36666666666667,73.2,0.0,2025-05-20 09:00:00+02:00
2025-05-20 08:00:00+00:00,BG.West.270,23.433333333333334,1019.77466,17.710167,49.333333333333336,170.38333333333333,0.0,2025-05-20 10:00:00+02:00
2025-05-20 09:00:00+00:00,BG.West.270,23.55,1019.7357,18.944334,45.7,434.1166666666667,0.022352,2025-05-20 11:00:00+02:00
2025-05-20 10:00:00+00:00,BG.West.270,23.616666666666664,1019.5207,19.807499,42.416666666666664,770.7666666666667,0.029802667,2025-05-20 12:00:00+02:00
2025-05-20 11:00:00+00:00,BG.West.270,23.82,1019.26276,20.344168,40.516666666666666,822.1166666666667,0.104309335,2025-05-20 13:00:00+02:00
2025-05-20 12:00:00+00:00,BG.West.270,23.95,1019.08105,20.640501,43.46666666666667,793.8,0.10430933,2025-05-20 14:00:00+02:00
2025-05-20 13:00:00+00:00,BG.West.270,24.25,1019.0562,19.836168,51.766666666666666,775.4,0.11176,2025-05-20 15:00:00+02:00
2025-05-20 14:00:00+00:00,BG.West.270,24.633333333333336,1019.0048,18.188833,58.55,680.9666666666667,0.29802665,2025-05-20 16:00:00+02:00
2025-05-20 15:00:00+00:00,BG.West.270,24.78333333333333,1018.78357,17.915998,60.516666666666666,557.3,0.14901333,2025-05-20 17:00:00+02:00
2025-05-20 16:00:00+00:00,BG.West.270,24.683333333333334,1018.51154,17.110666,64.28333333333333,410.18333333333334,0.201168,2025-05-20 18:00:00+02:00
2025-05-20 17:00:00+00:00,BG.West.270,24.5,1018.2683,16.3985,67.11666666666666,251.51666666666668,0.13411199,2025-05-20 19:00:00+02:00
2025-05-20 18:00:00+00:00,BG.West.270,24.45,1018.30383,14.853,71.71666666666667,68.35,0.052154664,2025-05-20 20:00:00+02:00
2025-05-20 19:00:00+00:00,BG.West.270,24.3,1018.2852,13.165667,77.98333333333333,6.3,0.12666133,2025-05-20 21:00:00+02:00
2025-05-20 20:00:00+00:00,BG.West.270,24.0,1018.3366,12.374666,81.33333333333333,0.0,0.0,2025-05-20 22:00:00+02:00
2025-05-20 21:00:00+00:00,BG.West.270,23.88333333333333,1018.384,11.8085,83.25,0.0,0.0,2025-05-20 23:00:00+02:00
2025-05-20 22:00:00+00:00,BG.West.270,24.266666666666666,1018.1458,11.533667,84.0,0.0,0.0,2025-05-21 00:00:00+02:00
2025-05-20 23:00:00+00:00,BG.West.270,24.46666666666667,1017.7265,11.212333,84.38333333333334,0.0,0.0,2025-05-21 01:00:00+02:00
2025-05-21 00:00:00+00:00,BG.West.270,24.366666666666664,1017.2225,11.228666,85.0,0.0,0.0,2025-05-21 02:00:00+02:00
2025-05-21 01:00:00+00:00,BG.West.270,24.3,1016.7247,10.573667,85.06666666666666,0.0,0.0,2025-05-21 03:00:00+02:00
2025-05-21 02:00:00+00:00,BG.West.270,24.25,1016.43396,10.2369995,86.0,0.0,0.0,2025-05-21 04:00:00+02:00
2025-05-21 03:00:00+00:00,BG.West.270,24.21666666666667,1016.03326,10.381166,86.0,0.16666666666666666,0.0,2025-05-21 05:00:00+02:00
2025-05-21 04:00:00+00:00,BG.West.270,24.3,1015.8978,11.038166,86.0,16.116666666666667,0.0,2025-05-21 06:00:00+02:00
2025-05-21 05:00:00+00:00,BG.West.270,24.333333333333332,1015.9074,11.9425,85.48333333333333,35.61666666666667,0.059605334,2025-05-21 07:00:00+02:00
2025-05-21 06:00:00+00:00,BG.West.270,24.03333333333333,1015.8019,13.523167,79.31666666666666,105.33333333333333,0.044704,2025-05-21 08:00:00+02:00
2025-05-21 07:00:00+00:00,BG.West.270,24.116666666666664,1015.67596,14.697333,70.33333333333333,141.03333333333333,0.10430933,2025-05-21 09:00:00+02:00
2025-05-21 08:00:00+00:00,BG.West.270,23.333333333333332,1015.52423,15.521334,66.61666666666666,190.56666666666666,0.19371732,2025-05-21 10:00:00+02:00
2025-05-21 09:00:00+00:00,BG.West.270,23.233333333333334,1015.49146,16.334833,62.65,312.51666666666665,0.24587199,2025-05-21 11:00:00+02:00
2025-05-21 10:00:00+00:00,BG.West.270,23.433333333333334,1015.3712,16.321499,64.81666666666666,408.01666666666665,0.36508268,2025-05-21 12:00:00+02:00
2025-05-21 11:00:00+00:00,BG.West.270,23.733333333333334,1015.2166,16.029333,68.83333333333333,359.15,0.201168,2025-05-21 13:00:00+02:00
2025-05-21 12:00:00+00:00,BG.West.270,23.95,1015.14154,15.4713335,69.96666666666667,380.05,0.178816,2025-05-21 14:00:00+02:00
2025-05-21 13:00:00+00:00,BG.West.270,24.21666666666667,1015.106,15.692,65.68333333333334,531.4333333333333,0.357632,2025-05-21 15:00:00+02:00
2025-05-21 14:00:00+00:00,BG.West.270,24.25,1015.13477,14.674833,65.98333333333333,367.6,0.29057598,2025-05-21 16:00:00+02:00
2025-05-21 15:00:00+00:00,BG.West.270,24.299999999999997,1014.9361,14.173,64.25,279.05,0.20861866,2025-05-21 17:00:00+02:00
2025-05-21 16:00:00+00:00,BG.West.270,23.849999999999998,1014.5873,13.472667,66.1,167.3,0.14901333,2025-05-21 18:00:00+02:00
2025-05-21 17:00:00+00:00,BG.West.270,23.766666666666666,1014.5094,12.820499,66.55,73.28333333333333,0.178816,2025-05-21 19:00:00+02:00
2025-05-21 18:00:00+00:00,BG.West.270,23.75,1014.6612,12.7115,65.9,46.4,0.089408,2025-05-21 20:00:00+02:00
2025-05-21 19:00:00+00:00,BG.West.270,23.71666666666667,1014.9671,12.0859995,66.05,5.416666666666667,0.059605334,2025-05-21 21:00:00+02:00
2025-05-21 20:00:00+00:00,BG.West.270,23.666666666666668,1015.1918,12.017,66.3,0.0,0.0074506667,2025-05-21 22:00:00+02:00
2025-05-21 21:00:00+00:00,BG.West.270,23.68,1015.0851,11.6375,68.4,0.0,0.0,2025-05-21 23:00:00+02:00
2025-05-21 22:00:00+00:00,BG.West.270,23.95,1015.1449,11.398833,70.6,0.0,0.0,2025-05-22 00:00:00+02:00
2025-05-21 23:00:00+00:00,BG.West.270,24.183333333333334,1015.19293,10.9075,73.3,0.0,0.0,2025-05-22 01:00:00+02:00
2025-05-22 00:00:00+00:00,BG.West.270,24.166666666666668,1015.09186,10.500167,74.21666666666667,0.0,0.0,2025-05-22 02:00:00+02:00
2025-05-22 01:00:00+00:00,BG.West.270,24.083333333333332,1014.98065,10.574,73.81666666666666,0.0,0.0074506667,2025-05-22 03:00:00+02:00
2025-05-22 02:00:00+00:00,BG.West.270,24.05,1014.7961,11.12,71.58333333333333,0.0,0.059605334,2025-05-22 04:00:00+02:00
2025-05-22 03:00:00+00:00,BG.West.270,24.016666666666666,1014.71423,11.281333,69.7,0.5,0.0,2025-05-22 05:00:00+02:00
2025-05-22 04:00:00+00:00,BG.West.270,24.05,1014.80963,11.3365,72.06666666666666,11.733333333333333,0.044704,2025-05-22 06:00:00+02:00
2025-05-22 05:00:00+00:00,BG.West.270,24.066666666666666,1015.20355,11.619167,69.71666666666667,27.983333333333334,0.08195733,2025-05-22 07:00:00+02:00
2025-05-22 06:00:00+00:00,BG.West.270,23.71666666666667,1015.8588,11.045333,72.86666666666666,52.016666666666666,0.11921067,2025-05-22 08:00:00+02:00
2025-05-22 07:00:00+00:00,BG.West.270,23.633333333333336,1016.3934,11.8105,65.86666666666666,147.11666666666667,0.13411199,2025-05-22 09:00:00+02:00
2025-05-22 08:00:00+00:00,BG.West.270,23.71666666666667,1016.5147,12.439166,58.95,173.48333333333332,0.24587199,2025-05-22 10:00:00+02:00
2025-05-22 09:00:00+00:00,BG.West.270,23.733333333333334,1016.846,13.366166,50.516666666666666,407.73333333333335,0.26822397,2025-05-22 11:00:00+02:00
2025-05-22 10:00:00+00:00,BG.West.270,23.766666666666666,1017.1491,14.044666,49.7,657.8166666666667,0.245872,2025-05-22 12:00:00+02:00
2025-05-22 11:00:00+00:00,BG.West.270,23.2,1017.2428,14.334333,51.11666666666667,589.45,0.21606933,2025-05-22 13:00:00+02:00
2025-05-22 12:00:00+00:00,BG.West.270,23.28333333333333,1017.3449,14.793667,50.68333333333333,730.1,0.33528,2025-05-22 14:00:00+02:00
2025-05-22 13:00:00+00:00,BG.West.270,23.833333333333332,1017.5893,13.682333,56.85,432.3,0.44704,2025-05-22 15:00:00+02:00
2025-05-22 14:00:00+00:00,BG.West.270,24.616666666666664,1017.6497,14.336667,51.85,576.95,0.47684267,2025-05-22 16:00:00+02:00
2025-05-22 15:00:00+00:00,BG.West.270,24.36,1017.8856,14.221,50.2,380.56666666666666,0.36508265,2025-05-22 17:00:00+02:00
2025-05-22 16:00:00+00:00,BG.West.270,24.150000000000002,1017.9951,13.3845005,52.833333333333336,278.28333333333336,0.5737013,2025-05-22 18:00:00+02:00
2025-05-22 17:00:00+00:00,BG.West.270,23.733333333333334,1018.17065,13.278833,53.43333333333333,178.36666666666667,0.201168,2025-05-22 19:00:00+02:00
2025-05-22 18:00:00+00:00,BG.West.270,23.7,1018.3575,12.140333,59.63333333333333,86.63333333333334,0.32782933,2025-05-22 20:00:00+02:00
2025-05-22 19:00:00+00:00,BG.West.270,23.616666666666664,1018.5166,11.394667,61.21666666666667,9.5,0.089408,2025-05-22 21:00:00+02:00
2025-05-22 20:00:00+00:00,BG.West.270,23.46666666666667,1018.67865,10.812166,63.5,0.0,0.178816,2025-05-22 22:00:00+02:00
2025-05-22 21:00:00+00:00,BG.West.270,23.45,1018.51324,10.160833,69.63333333333334,0.0,0.28312534,2025-05-22 23:00:00+02:00
2025-05-22 22:00:00+00:00,BG.West.270,23.71666666666667,1018.23615,10.132,69.5,0.0,0.14156267,2025-05-23 00:00:00+02:00
2025-05-22 23:00:00+00:00,BG.West.270,23.96666666666667,1018.0222,10.1855,67.41666666666667,0.0,0.23842134,2025-05-23 01:00:00+02:00
2025-05-23 00:00:00+00:00,BG.West.270,23.816666666666666,1017.7846,10.280666,66.15,0.0,0.27567467,2025-05-23 02:00:00+02:00
2025-05-23 01:00:00+00:00,BG.West.270,23.71666666666667,1017.51086,9.7255,70.91666666666667,0.0,0.06705599,2025-05-23 03:00:00+02:00
2025-05-23 02:00:00+00:00,BG.West.270,23.7,1017.32294,9.5345,71.08333333333333,0.0,0.15646401,2025-05-23 04:00:00+02:00
2025-05-23 03:00:00+00:00,BG.West.270,23.7,1017.2529,8.758667,78.05,0.55,0.12666133,2025-05-23 05:00:00+02:00
2025-05-23 04:00:00+00:00,BG.West.270,23.7,1017.23206,9.1075,75.71666666666667,16.833333333333332,0.21606933,2025-05-23 06:00:00+02:00
2025-05-23 05:00:00+00:00,BG.West.270,23.666666666666668,1017.4206,9.970333,72.1,36.68333333333333,0.37253332,2025-05-23 07:00:00+02:00
2025-05-23 06:00:00+00:00,BG.West.270,23.53333333333333,1017.61926,10.5633335,68.68333333333334,111.13333333333334,0.51409596,2025-05-23 08:00:00+02:00
2025-05-23 07:00:00+00:00,BG.West.270,22.266666666666666,1017.92175,10.5925,70.15,113.03333333333333,0.491744,2025-05-23 09:00:00+02:00
2025-05-23 08:00:00+00:00,BG.West.270,22.479999999999997,1018.05664,11.532667,66.11666666666666,179.91666666666666,0.9685867,2025-05-23 10:00:00+02:00
2025-05-23 09:00:00+00:00,BG.West.270,23.016666666666666,1018.2598,12.0215,66.71666666666667,279.3833333333333,0.78231996,2025-05-23 11:00:00+02:00
2025-05-23 10:00:00+00:00,BG.West.270,23.933333333333334,1018.248,13.084167,58.75,618.25,1.095248,2025-05-23 12:00:00+02:00
2025-05-23 11:00:00+00:00,BG.West.270,23.900000000000002,1018.32245,13.5275,53.21666666666667,569.3666666666667,1.0430933,2025-05-23 13:00:00+02:00
2025-05-23 12:00:00+00:00,BG.West.270,23.95,1018.5183,13.4485,54.016666666666666,530.2333333333333,0.8866293,2025-05-23 14:00:00+02:00
2025-05-23 13:00:00+00:00,BG.West.270,24.366666666666664,1018.6549,13.802334,54.81666666666667,420.1333333333333,1.1474026,2025-05-23 15:00:00+02:00
2025-05-23 14:00:00+00:00,BG.West.270,24.616666666666664,1018.70795,12.895167,58.85,266.95,1.0356426,2025-05-23 16:00:00+02:00
2025-05-23 15:00:00+00:00,BG.West.270,24.866666666666664,1018.6165,13.8835,54.06666666666667,426.68333333333334,0.759968,2025-05-23 17:00:00+02:00
2025-05-23 16:00:00+00:00,BG.West.270,24.349999999999998,1018.5804,13.709834,53.35,350.2,0.5737013,2025-05-23 18:00:00+02:00
2025-05-23 17:00:00+00:00,BG.West.270,23.766666666666666,1018.5832,13.818666,55.36666666666667,248.53333333333333,0.28312534,2025-05-23 19:00:00+02:00
2025-05-23 18:00:00+00:00,BG.West.270,23.583333333333332,1018.7553,12.535167,60.45,77.23333333333333,0.379984,2025-05-23 20:00:00+02:00
2025-05-23 19:00:00+00:00,BG.West.270,23.416666666666668,1018.8728,11.566166,64.65,7.883333333333334,0.022352,2025-05-23 21:00:00+02:00
2025-05-23 20:00:00+00:00,BG.West.270,23.399999999999995,1018.73505,10.378,70.11666666666666,0.0,0.0,2025-05-23 22:00:00+02:00
2025-05-23 21:00:00+00:00,BG.West.270,23.316666666666666,1018.26263,9.0875,76.36666666666666,0.0,0.0,2025-05-23 23:00:00+02:00
2025-05-23 22:00:00+00:00,BG.West.270,23.633333333333336,1017.661,8.753167,80.1,0.0,0.0074506667,2025-05-24 00:00:00+02:00
2025-05-23 23:00:00+00:00,BG.West.270,23.849999999999998,1017.15985,9.000167,81.01666666666667,0.0,0.0,2025-05-24 01:00:00+02:00
2025-05-24 00:00:00+00:00,BG.West.270,23.866666666666664,1016.32904,9.604334,80.21666666666667,0.0,0.089408,2025-05-24 02:00:00+02:00
2025-05-24 01:00:00+00:00,BG.West.270,23.9,1015.56256,10.598499,74.28333333333333,0.0,0.14156267,2025-05-24 03:00:00+02:00
2025-05-24 02:00:00+00:00,BG.West.270,23.899999999999995,1014.91864,10.848333,69.11666666666666,0.0,0.096858665,2025-05-24 04:00:00+02:00
2025-05-24 03:00:00+00:00,BG.West.270,23.899999999999995,1014.3254,11.242833,66.71666666666667,1.1,0.052154664,2025-05-24 05:00:00+02:00
2025-05-24 04:00:00+00:00,BG.West.270,23.88333333333333,1013.8096,11.584,66.88333333333334,20.516666666666666,0.096858665,2025-05-24 06:00:00+02:00
2025-05-24 05:00:00+00:00,BG.West.270,23.899999999999995,1013.511,12.146833,69.36666666666666,40.55,0.21606933,2025-05-24 07:00:00+02:00
2025-05-24 06:00:00+00:00,BG.West.270,23.899999999999995,1013.2294,12.924,73.56666666666666,71.65,0.54389864,2025-05-24 08:00:00+02:00
2025-05-24 07:00:00+00:00,BG.West.270,23.899999999999995,1012.9336,14.026334,76.31666666666666,130.6,0.72271466,2025-05-24 09:00:00+02:00
2025-05-24 08:00:00+00:00,BG.West.270,23.96666666666667,1013.14417,14.267333,76.0,150.88333333333333,1.0579946,2025-05-24 10:00:00+02:00
2025-05-24 09:00:00+00:00,BG.West.270,23.983333333333334,1013.05835,13.4705,81.98333333333333,103.51666666666667,0.5588,2025-05-24 11:00:00+02:00
2025-05-24 10:00:00+00:00,BG.West.270,24.0,1012.53455,13.207833,84.0,114.05,0.46194133,2025-05-24 12:00:00+02:00
2025-05-24 11:00:00+00:00,BG.West.270,24.0,1012.0836,12.765333,85.06666666666666,62.083333333333336,0.871728,2025-05-24 13:00:00+02:00
2025-05-24 12:00:00+00:00,BG.West.270,23.96666666666667,1011.6942,12.677833,85.96666666666667,48.083333333333336,0.54389864,2025-05-24 14:00:00+02:00
2025-05-24 13:00:00+00:00,BG.West.270,23.95,1011.46844,13.142834,86.0,42.5,0.0,2025-05-24 15:00:00+02:00
2025-05-24 14:00:00+00:00,BG.West.270,23.96666666666667,1011.16534,14.1335,86.31666666666666,30.083333333333332,0.0,2025-05-24 16:00:00+02:00
2025-05-24 15:00:00+00:00,BG.West.270,23.96666666666667,1010.8431,15.042001,86.01666666666667,66.78333333333333,0.0,2025-05-24 17:00:00+02:00
2025-05-24 16:00:00+00:00,BG.West.270,24.0,1010.8549,15.613667,86.0,77.76666666666667,0.34273064,2025-05-24 18:00:00+02:00
2025-05-24 17:00:00+00:00,BG.West.270,24.0,1010.6613,15.921666,85.58333333333333,39.416666666666664,0.37253332,2025-05-24 19:00:00+02:00
2025-05-24 18:00:00+00:00,BG.West.270,24.0,1010.6331,15.661166,85.0,17.816666666666666,0.65565866,2025-05-24 20:00:00+02:00
2025-05-24 19:00:00+00:00,BG.West.270,24.0,1010.74316,15.232667,85.03333333333333,2.3666666666666667,0.53644794,2025-05-24 21:00:00+02:00
2025-05-24 20:00:00+00:00,BG.West.270,23.983333333333334,1010.6856,14.940833,85.96666666666667,0.0,0.65565866,2025-05-24 22:00:00+02:00
2025-05-24 21:00:00+00:00,BG.West.270,23.96666666666667,1010.46606,14.827666,86.0,0.0,0.55134934,2025-05-24 23:00:00+02:00
2025-05-24 22:00:00+00:00,BG.West.270,23.96666666666667,1010.334,14.7325,86.0,0.0,0.58115196,2025-05-25 00:00:00+02:00
2025-05-24 23:00:00+00:00,BG.West.270,23.96666666666667,1010.21716,14.646,86.0,0.0,0.9909386,2025-05-25 01:00:00+02:00
2025-05-25 00:00:00+00:00,BG.West.270,23.933333333333334,1009.7301,14.4165,86.0,0.0,1.139952,2025-05-25 02:00:00+02:00
2025-05-25 01:00:00+00:00,BG.West.270,23.933333333333334,1009.09174,14.587,86.0,0.0,0.85682666,2025-05-25 03:00:00+02:00
2025-05-25 02:00:00+00:00,BG.West.270,23.933333333333334,1008.406,14.977666,85.36666666666666,0.0,1.2368107,2025-05-25 04:00:00+02:00
2025-05-25 03:00:00+00:00,BG.West.270,23.96666666666667,1008.0352,15.054334,83.33333333333333,0.0,1.7211039,2025-05-25 05:00:00+02:00
2025-05-25 04:00:00+00:00,BG.West.270,23.899999999999995,1008.0188,14.322666,84.93333333333334,6.433333333333334,1.6018933,2025-05-25 06:00:00+02:00
2025-05-25 05:00:00+00:00,BG.West.270,23.933333333333334,1007.78235,14.210833,86.0,17.733333333333334,0.9760373,2025-05-25 07:00:00+02:00
2025-05-25 06:00:00+00:00,BG.West.270,23.933333333333334,1007.6384,14.2475,86.21666666666667,20.133333333333333,0.53644794,2025-05-25 08:00:00+02:00
2025-05-25 07:00:00+00:00,BG.West.270,23.933333333333334,1007.58875,14.435166,86.45,72.83333333333333,0.11176,2025-05-25 09:00:00+02:00
2025-05-25 08:00:00+00:00,BG.West.270,23.916666666666668,1007.4646,14.880167,85.9,96.08333333333333,1.6242453,2025-05-25 10:00:00+02:00
2025-05-25 09:00:00+00:00,BG.West.270,23.88333333333333,1007.38104,15.801666,81.9,211.41666666666666,1.7136533,2025-05-25 11:00:00+02:00
2025-05-25 10:00:00+00:00,BG.West.270,23.88333333333333,1007.7965,16.829334,78.48333333333333,291.6666666666667,1.8924693,2025-05-25 12:00:00+02:00
2025-05-25 11:00:00+00:00,BG.West.270,23.899999999999995,1008.11755,17.708668,74.51666666666667,581.8333333333334,1.385824,2025-05-25 13:00:00+02:00
2025-05-25 12:00:00+00:00,BG.West.270,23.939999999999998,1008.26044,17.747166,72.9,298.4,1.3709226,2025-05-25 14:00:00+02:00
2025-05-25 13:00:00+00:00,BG.West.270,23.983333333333334,1008.5759,17.8375,73.16666666666667,351.65,1.5795413,2025-05-25 15:00:00+02:00
2025-05-25 14:00:00+00:00,BG.West.270,23.983333333333334,1008.9958,17.631834,72.91666666666667,258.68333333333334,1.6614987,2025-05-25 16:00:00+02:00
2025-05-25 15:00:00+00:00,BG.West.270,24.05,1009.7374,17.117334,72.38333333333334,332.3666666666667,1.430528,2025-05-25 17:00:00+02:00
2025-05-25 16:00:00+00:00,BG.West.270,24.166666666666668,1009.9903,17.316334,71.73333333333333,310.3666666666667,0.54389864,2025-05-25 18:00:00+02:00
2025-05-25 17:00:00+00:00,BG.West.270,24.183333333333334,1010.6061,17.271168,70.73333333333333,187.73333333333332,0.12666133,2025-05-25 19:00:00+02:00
2025-05-25 18:00:00+00:00,BG.West.270,24.166666666666668,1011.00616,17.564833,67.13333333333334,97.13333333333334,0.059605334,2025-05-25 20:00:00+02:00
2025-05-25 19:00:00+00:00,BG.West.270,24.100000000000005,1011.0739,16.172333,70.65,7.566666666666666,0.06705599,2025-05-25 21:00:00+02:00
2025-05-25 20:00:00+00:00,BG.West.270,24.083333333333332,1011.9222,15.359667,75.81666666666666,0.0,0.201168,2025-05-25 22:00:00+02:00
2025-05-25 21:00:00+00:00,BG.West.270,24.05,1012.20953,14.660501,80.08333333333333,0.0,0.28312534,2025-05-25 23:00:00+02:00
2025-05-25 22:00:00+00:00,BG.West.270,24.05,1012.4262,14.512,81.0,0.0,0.17136532,2025-05-26 00:00:00+02:00
2025-05-25 23:00:00+00:00,BG.West.270,23.96666666666667,1012.4877,14.469,80.98333333333333,0.0,0.08195733,2025-05-26 01:00:00+02:00
2025-05-26 00:00:00+00:00,BG.West.270,23.71666666666667,1012.5798,14.487667,78.68333333333334,0.0,0.11176,2025-05-26 02:00:00+02:00
2025-05-26 01:00:00+00:00,BG.West.270,23.666666666666668,1012.9962,14.081333,73.91666666666667,0.0,0.11921067,2025-05-26 03:00:00+02:00
2025-05-26 02:00:00+00:00,BG.West.270,23.583333333333332,1013.28125,13.872833,71.51666666666667,0.0,0.22352,2025-05-26 04:00:00+02:00
2025-05-26 03:00:00+00:00,BG.West.270,23.5,1013.6064,13.505666,72.18333333333334,1.0333333333333334,0.10430933,2025-05-26 05:00:00+02:00
2025-05-26 04:00:00+00:00,BG.West.270,23.433333333333334,1014.0748,13.2445,74.8,23.816666666666666,0.23842134,2025-05-26 06:00:00+02:00
2025-05-26 05:00:00+00:00,BG.West.270,23.259999999999998,1014.733,13.556834,74.91666666666667,56.166666666666664,0.44704,2025-05-26 07:00:00+02:00
2025-05-26 06:00:00+00:00,BG.West.270,23.25,1014.8328,13.9625,74.08333333333333,95.56666666666666,0.357632,2025-05-26 08:00:00+02:00
2025-05-26 07:00:00+00:00,BG.West.270,23.316666666666666,1014.8328,14.409333,71.8,113.78333333333333,0.34273064,2025-05-26 09:00:00+02:00
2025-05-26 08:00:00+00:00,BG.West.270,23.599999999999998,1014.8328,14.904166,68.4,175.28333333333333,0.5066453,2025-05-26 10:00:00+02:00
2025-05-26 09:00:00+00:00,BG.West.270,23.933333333333334,1015.29504,15.513834,67.35,255.53333333333333,0.5066453,2025-05-26 11:00:00+02:00
2025-05-26 10:00:00+00:00,BG.West.270,24.0,1016.6953,16.174334,60.78333333333333,660.0666666666667,0.961136,2025-05-26 12:00:00+02:00
2025-05-26 11:00:00+00:00,BG.West.270,24.516666666666666,1016.8223,17.063833,53.416666666666664,814.3166666666667,1.00584,2025-05-26 13:00:00+02:00
2025-05-26 12:00:00+00:00,BG.West.270,24.150000000000002,1016.8646,17.573334,52.916666666666664,822.2833333333333,1.2219093,2025-05-26 14:00:00+02:00
2025-05-26 13:00:00+00:00,BG.West.270,24.066666666666666,1016.77094,17.779167,55.06666666666667,697.6,1.207008,2025-05-26 15:00:00+02:00
2025-05-26 14:00:00+00:00,BG.West.270,24.066666666666666,1016.73254,17.46,56.11666666666667,442.9,1.3038667,2025-05-26 16:00:00+02:00
2025-05-26 15:00:00+00:00,BG.West.270,24.433333333333334,1016.7111,17.637333,53.06666666666667,413.21666666666664,1.743456,2025-05-26 17:00:00+02:00
2025-05-26 16:00:00+00:00,BG.West.270,24.46666666666667,1016.37585,17.220499,53.45,229.25,1.7062027,2025-05-26 18:00:00+02:00
2025-05-26 17:00:00+00:00,BG.West.270,24.066666666666666,1016.24493,16.483667,57.68333333333333,127.01666666666667,1.7285546,2025-05-26 19:00:00+02:00
2025-05-26 18:00:00+00:00,BG.West.270,23.733333333333334,1016.1383,16.008,60.75,28.283333333333335,1.8179626,2025-05-26 20:00:00+02:00
2025-05-26 19:00:00+00:00,BG.West.270,23.666666666666668,1016.06323,15.550833,63.31666666666667,4.133333333333334,1.832864,2025-05-26 21:00:00+02:00
2025-05-26 20:00:00+00:00,BG.West.270,23.566666666666666,1015.92664,15.3995,63.8,0.0,1.8552159,2025-05-26 22:00:00+02:00
2025-05-26 21:00:00+00:00,BG.West.270,23.46666666666667,1015.7144,15.171334,64.73333333333333,0.0,1.2517121,2025-05-26 23:00:00+02:00
2025-05-26 22:00:00+00:00,BG.West.270,23.583333333333332,1015.2504,14.9210005,66.51666666666667,0.0,1.7583574,2025-05-27 00:00:00+02:00
2025-05-26 23:00:00+00:00,BG.West.270,23.68,1014.9451,14.0945,73.51666666666667,0.0,1.5348374,2025-05-27 01:00:00+02:00
2025-05-27 00:00:00+00:00,BG.West.270,23.600000000000005,1014.567,13.043333,80.55,0.0,0.9909386,2025-05-27 02:00:00+02:00
2025-05-27 01:00:00+00:00,BG.West.270,23.52857142857143,1013.95514,13.088166,79.4,0.0,0.9685867,2025-05-27 03:00:00+02:00
2025-05-27 02:00:00+00:00,BG.West.270,23.419999999999998,1013.2237,13.557,78.81666666666666,0.0,1.1995574,2025-05-27 04:00:00+02:00
2025-05-27 03:00:00+00:00,BG.West.270,23.416666666666668,1012.7801,13.966833,78.0,0.0,1.609344,2025-05-27 05:00:00+02:00
2025-05-27 04:00:00+00:00,BG.West.270,23.38333333333333,1012.4872,14.166834,78.05,8.333333333333334,1.5795413,2025-05-27 06:00:00+02:00
2025-05-27 05:00:00+00:00,BG.West.270,23.45,1012.83655,13.329166,83.26666666666667,20.166666666666668,1.2666132,2025-05-27 07:00:00+02:00
2025-05-27 06:00:00+00:00,BG.West.270,23.266666666666666,1012.98267,13.288,85.33333333333333,45.75,1.2591627,2025-05-27 08:00:00+02:00
2025-05-27 07:00:00+00:00,BG.West.270,23.349999999999998,1013.30444,13.564,86.0,81.25,1.184656,2025-05-27 09:00:00+02:00
2025-05-27 08:00:00+00:00,BG.West.270,23.633333333333336,1013.5573,14.112834,86.0,160.91666666666666,0.73761594,2025-05-27 10:00:00+02:00
2025-05-27 09:00:00+00:00,BG.West.270,23.95,1013.78754,15.386834,84.45,225.83333333333334,1.1176,2025-05-27 11:00:00+02:00
2025-05-27 10:00:00+00:00,BG.West.270,24.21666666666667,1013.8694,16.341,77.73333333333333,293.9166666666667,1.1026987,2025-05-27 12:00:00+02:00
2025-05-27 11:00:00+00:00,BG.West.270,24.21666666666667,1013.94446,17.214834,70.6,422.21666666666664,1.1548533,2025-05-27 13:00:00+02:00
2025-05-27 13:00:00+00:00,BG.West.270,24.383333333333336,1014.0827,16.479334,74.21666666666667,132.4,1.6242453,2025-05-27 15:00:00+02:00
2025-05-27 14:00:00+00:00,BG.West.270,24.099999999999998,1013.61365,13.8705,79.11666666666666,77.21666666666667,0.93133336,2025-05-27 16:00:00+02:00
2025-05-27 15:00:00+00:00,BG.West.270,23.866666666666664,1012.1361,12.811334,84.66666666666667,33.43333333333333,0.052154664,2025-05-27 17:00:00+02:00
2025-05-27 16:00:00+00:00,BG.West.270,24.080000000000002,1011.48364,14.052334,86.0,15.116666666666667,0.7003626,2025-05-27 18:00:00+02:00
2025-05-27 17:00:00+00:00,BG.West.270,24.0,1011.23865,14.928333,86.0,22.95,1.4752319,2025-05-27 19:00:00+02:00
2025-05-27 18:00:00+00:00,BG.West.270,23.766666666666666,1010.9244,14.752833,86.0,7.85,0.9909386,2025-05-27 20:00:00+02:00
2025-05-27 19:00:00+00:00,BG.West.270,23.8,1010.8707,14.764001,86.0,0.0,1.6913013,2025-05-27 21:00:00+02:00
2025-05-27 20:00:00+00:00,BG.West.270,23.866666666666664,1011.05817,14.894167,85.43333333333334,0.0,1.7285546,2025-05-27 22:00:00+02:00
2025-05-27 21:00:00+00:00,BG.West.270,23.733333333333334,1010.952,14.9175,85.0,0.0,1.89992,2025-05-27 23:00:00+02:00
2025-05-27 23:00:00+00:00,BG.West.270,23.849999999999998,1010.55133,15.045,85.0,0.0,1.6913013,2025-05-28 01:00:00+02:00
2025-05-28 00:00:00+00:00,BG.West.270,23.683333333333334,1010.4643,15.050501,85.0,0.0,1.4826827,2025-05-28 02:00:00+02:00
2025-05-28 01:00:00+00:00,BG.West.270,23.650000000000002,1010.4288,15.106334,85.0,0.0,1.7360053,2025-05-28 03:00:00+02:00
2025-05-28 02:00:00+00:00,BG.West.270,23.666666666666668,1010.28937,15.0615,85.0,0.0,1.3113173,2025-05-28 04:00:00+02:00
2025-05-28 03:00:00+00:00,BG.West.270,23.633333333333336,1010.4389,15.138834,85.0,0.0,1.1026987,2025-05-28 05:00:00+02:00
2025-05-28 04:00:00+00:00,BG.West.270,23.683333333333334,1010.4982,15.181667,85.0,10.916666666666666,0.81957334,2025-05-28 06:00:00+02:00
2025-05-28 05:00:00+00:00,BG.West.270,23.766666666666666,1010.4982,15.205999,85.0,29.966666666666665,0.75251734,2025-05-28 07:00:00+02:00
2025-05-28 06:00:00+00:00,BG.West.270,23.666666666666668,1010.4982,15.483834,84.46666666666667,63.65,0.804672,2025-05-28 08:00:00+02:00
2025-05-28 07:00:00+00:00,BG.West.270,23.683333333333334,1010.4982,15.656833,83.43333333333334,79.15,0.94623464,2025-05-28 09:00:00+02:00
2025-05-28 08:00:00+00:00,BG.West.270,23.616666666666664,1010.4982,16.289667,81.38333333333334,183.08333333333334,1.0877973,2025-05-28 10:00:00+02:00
2025-05-28 09:00:00+00:00,BG.West.270,23.759999999999998,1010.4982,16.780832,78.15,206.6,1.2368107,2025-05-28 11:00:00+02:00
2025-05-28 10:00:00+00:00,BG.West.270,23.7,1010.4982,17.0065,75.21666666666667,277.3833333333333,1.4156266,2025-05-28 12:00:00+02:00
2025-05-28 11:00:00+00:00,BG.West.270,23.75,1011.07166,17.631166,71.35,337.5,1.4826827,2025-05-28 13:00:00+02:00
2025-05-28 12:00:00+00:00,BG.West.270,23.833333333333332,1013.6137,16.407667,75.88333333333334,260.1333333333333,0.961136,2025-05-28 14:00:00+02:00
2025-05-28 13:00:00+00:00,BG.West.270,23.8,1013.6137,16.153666,77.81666666666666,346.3833333333333,0.42468798,2025-05-28 15:00:00+02:00
2025-05-28 14:00:00+00:00,BG.West.270,23.8,1013.6137,16.993168,70.28333333333333,424.8666666666667,0.379984,2025-05-28 16:00:00+02:00
2025-05-28 15:00:00+00:00,BG.West.270,23.96666666666667,1013.6137,16.927668,68.11666666666666,483.06666666666666,0.581152,2025-05-28 17:00:00+02:00
2025-05-28 16:00:00+00:00,BG.West.270,24.133333333333336,1013.6137,17.275167,64.05,416.4166666666667,0.14901333,2025-05-28 18:00:00+02:00
2025-05-28 17:00:00+00:00,BG.West.270,23.866666666666664,1013.6137,16.847,63.05,220.7,0.08195733,2025-05-28 19:00:00+02:00
2025-05-28 18:00:00+00:00,BG.West.270,23.816666666666666,1013.6137,15.727334,68.43333333333334,101.08333333333333,0.022352,2025-05-28 20:00:00+02:00
2025-05-28 19:00:00+00:00,BG.West.270,23.7,1013.6137,14.384667,72.41666666666667,9.466666666666667,0.0,2025-05-28 21:00:00+02:00
2025-05-28 20:00:00+00:00,BG.West.270,23.61666666666667,1013.6137,13.460834,78.3,0.0,0.0,2025-05-28 22:00:00+02:00
2025-05-28 21:00:00+00:00,BG.West.270,23.600000000000005,1018.3614,12.712333,82.21666666666667,0.0,0.0,2025-05-28 23:00:00+02:00
2025-05-28 22:00:00+00:00,BG.West.270,23.866666666666664,1021.54517,12.022,84.35,0.0,0.0,2025-05-29 00:00:00+02:00
2025-05-28 23:00:00+00:00,BG.West.270,24.099999999999998,1021.40857,11.6068325,85.0,0.0,0.0,2025-05-29 01:00:00+02:00
2025-05-29 00:00:00+00:00,BG.West.270,23.900000000000002,1021.4498,11.2895,85.96666666666667,0.0,0.0,2025-05-29 02:00:00+02:00
2025-05-29 01:00:00+00:00,BG.West.270,23.833333333333332,1021.1066,11.439166,86.0,0.0,0.0,2025-05-29 03:00:00+02:00
2025-05-29 02:00:00+00:00,BG.West.270,23.816666666666666,1021.2274,11.7305,86.0,0.0,0.0,2025-05-29 04:00:00+02:00
2025-05-29 03:00:00+00:00,BG.West.270,23.84,1021.12305,11.987166,86.0,0.3333333333333333,0.0,2025-05-29 05:00:00+02:00
2025-05-29 04:00:00+00:00,BG.West.270,23.866666666666664,1020.5987,12.6895,86.0,16.016666666666666,0.0,2025-05-29 06:00:00+02:00
2025-05-29 05:00:00+00:00,BG.West.270,24.066666666666666,1020.5942,13.366834,86.0,30.516666666666666,0.0,2025-05-29 07:00:00+02:00
2025-05-29 06:00:00+00:00,BG.West.270,23.75,1020.7211,14.061,86.0,42.6,0.06705599,2025-05-29 08:00:00+02:00
2025-05-29 07:00:00+00:00,BG.West.270,23.71666666666667,1020.7443,14.409834,86.0,82.81666666666666,0.06705599,2025-05-29 09:00:00+02:00
2025-05-29 08:00:00+00:00,BG.West.270,23.7,1020.42487,14.606167,86.0,107.26666666666667,0.32037866,2025-05-29 10:00:00+02:00
2025-05-29 09:00:00+00:00,BG.West.270,23.7,1020.2177,14.946667,84.76666666666667,129.33333333333334,0.36508268,2025-05-29 11:00:00+02:00
2025-05-29 10:00:00+00:00,BG.West.270,23.71666666666667,1019.839,15.571,80.61666666666666,132.6,1.0356426,2025-05-29 12:00:00+02:00
2025-05-29 11:00:00+00:00,BG.West.270,23.733333333333334,1019.8108,16.527834,77.23333333333333,151.81666666666666,1.2219093,2025-05-29 13:00:00+02:00
2025-05-29 12:00:00+00:00,BG.West.270,23.816666666666666,1019.4981,17.447666,77.88333333333334,211.18333333333334,1.095248,2025-05-29 14:00:00+02:00
2025-05-29 13:00:00+00:00,BG.West.270,23.866666666666664,1018.8925,18.219168,78.7,265.71666666666664,1.5571893,2025-05-29 15:00:00+02:00
2025-05-29 14:00:00+00:00,BG.West.270,24.066666666666666,1018.45624,19.650667,76.2,358.96666666666664,1.8105121,2025-05-29 16:00:00+02:00
2025-05-29 18:00:00+00:00,BG.West.270,24.05,1018.1882,17.782331,79.68333333333334,65.28333333333333,1.8552159,2025-05-29 20:00:00+02:00
2025-05-29 19:00:00+00:00,BG.West.270,23.96666666666667,1018.4049,17.055,81.41666666666667,10.216666666666667,1.8105121,2025-05-29 21:00:00+02:00
2025-05-29 20:00:00+00:00,BG.West.270,23.9,1018.65826,16.241833,83.66666666666667,0.0,1.0430933,2025-05-29 22:00:00+02:00
2025-05-29 21:00:00+00:00,BG.West.270,23.866666666666664,1018.94446,16.077333,84.5,0.0,0.804672,2025-05-29 23:00:00+02:00
2025-05-29 22:00:00+00:00,BG.West.270,24.016666666666666,1019.17523,16.166834,84.0,0.0,1.1101493,2025-05-30 00:00:00+02:00
2025-05-29 23:00:00+00:00,BG.West.270,24.2,1019.2109,15.975,84.0,0.0,0.85682666,2025-05-30 01:00:00+02:00
2025-05-30 00:00:00+00:00,BG.West.270,24.116666666666664,1019.2074,15.472334,84.8,0.0,0.61840534,2025-05-30 02:00:00+02:00
2025-05-30 01:00:00+00:00,BG.West.270,24.05,1019.1375,15.066167,85.36666666666666,0.0,0.715264,2025-05-30 03:00:00+02:00
2025-05-30 02:00:00+00:00,BG.West.270,24.03333333333333,1018.99414,14.769834,86.0,0.0,0.692912,2025-05-30 04:00:00+02:00
2025-05-30 03:00:00+00:00,BG.West.270,24.03333333333333,1018.9924,14.4956665,86.01666666666667,0.08333333333333333,0.5737013,2025-05-30 05:00:00+02:00
2025-05-30 04:00:00+00:00,BG.West.270,24.066666666666666,1019.3102,14.421666,87.0,11.15,0.25332266,2025-05-30 06:00:00+02:00
2025-05-30 05:00:00+00:00,BG.West.270,24.133333333333336,1019.5878,14.348001,87.0,30.75,0.26822397,2025-05-30 07:00:00+02:00
2025-05-30 06:00:00+00:00,BG.West.270,23.883333333333336,1019.67535,14.491,87.0,50.916666666666664,0.15646401,2025-05-30 08:00:00+02:00
2025-05-30 07:00:00+00:00,BG.West.270,23.816666666666666,1020.1291,14.855166,87.0,97.31666666666666,0.46194133,2025-05-30 09:00:00+02:00
2025-05-30 08:00:00+00:00,BG.West.270,23.88333333333333,1020.24646,15.6825,86.38333333333334,171.4,0.5066453,2025-05-30 10:00:00+02:00
2025-05-30 09:00:00+00:00,BG.West.270,23.95,1020.26794,16.354834,84.43333333333334,177.8,0.41723734,2025-05-30 11:00:00+02:00
2025-05-30 10:00:00+00:00,BG.West.270,24.03333333333333,1019.983,17.609667,81.18333333333334,408.95,0.581152,2025-05-30 12:00:00+02:00
2025-05-30 11:00:00+00:00,BG.West.270,24.150000000000002,1019.8469,19.594334,73.56666666666666,834.5,1.0877973,2025-05-30 13:00:00+02:00
2025-05-30 12:00:00+00:00,BG.West.270,24.2,1019.57996,20.252834,69.68333333333334,810.8666666666667,1.4379786,2025-05-30 14:00:00+02:00
2025-05-30 13:00:00+00:00,BG.West.270,24.366666666666664,1019.4338,20.4955,68.45,755.0,1.2368107,2025-05-30 15:00:00+02:00
2025-05-30 14:00:00+00:00,BG.West.270,24.52,1019.3383,20.664667,67.1,663.2833333333333,1.2591627,2025-05-30 16:00:00+02:00
2025-05-30 15:00:00+00:00,BG.West.270,24.600000000000005,1019.3017,20.810833,66.73333333333333,539.5,1.0207413,2025-05-30 17:00:00+02:00
2025-05-30 16:00:00+00:00,BG.West.270,24.5,1019.21765,20.402668,67.0,392.76666666666665,0.81212264,2025-05-30 18:00:00+02:00
2025-05-30 17:00:00+00:00,BG.West.270,24.38333333333333,1018.9631,19.973835,66.68333333333334,181.5,0.34273064,2025-05-30 19:00:00+02:00
2025-05-30 18:00:00+00:00,BG.West.270,24.349999999999998,1018.81177,19.176167,70.71666666666667,97.46666666666667,0.08195733,2025-05-30 20:00:00+02:00
2025-05-30 19:00:00+00:00,BG.West.270,24.3,1018.726,17.897833,75.05,12.516666666666667,0.0149013335,2025-05-30 21:00:00+02:00
2025-05-30 20:00:00+00:00,BG.West.270,24.25,1018.7841,16.51,79.83333333333333,0.0,0.0,2025-05-30 22:00:00+02:00
2025-05-30 21:00:00+00:00,BG.West.270,24.183333333333334,1018.8135,15.236166,83.11666666666666,0.0,0.0,2025-05-30 23:00:00+02:00
2025-05-30 22:00:00+00:00,BG.West.270,24.28333333333333,1018.6594,14.559,84.46666666666667,0.0,0.0,2025-05-31 00:00:00+02:00
2025-05-30 23:00:00+00:00,BG.West.270,24.516666666666666,1018.68036,13.995167,85.35,0.0,0.0,2025-05-31 01:00:00+02:00
2025-05-31 00:00:00+00:00,BG.West.270,24.600000000000005,1018.62213,13.5775,86.0,0.0,0.0,2025-05-31 02:00:00+02:00
2025-05-31 01:00:00+00:00,BG.West.270,24.600000000000005,1018.6007,13.2825,86.18333333333334,0.0,0.0,2025-05-31 03:00:00+02:00
2025-05-31 02:00:00+00:00,BG.West.270,24.666666666666668,1018.3434,13.382334,87.0,0.0,0.0,2025-05-31 04:00:00+02:00
2025-05-31 03:00:00+00:00,BG.West.270,24.7,1018.12665,13.4845,87.0,2.2666666666666666,0.0,2025-05-31 05:00:00+02:00
2025-05-31 04:00:00+00:00,BG.West.270,24.7,1017.972,13.647666,87.0,25.983333333333334,0.0,2025-05-31 06:00:00+02:00
2025-05-31 05:00:00+00:00,BG.West.270,24.7,1018.0696,14.663,87.0,39.36666666666667,0.0,2025-05-31 07:00:00+02:00
2025-05-31 06:00:00+00:00,BG.West.270,24.7,1018.0194,16.134333,86.5,133.68333333333334,0.0,2025-05-31 08:00:00+02:00
2025-05-31 07:00:00+00:00,BG.West.270,24.7,1018.04987,17.960167,83.28333333333333,142.45,0.0,2025-05-31 09:00:00+02:00
2025-05-31 08:00:00+00:00,BG.West.270,24.8,1018.04987,19.836832,76.58333333333333,246.16666666666666,0.029802667,2025-05-31 10:00:00+02:00
2025-05-31 09:00:00+00:00,BG.West.270,24.849999999999998,1017.7112,21.056166,72.6,292.21666666666664,0.059605334,2025-05-31 11:00:00+02:00
2025-05-31 10:00:00+00:00,BG.West.270,24.95,1017.5103,22.642668,65.95,507.06666666666666,0.052154664,2025-05-31 12:00:00+02:00
2025-05-31 11:00:00+00:00,BG.West.270,25.03333333333333,1017.08246,24.292,56.38333333333333,725.9166666666666,0.052154668,2025-05-31 13:00:00+02:00
2025-05-31 12:00:00+00:00,BG.West.270,25.133333333333336,1016.8816,25.088833,53.7,801.4,0.12666133,2025-05-31 14:00:00+02:00
2025-05-31 13:00:00+00:00,BG.West.270,25.21666666666667,1016.38715,25.648998,51.63333333333333,714.3333333333334,0.13411199,2025-05-31 15:00:00+02:00
2025-05-31 14:00:00+00:00,BG.West.270,25.349999999999998,1015.64557,25.345667,50.2,604.2833333333333,0.11176,2025-05-31 16:00:00+02:00
2025-05-31 15:00:00+00:00,BG.West.270,25.416666666666668,1015.18616,25.637333,54.1,506.2,0.178816,2025-05-31 17:00:00+02:00
2025-05-31 16:00:00+00:00,BG.West.270,25.416666666666668,1014.9203,24.827833,54.666666666666664,253.76666666666668,0.11921067,2025-05-31 18:00:00+02:00
2025-05-31 17:00:00+00:00,BG.West.270,25.366666666666664,1014.46655,23.355165,60.483333333333334,127.55,0.059605334,2025-05-31 19:00:00+02:00
2025-05-31 18:00:00+00:00,BG.West.270,25.333333333333332,1014.1476,21.983166,62.36666666666667,46.65,0.0074506667,2025-05-31 20:00:00+02:00
2025-05-31 19:00:00+00:00,BG.West.270,25.316666666666666,1014.2498,21.247334,61.11666666666667,5.716666666666667,0.0,2025-05-31 21:00:00+02:00
2025-05-31 20:00:00+00:00,BG.West.270,25.349999999999998,1014.25714,20.834167,59.86666666666667,0.0,0.0,2025-05-31 22:00:00+02:00
2025-05-31 21:00:00+00:00,BG.West.270,25.333333333333332,1014.25714,20.279501,64.56666666666666,0.0,0.0,2025-05-31 23:00:00+02:00
2025-05-31 22:00:00+00:00,BG.West.270,25.349999999999998,1014.25714,19.3955,65.91666666666667,0.0,0.06705599,2025-06-01 00:00:00+02:00
2025-05-31 23:00:00+00:00,BG.West.270,25.38333333333333,1014.25714,18.468166,69.18333333333334,0.0,0.12666133,2025-06-01 01:00:00+02:00
